,,,," 47,704,781 ", -   ," 3,975,351 "," 10,462,976 "," 28,872,672 "," 20,986,071 "," 8,356,947 "," 22,420,698 "," 15,363,218 "," 27,092,138 "," 882,066 ", -   , -   , -   ,," 32,756,543 "," 33,699,770 ",,,
Location,,,,Populaton,, Clusters' PiN (Number) , -   , -   , -   , -   , -   , -   , -   ,,,,,,,,,,
 Admin 1 , Admin 1 P-Code , Admin 2 , Admin 2 P-Code , Total Population , Population Group , Site Management  , Education , Food Security and Livlihoods , Health  , Nutrition , Protection , Shelter NFI  , WASH , RCF , GBV , Mine Action , Child Protection ,Severity, Preliminary PiN , Final PiN with refugee , Evidence & Comments ,,
Khartoum,SD01,Jebel Awlia,SD01001," 20,152 ", IDPs , -   ," 4,383 "," 10,195 "," 15,497 "," 3,406 "," 10,076 "," 4,836 "," 15,497 ", -   ,,,,4," 15,497 "," 15,497 ", Yes ,,
Khartoum,SD01,Um Bada,SD01002," 49,846 ", IDPs , -   ," 8,649 "," 34,110 "," 38,332 "," 8,424 "," 24,574 ", -   ," 44,861 ", -   ,,,,3," 44,861 "," 44,861 ", No ,,
Khartoum,SD01,Bahri,SD01003," 25,227 ", IDPs , -   ," 3,445 "," 14,826 "," 11,260 "," 4,263 "," 12,104 "," 6,307 "," 14,826 ", -   ,,,,3," 14,826 "," 14,826 ", Yes ,,
Khartoum,SD01,Sharg An Neel,SD01004," 28,213 ", IDPs , -   ," 5,773 "," 13,678 "," 21,696 "," 4,768 "," 8,464 "," 8,549 "," 21,696 ", -   ,,,,3," 21,696 "," 21,696 ", Yes ,,
Khartoum,SD01,Karrari,SD01005," 120,392 ", IDPs , -   ," 20,691 "," 71,994 "," 96,314 "," 20,346 "," 57,741 "," 24,455 "," 96,314 ", -   ,,,,4," 96,314 "," 96,314 ", Yes ,,
Khartoum,SD01,Um Durman,SD01006," 68,892 ", IDPs , -   ," 12,191 "," 31,366 "," 55,114 "," 11,642 "," 33,807 ", -   ," 55,114 ", -   ,,,,4," 55,114 "," 55,114 ", Yes ,,
Khartoum,SD01,Khartoum,SD01007," 6,466 ", IDPs , -   ," 1,226 "," 1,872 "," 4,429 "," 1,093 "," 3,233 "," 1,990 "," 4,429 ", -   ,,,,4," 4,429 "," 4,429 ", Yes ,,
North Darfur,SD02,Dar As Salam,SD02113," 239,339 ", IDPs ," 167,537 "," 86,943 "," 215,405 "," 147,193 "," 44,680 "," 166,983 "," 211,466 "," 215,405 ", -   ,,,,4," 215,405 "," 215,405 ", Yes ,,
North Darfur,SD02,Al Fasher,SD02114," 210,304 ", IDPs ," 147,213 "," 82,421 "," 189,274 "," 156,056 "," 39,260 "," 188,171 "," 189,273 "," 189,274 ", -   ,,,,5," 189,274 "," 206,506 ", Yes ,,
North Darfur,SD02,Al Koma,SD02116," 49,440 ", IDPs ," 34,608 "," 18,066 "," 44,496 "," 39,552 "," 9,230 "," 34,608 "," 29,178 "," 44,496 ", -   ,,,,4," 44,496 "," 44,496 ", Yes ,,
North Darfur,SD02,Al Malha,SD02117," 100,555 ", IDPs ," 50,278 "," 35,986 "," 90,500 "," 24,133 "," 18,772 "," 50,072 "," 89,908 "," 90,500 ", -   ,,,,4," 90,500 "," 90,500 ", Yes ,,
North Darfur,SD02,As Serief,SD02118," 20,467 ", IDPs , -   ," 7,876 "," 18,420 "," 4,912 "," 3,821 "," 14,327 "," 13,918 "," 18,420 ", -   ,,,,4," 18,420 "," 18,420 ", Yes ,,
North Darfur,SD02,At Tawisha,SD02119," 2,976 ", IDPs ," 2,083 "," 1,209 "," 2,678 ", 714 , 555 ," 2,083 "," 1,984 "," 2,678 ", -   ,,,,4," 2,678 "," 2,678 ", Yes ,,
North Darfur,SD02,Um Baru,SD02120," 16,162 ", IDPs ," 11,313 "," 6,402 "," 14,546 "," 3,879 "," 3,017 "," 8,081 "," 13,199 "," 14,546 ", -   ,,,,4," 14,546 "," 14,546 ", Yes ,,
North Darfur,SD02,Kebkabiya,SD02124," 102,446 ", IDPs ," 71,712 "," 32,569 "," 92,201 "," 71,179 "," 19,125 "," 91,533 "," 65,512 "," 92,201 ", -   ,,,,4," 92,201 "," 92,201 ", Yes ,,
North Darfur,SD02,Kelemando,SD02126," 21,337 ", IDPs ," 14,936 "," 6,388 "," 17,944 "," 5,121 "," 3,983 "," 14,936 "," 19,203 "," 19,203 ", -   ,,,,4," 19,203 "," 19,203 ", No ,,
North Darfur,SD02,Kutum,SD02128," 203,090 ", IDPs ," 142,163 "," 78,304 "," 180,527 "," 48,742 "," 37,913 "," 179,970 "," 182,781 "," 182,781 ", -   ,,,,4," 182,781 "," 182,781 ", No ,,
North Darfur,SD02,Melit,SD02129," 60,506 ", IDPs ," 42,354 "," 22,321 "," 54,455 "," 14,521 "," 11,295 "," 42,354 "," 54,455 "," 54,455 ", -   ,,,,5," 54,455 "," 56,416 ", Yes ,,
North Darfur,SD02,Saraf Omra,SD02133," 80,382 ", IDPs ," 56,267 "," 18,491 "," 72,344 "," 19,292 "," 15,006 "," 56,267 "," 72,343 "," 72,344 ", -   ,,,,4," 72,344 "," 72,344 ", Yes ,,
North Darfur,SD02,Um Kadadah,SD02136," 43,625 ", IDPs ," 30,538 "," 18,996 "," 39,263 "," 26,829 "," 8,144 "," 30,064 "," 22,540 "," 39,263 ", -   ,,,,5," 39,263 "," 43,625 ", Yes ,,
North Darfur,SD02,Kernoi,SD02168," 2,800 ", IDPs , -   ," 1,098 "," 2,520 ", 672 , 523 ," 1,400 "," 1,633 "," 2,520 ", -   ,,,,4," 2,520 "," 2,520 ", Yes ,,
North Darfur,SD02,Al Lait,SD02169," 17,486 ", IDPs , -   ," 6,764 "," 15,737 "," 12,975 "," 3,264 "," 8,743 "," 15,737 "," 15,737 ", -   ,,,,4," 15,737 "," 15,737 ", Yes ,,
North Darfur,SD02,Tawila,SD02170," 572,744 ", IDPs ," 400,921 "," 142,977 "," 484,656 "," 458,195 "," 106,922 "," 510,031 "," 515,469 "," 515,470 ", -   ,,,,5," 515,470 "," 515,470 ", Yes ,,
North Darfur,SD02,At Tina,SD02171," 6,145 ", IDPs , -   , 41 ," 3,318 "," 1,475 "," 1,147 "," 2,348 "," 5,530 "," 5,531 ", -   ,,,,3," 5,531 "," 5,531 ", Yes ,,
South Darfur,SD03,Al Radoum,SD03141," 37,790 ", IDPs , -   ," 9,518 "," 33,441 "," 9,070 "," 7,055 "," 18,715 ", -   ," 34,011 ", -   ,,,,3," 34,011 "," 34,011 ", No ,,
South Darfur,SD03,Ed Al Fursan,SD03143," 33,661 ", IDPs , -   ," 10,662 "," 24,004 "," 24,004 "," 6,284 "," 16,831 "," 8,415 "," 24,004 ", -   ,,,,3," 24,004 "," 24,004 ", Yes ,,
South Darfur,SD03,Kas,SD03144," 154,100 ", IDPs ," 107,870 "," 38,994 "," 122,818 "," 94,772 "," 28,768 "," 107,024 "," 135,608 "," 138,690 ", -   ,,,,4," 138,690 "," 138,690 ", No ,,
South Darfur,SD03,Mershing,SD03145," 81,260 ", IDPs ," 56,882 "," 24,972 "," 65,008 "," 65,008 "," 15,170 "," 40,630 "," 59,272 "," 65,008 ", -   ,,,,4," 65,008 "," 65,008 ", Yes ,,
South Darfur,SD03,Um Dafoug,SD03146," 3,835 ", IDPs , -   ," 1,503 ", -   , 920 , 716 ," 1,918 "," 1,278 "," 1,918 ", -   ,,,,3," 1,918 "," 1,918 ", Yes ,,
South Darfur,SD03,Sharg Aj Jabal,SD03147," 45,850 ", IDPs , -   ," 7,449 "," 41,265 "," 34,023 "," 8,559 "," 22,854 "," 9,552 "," 41,265 ", -   ,,,,4," 41,265 "," 41,265 ", Yes ,,
South Darfur,SD03,Tulus,SD03149," 21,150 ", IDPs , -   ," 3,891 "," 17,216 ", -   ," 3,949 "," 10,575 "," 19,035 "," 19,035 ", -   ,,,,3," 19,035 "," 19,035 ", No ,,
South Darfur,SD03,Al Wihda,SD03150," 7,475 ", IDPs ," 5,233 "," 2,271 "," 6,728 "," 1,794 "," 1,345 "," 3,738 "," 6,061 "," 6,728 ", -   ,,,,4," 6,728 "," 6,728 ", Yes ,,
South Darfur,SD03,Nitega,SD03151," 29,005 ", IDPs ," 20,304 "," 10,477 "," 26,105 "," 23,204 "," 5,414 "," 14,503 "," 26,104 "," 26,105 ", -   ,,,,4," 26,105 "," 26,105 ", Yes ,,
South Darfur,SD03,Gereida,SD03153," 139,642 ", IDPs ," 69,821 "," 49,841 "," 125,678 "," 33,514 "," 26,068 "," 97,646 "," 125,677 "," 125,678 ", -   ,,,,4," 125,678 "," 125,678 ", Yes ,,
South Darfur,SD03,Shattaya,SD03154," 1,955 ", IDPs ," 1,369 ", 718 ," 1,760 "," 1,564 ", 365 , 978 ," 1,654 "," 1,760 ", -   ,,,,4," 1,760 "," 1,760 ", Yes ,,
South Darfur,SD03,As Sunta,SD03156," 101,130 ", IDPs ," 70,791 "," 17,013 "," 85,961 "," 24,271 "," 18,879 "," 70,371 "," 91,017 "," 91,017 ", -   ,,,,4," 91,017 "," 91,017 ", No ,,
South Darfur,SD03,Kubum,SD03157," 9,090 ", IDPs ," 6,363 "," 3,499 "," 8,181 "," 2,182 "," 1,696 "," 4,545 "," 8,181 "," 8,181 ", -   ,,,,4," 8,181 "," 8,181 ", Yes ,,
South Darfur,SD03,Rehaid Albirdi,SD03158," 30,685 ", IDPs ," 21,480 "," 11,648 "," 21,593 "," 3,682 "," 5,728 "," 21,272 "," 21,387 "," 21,593 ", -   ,,,,4," 21,593 "," 21,593 ", Yes ,,
South Darfur,SD03,Kateila,SD03159," 44,630 ", IDPs , -   ," 12,636 "," 40,167 "," 37,936 "," 8,331 "," 22,315 "," 31,879 "," 40,167 ", -   ,,,,4," 40,167 "," 40,167 ", Yes ,,
South Darfur,SD03,Buram,SD03161," 195,395 ", IDPs , -   ," 36,865 "," 167,493 "," 46,895 "," 36,476 "," 132,704 "," 155,557 "," 167,493 ", -   ,,,,4," 167,493 "," 167,493 ", Yes ,,
South Darfur,SD03,Beliel,SD03162," 473,818 ", IDPs ," 331,673 "," 145,282 "," 388,768 "," 224,419 "," 88,454 "," 329,497 "," 425,317 "," 426,436 ", -   ,,,,4," 426,436 "," 426,436 ", No ,,
South Darfur,SD03,Nyala Shimal,SD03164," 329,427 ", IDPs ," 164,714 "," 101,309 "," 234,454 "," 263,542 "," 61,499 "," 164,714 "," 226,481 "," 296,484 ", -   ,,,,4," 296,484 "," 296,484 ", No ,,
South Darfur,SD03,As Salam - SD,SD03166," 16,250 ", IDPs ," 8,125 "," 6,416 "," 8,370 "," 12,496 "," 3,034 "," 8,125 "," 11,250 "," 14,625 ", -   ,,,,4," 14,625 "," 14,625 ", No ,,
South Darfur,SD03,Nyala Janoub,SD03167," 79,632 ", IDPs , -   ," 26,995 "," 61,468 "," 63,706 "," 14,866 "," 55,549 "," 19,908 "," 63,706 ", -   ,,,,4," 63,706 "," 63,706 ", Yes ,,
South Darfur,SD03,Damso,SD03172," 7,530 ", IDPs , -   , 796 ," 1,279 "," 1,807 "," 1,406 "," 3,765 "," 6,372 "," 6,777 ", -   ,,,,3," 6,777 "," 6,777 ", No ,,
West Darfur,SD04,Beida,SD04111," 3,830 ", IDPs , -   ," 1,099 "," 2,668 ", 919 , 690 ," 1,915 ", 319 ," 3,447 ", -   ,,,,4," 3,447 "," 3,447 ", No ,,
West Darfur,SD04,Ag Geneina,SD04115," 117,670 ", IDPs ," 82,369 "," 25,195 "," 61,306 "," 51,285 "," 21,180 "," 82,192 "," 15,483 "," 105,903 ", -   ,,,,3," 105,903 "," 105,903 ", No ,,
West Darfur,SD04,Foro Baranga,SD04121," 24,550 ", IDPs , -   ," 9,154 "," 16,711 "," 15,098 "," 4,419 "," 12,068 "," 20,622 "," 22,095 ", -   ,,,,4," 22,095 "," 22,095 ", No ,,
West Darfur,SD04,Habila - WD,SD04122," 26,640 ", IDPs , -   ," 5,127 "," 15,401 "," 19,768 "," 4,795 "," 17,599 "," 22,644 "," 23,976 ", -   ,,,,4," 23,976 "," 23,976 ", No ,,
West Darfur,SD04,Jebel Moon,SD04123," 53,980 ", IDPs ," 37,786 "," 14,505 "," 48,582 "," 43,184 "," 9,717 "," 37,213 "," 38,236 "," 48,582 ", -   ,,,,4," 48,582 "," 48,582 ", Yes ,,
West Darfur,SD04,Kereneik,SD04125," 66,625 ", IDPs ," 46,638 "," 16,820 "," 56,825 "," 49,439 "," 11,993 "," 46,638 "," 47,193 "," 56,825 ", -   ,,,,4," 56,825 "," 56,825 ", Yes ,,
West Darfur,SD04,Kulbus,SD04127," 32,172 ", IDPs , -   ," 10,054 ", -   ," 7,721 "," 5,791 "," 16,086 "," 13,221 "," 22,295 ", -   ,,,,4," 22,295 "," 22,295 ", Yes ,,
West Darfur,SD04,Sirba,SD04134," 32,845 ", IDPs , -   ," 7,836 "," 28,365 "," 7,883 "," 5,912 "," 22,711 "," 10,414 "," 28,365 ", -   ,,,,4," 28,365 "," 28,365 ", Yes ,,
East Darfur,SD05,Adila,SD05139," 53,737 ", IDPs ," 26,869 "," 15,985 "," 18,942 ", -   ," 10,032 "," 26,657 "," 16,420 "," 26,869 ", -   ,,,,4," 26,869 "," 26,869 ", Yes ,,
East Darfur,SD05,Abu Jabrah,SD05140," 45,425 ", IDPs , -   ," 13,894 "," 40,883 "," 20,821 "," 8,480 "," 22,389 "," 40,882 "," 40,883 ", -   ,,,,4," 40,883 "," 40,883 ", Yes ,,
East Darfur,SD05,Ad Du'ayn,SD05142," 218,805 ", IDPs ," 153,164 "," 66,577 "," 181,455 "," 100,291 "," 40,847 "," 152,854 "," 185,984 "," 185,984 ", -   ,,,,4," 185,984 "," 185,984 ", Yes ,,
East Darfur,SD05,Shia'ria,SD05148," 203,610 ", IDPs ," 142,527 "," 41,908 "," 169,363 "," 64,308 "," 38,011 "," 98,550 "," 141,557 "," 183,249 ", -   ,,,,4," 183,249 "," 183,249 ", No ,,
East Darfur,SD05,Al Firdous,SD05152," 59,700 ", IDPs ," 41,790 "," 2,061 "," 49,336 "," 50,745 "," 11,145 "," 38,214 "," 17,910 "," 53,730 ", -   ,,,,4," 53,730 "," 53,730 ", No ,,
East Darfur,SD05,Abu Karinka,SD05155," 45,603 ", IDPs , -   ," 14,720 "," 41,043 "," 16,964 "," 8,513 "," 31,922 "," 40,019 "," 41,043 ", -   ,,,,4," 41,043 "," 41,043 ", Yes ,,
East Darfur,SD05,Bahr Al Arab,SD05160," 67,220 ", IDPs , -   ," 20,153 "," 56,337 "," 16,939 "," 12,549 "," 32,309 "," 60,498 "," 60,498 ", -   ,,,,4," 60,498 "," 60,498 ", No ,,
East Darfur,SD05,Assalaya,SD05163," 27,849 ", IDPs , -   ," 8,635 "," 25,064 "," 8,796 "," 5,199 "," 13,925 "," 22,279 "," 25,064 ", -   ,,,,4," 25,064 "," 25,064 ", Yes ,,
East Darfur,SD05,Yassin,SD05165," 81,610 ", IDPs , -   ," 23,516 "," 55,568 "," 20,566 "," 15,235 "," 53,749 "," 60,134 "," 73,449 ", -   ,,,,4," 73,449 "," 73,449 ", No ,,
Central Darfur,SD06,Azum,SD06110," 71,240 ", IDPs ," 49,868 "," 26,770 "," 41,147 "," 56,992 "," 12,823 "," 35,517 "," 63,404 "," 64,116 ", -   ,,,,4," 64,116 "," 64,116 ", No ,,
Central Darfur,SD06,Bendasi,SD06112," 32,320 ", IDPs ," 22,624 "," 11,507 "," 23,529 "," 7,757 "," 5,818 "," 16,160 "," 28,280 "," 29,088 ", -   ,,,,4," 29,088 "," 29,088 ", No ,,
Central Darfur,SD06,Mukjar,SD06130," 28,960 ", IDPs , -   ," 8,260 "," 16,933 "," 6,950 "," 5,213 "," 14,480 "," 26,064 "," 26,064 ", -   ,,,,3," 26,064 "," 26,064 ", Yes ,,
Central Darfur,SD06,Gharb Jabal Marrah,SD06131," 87,478 ", IDPs ," 43,739 "," 32,571 "," 73,779 "," 32,822 "," 15,746 "," 61,235 "," 59,485 "," 78,730 ", -   ,,,,4," 78,730 "," 78,730 ", No ,,
Central Darfur,SD06,Shamal Jabal Marrah,SD06132," 168,242 ", IDPs , -   ," 48,846 "," 107,422 "," 104,142 "," 30,283 "," 83,410 "," 38,696 "," 107,422 ", -   ,,,,4," 107,422 "," 107,422 ", Yes ,,
Central Darfur,SD06,Um Dukhun,SD06135," 68,425 ", IDPs ," 47,898 "," 21,233 "," 34,213 "," 6,955 "," 12,317 "," 33,672 "," 36,351 "," 47,898 ", -   ,,,,4," 47,898 "," 47,898 ", Yes ,,
Central Darfur,SD06,Wadi Salih,SD06137," 86,332 ", IDPs ," 60,432 "," 35,724 "," 64,567 "," 69,066 "," 15,540 "," 54,800 "," 56,961 "," 69,066 ", -   ,,,,4," 69,066 "," 69,066 ", Yes ,,
Central Darfur,SD06,Zalingi,SD06138," 219,137 ", IDPs ," 153,396 "," 74,883 "," 187,275 "," 158,425 "," 39,445 "," 152,850 "," 197,223 "," 197,223 ", -   ,,,,4," 197,223 "," 197,223 ", No ,,
Central Darfur,SD06,Wasat Jabal Marrah,SD06139," 213,623 ", IDPs , -   ," 75,775 "," 189,633 "," 65,796 "," 38,452 "," 105,469 "," 183,716 "," 189,633 ", -   ,,,,4," 189,633 "," 189,633 ", Yes ,,
South Kordofan,SD07,Abu Jubayhah,SD07088," 53,048 ", IDPs , -   ," 19,632 "," 47,743 "," 38,351 "," 9,656 "," 26,514 "," 46,417 "," 47,743 ", -   ,,,,3," 47,743 "," 47,743 ", Yes ,,
South Kordofan,SD07,Talawdi,SD07089," 10,979 ", IDPs , -   ," 1,250 "," 5,352 "," 6,427 "," 1,998 "," 5,490 "," 6,427 "," 6,427 ", -   ,,,,3," 6,427 "," 6,427 ", Yes ,,
South Kordofan,SD07,Abassiya,SD07090," 65,552 ", IDPs ," 45,886 "," 26,168 "," 51,969 "," 31,048 "," 11,932 "," 43,757 "," 58,996 "," 58,997 ", -   ,,,,4," 58,997 "," 58,997 ", Yes ,,
South Kordofan,SD07,Um Durein,SD07091, -   , IDPs , -   , -   , -   , -   , -   , -   , -   , -   , -   ,,,,3, -   , -   , No ,,
South Kordofan,SD07,Ar Rashad,SD07093," 22,379 ", IDPs , -   ," 6,020 "," 17,756 "," 10,600 "," 4,073 "," 10,317 ", -   ," 20,141 ", -   ,,,,3," 20,141 "," 20,141 ", No ,,
South Kordofan,SD07,Al Quoz,SD07094," 8,685 ", IDPs ," 6,080 "," 1,721 "," 7,796 "," 2,084 "," 1,581 "," 6,080 "," 5,790 "," 7,796 ", -   ,,,,4," 7,796 "," 7,796 ", Yes ,,
South Kordofan,SD07,Dilling,SD07095," 42,405 ", IDPs , -   ," 17,731 "," 38,165 "," 10,177 "," 7,719 "," 38,165 "," 28,270 "," 38,165 ", -   ,,,,5," 38,165 "," 41,230 ", Yes ,,
South Kordofan,SD07,Heiban,SD07096, -   , IDPs , -   , -   , -   , -   , -   , -   , -   , -   , -   ,,,,3, -   , -   , No ,,
South Kordofan,SD07,Ar Reif Ash Shargi,SD07097," 37,180 ", IDPs ," 26,026 "," 12,575 "," 33,462 "," 29,744 "," 6,768 "," 24,441 "," 33,462 "," 33,462 ", -   ,,,,4," 33,462 "," 33,462 ", Yes ,,
South Kordofan,SD07,Kadugli,SD07098," 86,095 ", IDPs ," 77,486 "," 31,403 "," 77,486 "," 68,876 "," 15,672 "," 77,035 "," 34,937 "," 77,035 ", -   ,,,,5," 77,486 "," 77,486 ", Yes ,,
South Kordofan,SD07,Al Buram,SD07099, -   , IDPs , -   , -   , -   , -   , -   , -   , -   , -   , -   ,,,,4, -   , -   , No ,,
South Kordofan,SD07,Habila - SK,SD07103," 11,235 ", IDPs ," 7,865 "," 4,736 "," 10,112 "," 8,337 "," 2,045 "," 7,865 "," 10,111 "," 10,112 ", -   ,,,,5," 10,112 "," 11,235 ", Yes ,,
South Kordofan,SD07,Abu Kershola,SD07104," 22,733 ", IDPs ," 15,913 "," 8,428 "," 20,314 "," 16,435 "," 4,138 "," 15,913 "," 13,892 "," 20,314 ", -   ,,,,4," 20,314 "," 20,314 ", Yes ,,
South Kordofan,SD07,Al Leri,SD07105," 7,768 ", IDPs , -   , 274 ," 4,661 "," 2,654 "," 1,414 "," 3,884 "," 6,042 "," 6,991 ", -   ,,,,3," 6,991 "," 6,991 ", No ,,
South Kordofan,SD07,At Tadamon - SK,SD07106," 2,253 ", IDPs , -   , 734 ," 1,690 ", 770 , 410 ," 1,577 "," 1,252 "," 1,690 ", -   ,,,,3," 1,690 "," 1,690 ", Yes ,,
South Kordofan,SD07,Delami,SD07107," 6,371 ", IDPs ," 4,460 "," 2,631 "," 1,966 "," 1,529 "," 1,160 "," 4,460 "," 3,716 "," 4,460 ", -   ,,,,4," 4,460 "," 4,460 ", Yes ,,
South Kordofan,SD07,Ghadeer,SD07108," 14,118 ", IDPs , -   ," 4,827 "," 10,242 "," 4,993 "," 2,569 "," 9,883 "," 7,059 "," 12,706 ", -   ,,,,3," 12,706 "," 12,706 ", No ,,
Blue Nile,SD08,Baw,SD08104," 99,513 ", IDPs , -   ," 8,951 "," 89,034 "," 74,242 "," 17,496 "," 29,318 "," 83,229 "," 89,034 ", -   ,,,,4," 89,034 "," 89,034 ", Yes ,,
Blue Nile,SD08,Ed Damazine,SD08105," 131,126 ", IDPs ," 91,788 "," 39,382 "," 94,463 "," 81,167 "," 23,054 "," 20,465 "," 74,929 "," 118,013 ", -   ,,,,4," 118,013 "," 118,013 ", No ,,
Blue Nile,SD08,Al Kurmuk,SD08106," 22,365 ", IDPs ," 15,656 "," 4,332 "," 20,129 "," 4,615 "," 3,932 "," 15,656 "," 20,128 "," 20,129 ", -   ,,,,4," 20,129 "," 20,129 ", Yes ,,
Blue Nile,SD08,Ar Rusayris,SD08107," 49,265 ", IDPs , -   ," 10,142 "," 43,334 "," 16,078 "," 8,661 ", -   ," 22,580 "," 43,334 ", -   ,,,,3," 43,334 "," 43,334 ", Yes ,,
Blue Nile,SD08,At Tadamon - BN,SD08108," 21,475 ", IDPs ," 15,033 "," 4,338 "," 19,328 "," 9,586 "," 3,775 "," 15,033 "," 19,327 "," 19,328 ", -   ,,,,4," 19,328 "," 19,328 ", Yes ,,
Blue Nile,SD08,Geisan,SD08109," 46,655 ", IDPs , -   ," 10,436 "," 36,232 "," 31,959 "," 8,202 "," 16,312 "," 30,263 "," 36,232 ", -   ,,,,3," 36,232 "," 36,232 ", Yes ,,
Blue Nile,SD08,Wad Al Mahi,SD08110," 10,456 ", IDPs ," 7,319 "," 2,249 "," 5,451 "," 8,888 "," 1,838 "," 7,319 "," 9,410 "," 9,410 ", -   ,,,,4," 9,410 "," 9,410 ", No ,,
White Nile,SD09,Ad Diwaim,SD09044," 67,278 ", IDPs , -   ," 21,391 "," 50,788 "," 45,460 "," 12,323 "," 30,094 "," 20,002 "," 60,550 ", -   ,,,,3," 60,550 "," 60,550 ", No ,,
White Nile,SD09,Um Rimta,SD09045," 4,085 ", IDPs , -   ," 1,323 "," 3,084 "," 3,268 ", 748 ," 1,226 ", -   ," 3,268 ", -   ,,,,4," 3,268 "," 3,268 ", Yes ,,
White Nile,SD09,Rabak,SD09046," 109,822 ", IDPs ," 54,911 "," 17,589 "," 59,513 "," 79,396 "," 20,116 "," 54,911 "," 54,911 "," 79,396 ", -   ,,,,3," 79,396 "," 79,396 ", Yes ,,
White Nile,SD09,Kosti,SD09047," 130,576 ", IDPs ," 91,403 "," 21,498 "," 74,859 "," 97,416 "," 23,917 "," 59,590 "," 84,874 "," 117,518 ", -   ,,,,3," 117,518 "," 117,518 ", No ,,
White Nile,SD09,Tendalti,SD09048," 14,854 ", IDPs , -   ," 3,812 "," 10,307 "," 5,573 "," 2,720 "," 7,427 "," 6,077 "," 10,307 ", -   ,,,,3," 10,307 "," 10,307 ", Yes ,,
White Nile,SD09,As Salam / Ar Rawat,SD09049," 53,429 ", IDPs ," 48,086 "," 10,158 "," 24,508 "," 33,073 "," 9,787 "," 33,621 "," 48,086 "," 48,086 ", -   ,,,,4," 48,086 "," 48,086 ", Yes ,,
White Nile,SD09,Al Gitaina,SD09050," 24,784 ", IDPs , -   ," 4,700 "," 13,093 "," 19,827 "," 4,539 "," 11,707 ", -   ," 19,827 ", -   ,,,,3," 19,827 "," 19,827 ", Yes ,,
White Nile,SD09,Aj Jabalain,SD09051," 119,781 ", IDPs ," 59,891 "," 27,401 "," 107,803 "," 86,596 "," 21,940 "," 58,430 "," 103,012 "," 107,803 ", -   ,,,,4," 107,803 "," 107,803 ", Yes ,,
White Nile,SD09,Guli,SD09052," 14,951 ", IDPs , -   , 537 ," 12,529 "," 6,853 "," 2,738 "," 7,476 "," 12,694 ", -   , -   ,,,,3," 12,694 "," 12,694 ", No ,,
Red Sea,SD10,Dordieb,SD10063," 2,145 ", IDPs , -   , 50 , 429 , -   , 329 ," 1,073 ", 585 ," 1,931 ", -   ,,,,3," 1,931 "," 1,931 ", Yes ,,
Red Sea,SD10,Port Sudan,SD10064," 125,584 ", IDPs ," 62,792 "," 20,367 "," 99,362 ", -   ," 19,274 "," 60,607 "," 99,896 "," 99,896 ", -   ,,,,3," 99,896 "," 99,896 ", Yes ,,
Red Sea,SD10,Tawkar,SD10065," 8,319 ", IDPs ," 5,823 "," 2,337 "," 4,192 "," 7,071 "," 1,277 "," 1,807 "," 2,995 "," 7,487 ", -   ,,,,3," 7,487 "," 7,487 ", No ,,
Red Sea,SD10,Hala'ib,SD10066, 376 , IDPs , -   , -   , 217 , 231 , 58 , 188 , 231 , 231 , -   ,,,,3, 231 , 231 , No ,,
Red Sea,SD10,Jubayt Elma'aadin,SD10067, 164 , IDPs , -   , -   , 93 , -   , 25 , 82 , 147 , 148 , -   ,,,,3, 148 , 148 , Yes ,,
Red Sea,SD10,Sawakin,SD10068," 1,997 ", IDPs , -   , -   , 533 , 999 , 307 , 999 , -   , -   , -   ,,,,3, 999 , 999 , Yes ,,
Red Sea,SD10,Al Ganab,SD10069," 2,399 ", IDPs , -   , -   ," 1,911 ", -   , 368 ," 1,200 "," 1,200 "," 2,159 ", -   ,,,,3," 2,159 "," 2,159 ", No ,,
Red Sea,SD10,Haya,SD10070," 4,345 ", IDPs , -   , 276 ," 2,998 ", -   , 667 ," 1,807 "," 2,414 "," 2,998 ", -   ,,,,3," 2,998 "," 2,998 ", No ,,
Red Sea,SD10,Sinkat,SD10071," 9,785 ", IDPs , -   , 919 ," 1,807 ", -   ," 1,502 "," 1,807 ", -   ," 1,807 ", -   ,,,,3," 1,807 "," 1,807 ", Yes ,,
Red Sea,SD10,Agig,SD10072, 401 , IDPs , -   , -   , 193 , -   , 62 , 201 , -   , 201 , -   ,,,,3, 201 , 201 , Yes ,,
Kassala,SD11,Halfa Aj Jadeedah,SD11052," 20,130 ", IDPs , -   , 968 ," 9,085 "," 12,460 "," 3,566 "," 10,065 ", -   ," 12,460 ", -   ,,,,3," 12,460 "," 12,460 ", Yes ,,
Kassala,SD11,Madeinat Kassala,SD11053," 48,327 ", IDPs , -   ," 8,496 ", -   ," 18,132 "," 8,562 "," 18,912 ", -   ," 18,912 ", -   ,,,,3," 18,912 "," 18,912 ", Yes ,,
Kassala,SD11,Reifi Gharb Kassala,SD11054, 570 , IDPs , 285 , 100 , 429 , 272 , 101 , 285 , 513 , 513 , -   ,,,,3, 513 , 513 , No ,,
Kassala,SD11,Reifi Aroma,SD11055," 4,620 ", IDPs , -   , -   , 939 ," 3,340 ", 819 ," 1,492 "," 2,310 "," 4,158 ", -   ,,,,3," 4,158 "," 4,158 ", No ,,
Kassala,SD11,Reifi Kassla,SD11056," 3,110 ", IDPs , -   , 483 ," 1,024 "," 1,308 ", 551 ," 1,555 "," 2,378 "," 2,799 ", -   ,,,,3," 2,799 "," 2,799 ", No ,,
Kassala,SD11,Reifi Shamal Ad Delta,SD11057," 2,832 ", IDPs , -   , 38 , 783 ," 1,227 ", 502 ," 1,227 ", -   ," 1,227 ", -   ,,,,3," 1,227 "," 1,227 ", Yes ,,
Kassala,SD11,Reifi Hamashkureib,SD11058, 695 , IDPs , -   , -   , 539 , 534 , 123 , 348 , 625 , 626 , -   ,,,,4, 626 , 626 , Yes ,,
Kassala,SD11,Reifi Telkok,SD11059," 2,760 ", IDPs ," 1,932 ", 508 , 606 ," 1,307 ", 489 ," 1,227 "," 2,300 "," 2,484 ", -   ,,,,3," 2,484 "," 2,484 ", No ,,
Kassala,SD11,Reifi Khashm Elgirba,SD11060," 6,709 ", IDPs , -   , -   ," 2,963 "," 3,355 "," 1,189 "," 3,355 "," 3,096 ", -   , -   ,,,,3," 3,355 "," 3,355 ", No ,,
Kassala,SD11,Reifi Wad Elhilaiw,SD11061," 1,400 ", IDPs , -   , 375 ," 1,260 "," 1,120 ", 248 , 700 , 400 ," 1,260 ", -   ,,,,4," 1,260 "," 1,260 ", Yes ,,
Kassala,SD11,Reifi Nahr Atbara,SD11062," 5,522 ", IDPs , -   ," 1,068 ", -   ," 1,140 ", 979 ," 1,959 "," 2,209 "," 2,209 ", -   ,,,,3," 2,209 "," 2,209 ", No ,,
Gedaref,SD12,Al Butanah,SD12073," 4,756 ", IDPs , -   , -   , -   ," 2,944 ", 860 ," 2,378 "," 4,280 "," 4,280 ", -   ,,,,3," 4,280 "," 4,280 ", Yes ,,
Gedaref,SD12,Al Fao,SD12074," 20,950 ", IDPs ," 10,475 "," 5,772 "," 17,189 "," 9,603 "," 3,790 "," 14,665 "," 17,553 "," 18,855 ", -   ,,,,3," 18,855 "," 18,855 ", No ,,
Gedaref,SD12,Al Fashaga,SD12075," 8,875 ", IDPs ," 4,438 ", 913 ," 7,922 "," 5,793 "," 1,606 "," 4,438 "," 6,656 ", -   , -   ,,,,3," 7,922 "," 7,922 ", No ,,
Gedaref,SD12,Al Qureisha,SD12076," 10,547 ", IDPs , -   ," 2,979 "," 4,910 ", -   ," 1,908 "," 5,274 "," 5,274 "," 5,274 ", -   ,,,,3," 5,274 "," 5,274 ", Yes ,,
Gedaref,SD12,Basundah,SD12077," 38,666 ", IDPs ," 19,333 "," 10,969 "," 23,586 ", -   ," 6,996 "," 23,297 "," 34,799 "," 34,799 ", -   ,,,,4," 34,799 "," 34,799 ", Yes ,,
Gedaref,SD12,Al Galabat Al Gharbyah - Kassab,SD12078," 31,956 ", IDPs ," 15,978 "," 10,766 "," 16,112 "," 11,990 "," 5,782 "," 15,671 "," 15,978 "," 16,112 ", -   ,,,,3," 16,112 "," 16,112 ", Yes ,,
Gedaref,SD12,Gala'a Al Nahal,SD12079," 57,214 ", IDPs , -   ," 16,181 "," 39,306 ", -   ," 10,352 "," 10,904 "," 15,098 "," 39,306 ", -   ,,,,3," 39,306 "," 39,306 ", Yes ,,
Gedaref,SD12,Madeinat Al Gedaref,SD12080," 189,077 ", IDPs ," 94,539 "," 36,272 "," 132,070 "," 58,236 "," 34,213 "," 94,274 "," 86,821 "," 170,169 ", -   ,,,,3," 170,169 "," 170,169 ", No ,,
Gedaref,SD12,Wasat Al Gedaref,SD12081," 7,576 ", IDPs ," 3,788 ", 92 ," 1,644 "," 2,333 "," 1,370 "," 3,426 "," 5,076 "," 5,076 ", -   ,,,,3," 5,076 "," 5,076 ", Yes ,,
Gedaref,SD12,Al Mafaza,SD12082," 9,465 ", IDPs , -   ," 3,647 "," 7,542 "," 3,347 "," 1,712 "," 4,733 "," 2,366 "," 7,542 ", -   ,,,,3," 7,542 "," 7,542 ", Yes ,,
Gedaref,SD12,Galabat Ash-Shargiah,SD12083," 37,895 ", IDPs , -   ," 12,105 "," 17,799 "," 13,401 "," 6,856 "," 17,144 "," 25,263 "," 25,263 ", -   ,,,,3," 25,263 "," 25,263 ", Yes ,,
Gedaref,SD12,Ar Rahad,SD12084," 29,095 ", IDPs , -   ," 4,961 "," 16,741 "," 13,336 "," 5,265 "," 10,904 "," 15,517 "," 16,741 ", -   ,,,,3," 16,741 "," 16,741 ", Yes ,,
North Kordofan,SD13,Um Rawaba,SD13023," 41,320 ", IDPs , -   ," 8,914 "," 25,379 "," 27,920 "," 7,599 "," 19,485 "," 21,905 "," 27,920 ", -   ,,,,3," 27,920 "," 27,920 ", Yes ,,
North Kordofan,SD13,Sheikan,SD13024," 70,106 ", IDPs ," 49,074 "," 25,103 "," 57,985 "," 56,085 "," 12,894 "," 63,095 "," 48,036 "," 63,095 ", -   ,,,,4," 63,095 "," 63,095 ", No ,,
North Kordofan,SD13,Soudari,SD13025," 3,968 ", IDPs , -   ," 1,603 "," 1,984 "," 1,549 ", 730 ," 1,984 ", -   ," 1,984 ", -   ,,,,3," 1,984 "," 1,984 ", Yes ,,
North Kordofan,SD13,Bara,SD13026," 30,747 ", IDPs , -   ," 12,847 "," 18,500 "," 22,816 "," 5,655 "," 25,462 "," 23,060 "," 27,672 ", -   ,,,,4," 27,672 "," 27,672 ", No ,,
North Kordofan,SD13,Gebrat Al Sheikh,SD13027," 6,548 ", IDPs , -   ," 2,199 "," 5,893 "," 4,859 "," 1,204 "," 3,274 "," 2,728 "," 5,893 ", -   ,,,,3," 5,893 "," 5,893 ", Yes ,,
North Kordofan,SD13,Um Dam Haj Ahmed,SD13028," 15,281 ", IDPs , -   ," 6,202 "," 9,952 "," 9,952 "," 2,810 "," 7,641 ", -   ," 11,047 ", -   ,,,,4," 11,047 "," 9,952 ", Yes ,,
North Kordofan,SD13,Gharb Bara,SD13029," 10,770 ", IDPs , -   ," 4,502 "," 9,693 "," 4,937 "," 1,980 "," 7,539 "," 9,334 "," 9,693 ", -   ,,,,4," 9,693 "," 9,693 ", Yes ,,
North Kordofan,SD13,Ar Rahad,SD13030," 35,453 ", IDPs , -   ," 7,850 "," 27,029 "," 27,263 "," 6,521 "," 15,838 "," 13,787 "," 27,263 ", -   ,,,,4," 27,263 "," 27,263 ", Yes ,,
Sennar,SD14,Abu Hujar,SD14037, 470 , IDPs , -   , 177 , 423 , 223 , 85 , 235 , 181 , 423 , -   ,,,,4, 423 , 423 , Yes ,,
Sennar,SD14,Sennar,SD14038," 8,319 ", IDPs , -   ," 1,130 "," 3,813 "," 3,813 "," 1,509 "," 2,496 ", -   , -   , -   ,,,,3," 3,813 "," 3,813 ", Yes ,,
Sennar,SD14,Ad Dali,SD14039," 7,197 ", IDPs , -   , 549 ," 3,129 ", -   ," 1,305 "," 3,599 ", -   ," 3,599 ", -   ,,,,3," 3,599 "," 3,599 ", Yes ,,
Sennar,SD14,Ad Dinder,SD14040," 27,952 ", IDPs , -   ," 3,564 "," 9,742 ", -   ," 5,070 "," 9,742 "," 5,704 ", -   , -   ,,,,3," 9,742 "," 9,742 ", Yes ,,
Sennar,SD14,As Suki,SD14041," 23,526 ", IDPs , -   , -   ," 5,845 ", -   ," 4,267 "," 5,845 "," 4,705 ", -   , -   ,,,,3," 5,845 "," 5,845 ", Yes ,,
Sennar,SD14,Sharg Sennar,SD14042," 9,975 ", IDPs , -   ," 3,026 "," 3,026 ", -   ," 1,809 ", -   ," 2,909 ", -   , -   ,,,,3," 3,026 "," 3,026 ", Yes ,,
Sennar,SD14,Sinja,SD14043," 14,958 ", IDPs , -   ," 3,682 "," 7,479 "," 1,520 "," 2,713 "," 7,479 "," 5,753 ", -   , -   ,,,,3," 7,479 "," 7,479 ", Yes ,,
Aj Jazirah,SD15,Medani Al Kubra,SD15030," 3,927 ", IDPs , -   , 551 ," 1,924 "," 2,914 ", 704 ," 1,964 "," 2,618 "," 3,534 ", -   ,,,,4," 3,534 "," 3,534 ", No ,,
Aj Jazirah,SD15,Janub Aj Jazirah,SD15031," 4,865 ", IDPs , -   , 688 ," 3,162 "," 2,304 ", 871 ," 1,460 ", -   ," 3,162 ", -   ,,,,3," 3,162 "," 3,162 ", Yes ,,
Aj Jazirah,SD15,Um Algura,SD15032," 11,805 ", IDPs , -   ," 1,749 "," 3,990 ", -   ," 2,115 "," 3,542 "," 1,968 "," 9,444 ", -   ,,,,3," 9,444 "," 9,444 ", Yes ,,
Aj Jazirah,SD15,Sharg Aj Jazirah,SD15033," 2,355 ", IDPs , -   , 349 ," 1,213 ", -   , 422 , 707 , 981 ," 1,884 ", -   ,,,,4," 1,884 "," 1,884 ", Yes ,,
Aj Jazirah,SD15,Al Hasahisa,SD15034," 28,995 ", IDPs , -   ," 3,827 "," 8,554 "," 18,847 "," 5,196 "," 8,665 ", -   , -   , -   ,,,,3," 18,847 "," 18,847 ", Yes ,,
Aj Jazirah,SD15,Al Kamlin,SD15035," 55,924 ", IDPs , -   ," 5,885 "," 23,768 "," 20,804 "," 10,021 "," 8,665 "," 14,669 "," 36,351 ", -   ,,,,3," 36,351 "," 36,351 ", Yes ,,
Aj Jazirah,SD15,Al Manaqil,SD15036," 12,401 ", IDPs , -   ," 1,603 "," 6,821 "," 5,913 "," 2,222 "," 3,720 "," 3,704 "," 6,821 ", -   ,,,,3," 6,821 "," 6,821 ", Yes ,,
Aj Jazirah,SD15,Al Qurashi,SD15037," 9,380 ", IDPs , -   ," 1,227 "," 2,814 ", -   ," 1,680 "," 2,814 "," 2,317 ", -   , -   ,,,,3," 2,814 "," 2,814 ", Yes ,,
River Nile,SD16,Abu Hamad,SD16008," 60,630 ", IDPs , -   ," 7,474 "," 16,322 "," 25,499 "," 10,291 ", -   ," 16,421 "," 25,499 ", -   ,,,,3," 25,499 "," 25,499 ", Yes ,,
River Nile,SD16,Al Matama,SD16009," 85,972 ", IDPs , -   ," 2,233 "," 33,434 ", -   ," 14,593 "," 25,792 "," 19,702 ", -   , -   ,,,,3," 33,434 "," 33,434 ", No ,,
River Nile,SD16,Shendi,SD16010," 122,773 ", IDPs , -   ," 24,306 "," 57,372 ", -   ," 20,840 "," 59,312 "," 50,906 ", -   , -   ,,,,3," 59,312 "," 59,312 ", No ,,
River Nile,SD16,Ad Damar,SD16011," 58,050 ", IDPs , -   ," 6,203 "," 20,637 ", -   ," 9,854 "," 29,025 "," 14,190 "," 29,025 ", -   ,,,,3," 29,025 "," 29,025 ", Yes ,,
River Nile,SD16,Atbara,SD16012," 76,615 ", IDPs ," 53,631 "," 5,098 "," 22,885 "," 36,533 "," 13,004 "," 38,308 "," 29,114 "," 53,631 ", -   ,,,,3," 53,631 "," 53,631 ", Yes ,,
River Nile,SD16,Barbar,SD16013," 117,942 ", IDPs , -   ," 15,209 "," 55,114 "," 56,239 "," 20,020 "," 55,022 "," 41,771 "," 56,239 ", -   ,,,,3," 56,239 "," 56,239 ", Yes ,,
River Nile,SD16,Al Buhaira,SD16014," 4,035 ", IDPs , -   , -   ," 1,086 ", -   , 685 , -   ," 2,354 ", -   , -   ,,,,3," 2,354 "," 2,354 ", No ,,
Northern,SD17,Halfa,SD17014," 47,229 ", IDPs ," 33,060 "," 4,149 "," 32,182 "," 5,667 "," 7,901 "," 23,363 "," 22,303 "," 33,060 ", -   ,,,,3," 33,060 "," 33,060 ", No ,,
Northern,SD17,Delgo,SD17015," 33,817 ", IDPs , -   ," 5,891 "," 10,145 ", -   ," 5,658 "," 10,145 "," 10,020 ", -   , -   ,,,,3," 10,145 "," 10,145 ", Yes ,,
Northern,SD17,Al Burgaig,SD17016," 54,541 ", IDPs , -   ," 1,672 "," 9,125 ", -   ," 9,125 ", -   , -   , -   , -   ,,,,3," 9,125 "," 9,125 ", No ,,
Northern,SD17,Dongola,SD17017," 90,118 ", IDPs , -   ," 14,710 "," 45,059 ", -   ," 15,077 "," 45,059 "," 25,033 "," 45,059 ", -   ,,,,3," 45,059 "," 45,059 ", Yes ,,
Northern,SD17,Al Golid,SD17018," 60,983 ", IDPs , -   ," 6,409 "," 32,480 ", -   ," 10,203 "," 30,492 "," 23,716 ", -   , -   ,,,,3," 32,480 "," 32,480 ", No ,,
Northern,SD17,Ad Dabbah,SD17019," 118,474 ", IDPs ," 82,932 "," 21,127 "," 88,856 "," 73,335 "," 19,822 "," 58,125 "," 70,755 "," 88,856 ", -   ,,,,4," 88,856 "," 88,856 ", Yes ,,
Northern,SD17,Merwoe,SD17020," 114,093 ", IDPs , -   ," 18,859 "," 51,527 ", -   ," 19,089 "," 51,527 "," 44,370 ", -   , -   ,,,,3," 51,527 "," 51,527 ", Yes ,,
West Kordofan,SD18,Ghubaish,SD18021," 22,153 ", IDPs , -   ," 9,062 "," 13,292 "," 2,658 "," 4,074 "," 10,026 "," 13,292 "," 13,292 ", -   ,,,,3," 13,292 "," 13,292 ", Yes ,,
West Kordofan,SD18,An Nuhud,SD18022," 73,968 ", IDPs , -   ," 10,893 "," 55,912 "," 59,174 "," 13,604 "," 36,327 "," 25,889 "," 66,571 ", -   ,,,,4," 66,571 "," 66,571 ", No ,,
West Kordofan,SD18,Abu Zabad,SD18028," 34,987 ", IDPs , -   ," 14,077 "," 24,012 "," 25,962 "," 6,435 "," 17,358 "," 7,289 "," 31,488 ", -   ,,,,4," 31,488 "," 31,488 ", No ,,
West Kordofan,SD18,Wad Bandah,SD18029," 13,377 ", IDPs , -   ," 5,451 "," 11,242 "," 4,976 "," 2,460 "," 9,122 "," 6,131 "," 12,039 ", -   ,,,,3," 12,039 "," 12,039 ", No ,,
West Kordofan,SD18,Keilak,SD18085," 18,018 ", IDPs ," 12,613 "," 7,060 "," 13,397 "," 4,324 "," 3,313 "," 12,613 "," 15,015 "," 16,216 ", -   ,,,,4," 16,216 "," 16,216 ", No ,,
West Kordofan,SD18,As Salam - WK,SD18086," 37,586 ", IDPs , -   ," 15,235 "," 23,303 "," 9,021 "," 6,912 "," 25,239 "," 33,827 "," 33,827 ", -   ,,,,3," 33,827 "," 33,827 ", Yes ,,
West Kordofan,SD18,Abyei,SD18087," 22,413 ", IDPs ," 11,207 "," 5,673 "," 10,122 "," 16,632 "," 4,122 "," 8,665 "," 19,117 "," 19,117 ", -   ,,,,3," 19,117 "," 19,117 ", Yes ,,
West Kordofan,SD18,As Sunut,SD18092," 10,992 ", IDPs , -   ," 4,367 "," 5,496 "," 5,496 "," 2,021 "," 5,496 "," 2,290 "," 5,496 ", -   ,,,,4," 5,496 "," 5,496 ", Yes ,,
West Kordofan,SD18,Babanusa,SD18100," 27,721 ", IDPs , -   ," 12,240 "," 17,325 "," 6,653 "," 5,098 "," 13,861 "," 24,163 "," 24,163 ", -   ,,,,4," 24,163 "," 24,163 ", Yes ,,
West Kordofan,SD18,Al Lagowa,SD18102," 22,058 ", IDPs , -   ," 8,521 "," 19,627 "," 5,294 "," 4,057 "," 14,612 "," 19,852 "," 19,852 ", -   ,,,,4," 19,852 "," 19,852 ", No ,,
West Kordofan,SD18,Al Dibab,SD18103," 22,541 ", IDPs , -   ," 9,075 "," 18,033 "," 5,410 "," 4,146 "," 10,514 "," 20,286 "," 20,287 ", -   ,,,,3," 20,287 "," 20,287 ", Yes ,,
West Kordofan,SD18,Al Idia,SD18104," 66,070 ", IDPs , -   ," 26,451 "," 59,463 "," 52,856 "," 12,151 "," 45,375 "," 59,463 "," 59,463 ", -   ,,,,4," 59,463 "," 59,463 ", Yes ,,
West Kordofan,SD18,Al Khiwai,SD18105," 13,654 ", IDPs , -   ," 5,774 "," 12,289 "," 10,132 "," 2,511 "," 9,558 "," 10,809 "," 12,289 ", -   ,,,,4," 12,289 "," 12,289 ", Yes ,,
West Kordofan,SD18,Al Meiram,SD18106," 10,984 ", IDPs , -   ," 2,635 "," 9,886 "," 8,787 "," 2,020 "," 5,492 "," 9,593 "," 9,886 ", -   ,,,,4," 9,886 "," 9,886 ", Yes ,,
Khartoum,SD01,Jebel Awlia,SD01001," 1,043,201 ", Non-displaced , -   ," 226,903 "," 527,755 "," 802,222 "," 176,298 "," 728,757 "," 14,489 "," 344,256 ", -   ,,,,4," 802,222 "," 802,222 ", No ,,
Khartoum,SD01,Um Bada,SD01002," 1,151,779 ", Non-displaced , -   ," 199,862 "," 788,163 "," 885,718 "," 194,648 "," 572,946 ", -   ," 460,712 ", -   ,,,,3," 885,718 "," 885,718 ", No ,,
Khartoum,SD01,Bahri,SD01003," 237,728 ", Non-displaced , -   ," 32,467 "," 139,713 "," 106,112 "," 40,175 "," 118,864 "," 19,811 "," 67,348 ", -   ,,,,3," 139,713 "," 139,713 ", No ,,
Khartoum,SD01,Sharg An Neel,SD01004," 843,614 ", Non-displaced , -   ," 172,635 "," 408,984 "," 420,583 "," 142,568 "," 420,583 "," 52,726 "," 362,332 ", -   ,,,,3," 420,583 "," 420,583 ", No ,,
Khartoum,SD01,Karrari,SD01005," 860,881 ", Non-displaced , -   ," 147,954 "," 514,806 "," 514,806 "," 145,486 "," 428,791 "," 23,913 "," 258,264 ", -   ,,,,4," 514,806 "," 514,806 ", No ,,
Khartoum,SD01,Um Durman,SD01006," 275,436 ", Non-displaced , -   ," 48,741 "," 125,406 "," 137,263 "," 46,548 "," 137,263 ", -   ," 96,403 ", -   ,,,,4," 137,263 "," 137,263 ", No ,,
Khartoum,SD01,Khartoum,SD01007," 36,129 ", Non-displaced , -   ," 6,852 "," 10,459 "," 24,748 "," 6,105 "," 25,290 "," 5,939 "," 15,734 ", -   ,,,,4," 25,290 "," 25,290 ", No ,,
North Darfur,SD02,Dar As Salam,SD02113," 32,007 ", Non-displaced , -   ," 11,627 "," 27,526 "," 19,684 "," 5,976 "," 16,004 ", -   ," 27,526 ", -   ,,,,4," 27,526 "," 27,526 ", Yes ,,
North Darfur,SD02,Al Fasher,SD02114," 310,924 ", Non-displaced , -   ," 121,856 "," 292,269 "," 230,721 "," 58,045 "," 212,908 "," 99,616 "," 292,269 ", -   ,,,,5," 292,269 "," 305,310 ", Yes ,,
North Darfur,SD02,Al Koma,SD02116," 6,637 ", Non-displaced , -   ," 2,425 "," 6,092 "," 5,310 "," 1,239 "," 4,646 "," 1,991 "," 6,092 ", -   ,,,,4," 6,092 "," 6,092 ", Yes ,,
North Darfur,SD02,Al Malha,SD02117," 14,748 ", Non-displaced , -   ," 5,278 "," 12,683 "," 3,540 "," 2,753 "," 10,324 ", 819 ," 12,683 ", -   ,,,,4," 12,683 "," 12,683 ", Yes ,,
North Darfur,SD02,As Serief,SD02118," 69,707 ", Non-displaced , -   ," 26,825 "," 60,645 "," 16,730 "," 13,013 "," 48,795 "," 39,563 "," 60,645 ", -   ,,,,4," 60,645 "," 60,645 ", Yes ,,
North Darfur,SD02,At Tawisha,SD02119," 126,850 ", Non-displaced , -   ," 51,530 "," 102,749 "," 30,444 "," 23,680 "," 83,566 "," 86,118 "," 102,749 ", -   ,,,,4," 102,749 "," 102,749 ", Yes ,,
North Darfur,SD02,Um Baru,SD02120," 131,962 ", Non-displaced , -   ," 52,273 "," 113,487 "," 31,671 "," 24,635 "," 90,350 "," 12,909 "," 113,487 ", -   ,,,,4," 113,487 "," 113,487 ", Yes ,,
North Darfur,SD02,Kebkabiya,SD02124," 15,512 ", Non-displaced , -   ," 4,931 "," 13,961 "," 10,778 "," 2,896 "," 13,961 "," 13,260 "," 12,720 ", -   ,,,,4," 13,961 "," 13,961 ", Yes ,,
North Darfur,SD02,Kelemando,SD02126," 88,271 ", Non-displaced , -   ," 26,428 "," 74,236 "," 21,185 "," 16,479 "," 61,790 "," 19,703 "," 69,734 ", -   ,,,,4," 74,236 "," 74,236 ", No ,,
North Darfur,SD02,Kutum,SD02128," 27,140 ", Non-displaced , -   ," 10,464 "," 24,125 "," 6,514 "," 5,066 "," 24,426 "," 14,073 "," 22,614 ", -   ,,,,4," 24,426 "," 24,426 ", No ,,
North Darfur,SD02,Melit,SD02129," 152,877 ", Non-displaced , -   ," 56,397 "," 142,543 "," 36,690 "," 28,539 "," 128,864 "," 87,557 "," 142,543 ", -   ,,,,5," 142,543 "," 145,233 ", Yes ,,
North Darfur,SD02,Saraf Omra,SD02133," 135,723 ", Non-displaced , -   ," 31,222 "," 116,021 "," 32,574 "," 25,337 "," 82,327 "," 99,182 "," 116,021 ", -   ,,,,4," 116,021 "," 116,021 ", Yes ,,
North Darfur,SD02,Um Kadadah,SD02136," 115,196 ", Non-displaced , -   ," 50,161 "," 103,676 "," 70,846 "," 21,505 "," 103,676 "," 11,331 "," 100,221 ", -   ,,,,5," 103,676 "," 115,196 ", Yes ,,
North Darfur,SD02,Kernoi,SD02168," 122,722 ", Non-displaced , -   ," 48,137 "," 105,105 "," 29,453 "," 22,910 "," 83,533 "," 2,383 "," 105,105 ", -   ,,,,4," 105,105 "," 105,105 ", Yes ,,
North Darfur,SD02,Al Lait,SD02169," 121,045 ", Non-displaced , -   ," 46,826 "," 108,940 "," 89,821 "," 22,597 "," 79,378 "," 108,940 "," 90,784 ", -   ,,,,4," 108,940 "," 108,940 ", Yes ,,
North Darfur,SD02,Tawila,SD02170," 63,171 ", Non-displaced , -   ," 15,770 "," 53,455 "," 50,537 "," 11,793 "," 31,586 ", -   ," 53,455 ", -   ,,,,5," 53,455 "," 56,854 ", Yes ,,
North Darfur,SD02,At Tina,SD02171," 48,177 ", Non-displaced , -   , 319 ," 26,016 "," 11,562 "," 8,994 "," 24,089 "," 1,947 "," 26,016 ", -   ,,,,3," 26,016 "," 26,016 ", Yes ,,
South Darfur,SD03,Al Radoum,SD03141," 18,132 ", Non-displaced , -   ," 4,567 "," 16,045 "," 4,352 "," 3,385 "," 9,066 ", -   ," 16,045 ", -   ,,,,3," 16,045 "," 16,045 ", Yes ,,
South Darfur,SD03,Ed Al Fursan,SD03143," 57,107 ", Non-displaced , -   ," 18,088 "," 40,723 "," 34,264 "," 10,661 "," 28,554 "," 32,561 "," 39,975 ", -   ,,,,3," 40,723 "," 40,723 ", No ,,
South Darfur,SD03,Kas,SD03144," 142,851 ", Non-displaced , -   ," 36,147 "," 113,852 "," 87,853 "," 26,668 "," 70,723 "," 23,040 "," 104,481 ", -   ,,,,4," 113,852 "," 113,852 ", No ,,
South Darfur,SD03,Mershing,SD03145," 8,682 ", Non-displaced , -   ," 2,668 "," 6,946 "," 6,946 "," 1,621 "," 4,341 "," 4,675 "," 6,689 ", -   ,,,,4," 6,946 "," 6,946 ", Yes ,,
South Darfur,SD03,Um Dafoug,SD03146," 48,235 ", Non-displaced , -   ," 18,910 ", -   ," 11,576 "," 9,005 "," 24,081 "," 2,495 "," 24,081 ", -   ,,,,3," 24,081 "," 24,081 ", Yes ,,
South Darfur,SD03,Sharg Aj Jabal,SD03147," 166,420 ", Non-displaced , -   ," 27,036 "," 157,965 "," 123,492 "," 31,067 "," 115,910 "," 52,006 "," 157,965 ", -   ,,,,4," 157,965 "," 157,965 ", Yes ,,
South Darfur,SD03,Tulus,SD03149," 310,422 ", Non-displaced , -   ," 57,110 "," 252,684 ", -   ," 57,950 "," 154,409 "," 164,341 "," 252,684 ", -   ,,,,3," 252,684 "," 252,684 ", Yes ,,
South Darfur,SD03,Al Wihda,SD03150," 50,199 ", Non-displaced , -   ," 15,254 "," 39,265 "," 12,048 "," 9,035 "," 35,139 "," 39,265 "," 38,653 ", -   ,,,,4," 39,265 "," 39,265 ", Yes ,,
South Darfur,SD03,Nitega,SD03151," 108,645 ", Non-displaced , -   ," 39,245 "," 107,711 "," 86,916 "," 20,282 "," 53,871 "," 58,849 "," 107,711 ", -   ,,,,4," 107,711 "," 107,711 ", Yes ,,
South Darfur,SD03,Gereida,SD03153," 142,940 ", Non-displaced , -   ," 51,018 "," 124,558 "," 34,306 "," 26,685 "," 100,058 "," 65,972 "," 124,558 ", -   ,,,,4," 124,558 "," 124,558 ", Yes ,,
South Darfur,SD03,Shattaya,SD03154," 160,397 ", Non-displaced , -   ," 58,900 "," 141,149 "," 128,318 "," 29,944 "," 79,304 "," 123,268 "," 141,149 ", -   ,,,,4," 141,149 "," 141,149 ", Yes ,,
South Darfur,SD03,As Sunta,SD03156," 10,998 ", Non-displaced , -   ," 1,850 "," 9,348 "," 2,640 "," 2,053 "," 7,699 "," 9,898 "," 9,348 ", -   ,,,,4," 9,898 "," 9,898 ", No ,,
South Darfur,SD03,Kubum,SD03157," 173,599 ", Non-displaced , -   ," 66,821 "," 157,055 "," 41,664 "," 32,408 "," 86,500 "," 105,073 "," 157,055 ", -   ,,,,4," 157,055 "," 157,055 ", Yes ,,
South Darfur,SD03,Rehaid Albirdi,SD03158," 156,839 ", Non-displaced , -   ," 59,536 "," 110,368 "," 18,821 "," 29,279 "," 77,711 "," 68,191 "," 129,800 ", -   ,,,,4," 129,800 "," 129,800 ", No ,,
South Darfur,SD03,Kateila,SD03159," 103,049 ", Non-displaced , -   ," 29,177 "," 95,928 "," 61,829 "," 19,238 "," 51,525 "," 60,617 "," 95,928 ", -   ,,,,4," 95,928 "," 95,928 ", Yes ,,
South Darfur,SD03,Buram,SD03161," 20,931 ", Non-displaced , -   ," 3,949 "," 17,942 "," 5,023 "," 3,907 "," 10,466 "," 18,315 "," 15,822 ", -   ,,,,4," 18,315 "," 18,315 ", No ,,
South Darfur,SD03,Beliel,SD03162," 50,990 ", Non-displaced , -   ," 15,635 "," 30,130 "," 24,151 "," 9,519 "," 25,408 ", -   ," 30,130 ", -   ,,,,4," 30,130 "," 30,130 ", Yes ,,
South Darfur,SD03,Nyala Shimal,SD03164," 35,202 ", Non-displaced , -   ," 10,826 "," 25,053 "," 28,162 "," 6,572 "," 24,641 "," 11,245 "," 27,215 ", -   ,,,,4," 28,162 "," 28,162 ", No ,,
South Darfur,SD03,As Salam - SD,SD03166," 47,632 ", Non-displaced , -   ," 18,806 "," 24,535 "," 36,629 "," 8,893 "," 32,777 "," 14,959 "," 35,724 ", -   ,,,,4," 36,629 "," 36,629 ", No ,,
South Darfur,SD03,Nyala Janoub,SD03167," 42,995 ", Non-displaced , -   ," 14,575 "," 33,188 "," 34,396 "," 8,027 "," 21,498 "," 9,594 "," 36,206 ", -   ,,,,4," 36,206 "," 36,206 ", No ,,
South Darfur,SD03,Damso,SD03172," 140,379 ", Non-displaced , -   ," 14,836 "," 23,836 "," 33,691 "," 26,206 "," 70,190 "," 65,763 "," 70,190 ", -   ,,,,3," 70,190 "," 70,190 ", Yes ,,
West Darfur,SD04,Beida,SD04111, -   , Non-displaced , -   , -   , -   , -   , -   , -   , -   , -   , -   ,,,,4, -   , -   , No ,,
West Darfur,SD04,Ag Geneina,SD04115, 587 , Non-displaced , -   , 126 , 306 , 256 , 105 , 152 , 73 , 306 , -   ,,,,3, 306 , 306 , Yes ,,
West Darfur,SD04,Foro Baranga,SD04121," 1,232 ", Non-displaced , -   , 459 , 839 , 758 , 222 , 616 , 445 , 839 , -   ,,,,4, 839 , 839 , Yes ,,
West Darfur,SD04,Habila - WD,SD04122, 965 , Non-displaced , -   , 186 , 558 , 716 , 173 , 676 , 563 , 716 , -   ,,,,4, 716 , 716 , Yes ,,
West Darfur,SD04,Jebel Moon,SD04123," 1,234 ", Non-displaced , -   , 332 ," 1,175 ", 987 , 222 , 536 , 360 ," 1,175 ", -   ,,,,4," 1,175 "," 1,175 ", Yes ,,
West Darfur,SD04,Kereneik,SD04125," 2,806 ", Non-displaced , -   , 708 ," 2,393 "," 2,082 ", 505 ," 1,940 "," 1,228 "," 2,393 ", -   ,,,,4," 2,393 "," 2,393 ", Yes ,,
West Darfur,SD04,Kulbus,SD04127, 814 , Non-displaced , -   , 254 , -   , 195 , 147 , 178 , 45 , 564 , -   ,,,,4, 564 , 564 , Yes ,,
West Darfur,SD04,Sirba,SD04134," 1,756 ", Non-displaced , -   , 419 ," 1,516 ", 421 , 316 , 426 , 512 ," 1,516 ", -   ,,,,4," 1,516 "," 1,516 ", Yes ,,
East Darfur,SD05,Adila,SD05139," 208,851 ", Non-displaced , -   ," 62,127 "," 73,620 ", -   ," 38,989 "," 102,595 "," 48,012 "," 102,595 ", -   ,,,,4," 102,595 "," 102,595 ", Yes ,,
East Darfur,SD05,Abu Jabrah,SD05140," 141,237 ", Non-displaced , -   ," 43,201 "," 127,113 "," 64,737 "," 26,366 "," 70,619 "," 110,699 "," 127,113 ", -   ,,,,4," 127,113 "," 127,113 ", Yes ,,
East Darfur,SD05,Ad Du'ayn,SD05142," 63,264 ", Non-displaced , -   ," 19,250 "," 52,465 "," 28,998 "," 11,810 "," 44,285 "," 36,425 "," 45,550 ", -   ,,,,4," 52,465 "," 52,465 ", No ,,
East Darfur,SD05,Shia'ria,SD05148," 137,641 ", Non-displaced , -   ," 28,330 "," 114,490 "," 43,473 "," 25,695 "," 68,821 "," 41,891 "," 122,500 ", -   ,,,,4," 122,500 "," 122,500 ", No ,,
East Darfur,SD05,Al Firdous,SD05152," 170,961 ", Non-displaced , -   ," 5,901 "," 141,282 "," 102,577 "," 31,915 "," 119,673 "," 33,242 "," 141,282 ", -   ,,,,4," 141,282 "," 141,282 ", Yes ,,
East Darfur,SD05,Abu Karinka,SD05155," 272,067 ", Non-displaced , -   ," 87,820 "," 239,419 "," 101,209 "," 50,790 "," 153,115 "," 208,709 "," 239,419 ", -   ,,,,4," 239,419 "," 239,419 ", Yes ,,
East Darfur,SD05,Bahr Al Arab,SD05160," 303,066 ", Non-displaced , -   ," 90,859 "," 254,000 "," 76,373 "," 56,577 "," 205,591 "," 130,243 "," 254,000 ", -   ,,,,4," 254,000 "," 254,000 ", Yes ,,
East Darfur,SD05,Assalaya,SD05163," 236,209 ", Non-displaced , -   ," 73,243 "," 222,036 "," 74,604 "," 44,096 "," 165,346 "," 148,415 "," 222,036 ", -   ,,,,4," 222,036 "," 222,036 ", Yes ,,
East Darfur,SD05,Yassin,SD05165," 105,996 ", Non-displaced , -   ," 30,543 "," 72,172 "," 26,711 "," 19,788 "," 74,197 "," 40,278 "," 74,197 ", -   ,,,,4," 74,197 "," 74,197 ", Yes ,,
Central Darfur,SD06,Azum,SD06110," 8,334 ", Non-displaced , -   ," 3,132 "," 4,814 "," 6,667 "," 1,500 "," 4,167 ", 347 ," 6,667 ", -   ,,,,4," 6,667 "," 6,667 ", Yes ,,
Central Darfur,SD06,Bendasi,SD06112," 34,790 ", Non-displaced , -   ," 12,387 "," 25,328 "," 8,350 "," 6,262 "," 22,879 "," 9,785 "," 30,615 ", -   ,,,,4," 30,615 "," 30,615 ", No ,,
Central Darfur,SD06,Mukjar,SD06130," 16,382 ", Non-displaced , -   ," 4,672 "," 9,578 "," 3,932 "," 2,949 "," 6,768 "," 1,706 "," 9,578 ", -   ,,,,3," 9,578 "," 9,578 ", Yes ,,
Central Darfur,SD06,Gharb Jabal Marrah,SD06131," 36,437 ", Non-displaced , -   ," 13,567 "," 30,731 "," 13,671 "," 6,558 "," 25,506 ", -   ," 29,878 ", -   ,,,,4," 30,731 "," 30,731 ", No ,,
Central Darfur,SD06,Shamal Jabal Marrah,SD06132," 26,654 ", Non-displaced , -   ," 7,738 "," 17,019 "," 16,499 "," 4,798 "," 13,327 ", -   ," 17,019 ", -   ,,,,4," 17,019 "," 17,019 ", Yes ,,
Central Darfur,SD06,Um Dukhun,SD06135," 38,591 ", Non-displaced , -   ," 11,975 "," 19,296 "," 3,922 "," 6,947 "," 27,014 "," 3,216 "," 32,031 ", -   ,,,,4," 32,031 "," 32,031 ", No ,,
Central Darfur,SD06,Wadi Salih,SD06137," 13,901 ", Non-displaced , -   ," 5,752 "," 10,397 "," 11,121 "," 2,502 "," 9,731 "," 2,224 "," 11,121 ", -   ,,,,4," 11,121 "," 11,121 ", Yes ,,
Central Darfur,SD06,Zalingi,SD06138," 34,584 ", Non-displaced , -   ," 11,818 "," 29,555 "," 25,003 "," 6,225 "," 17,292 "," 4,803 "," 30,434 ", -   ,,,,4," 30,434 "," 30,434 ", No ,,
Central Darfur,SD06,Wasat Jabal Marrah,SD06139," 31,516 ", Non-displaced , -   ," 11,179 "," 27,977 "," 9,707 "," 5,673 "," 22,061 ", -   ," 24,267 ", -   ,,,,4," 27,977 "," 27,977 ", No ,,
South Kordofan,SD07,Abu Jubayhah,SD07088," 87,964 ", Non-displaced , -   ," 32,553 "," 69,638 "," 63,594 "," 16,011 "," 61,575 "," 69,638 "," 60,836 ", -   ,,,,3," 69,638 "," 69,638 ", Yes ,,
South Kordofan,SD07,Talawdi,SD07089," 1,557 ", Non-displaced , -   , 177 , 759 , 759 , 283 , 681 , 394 , 560 , -   ,,,,3, 759 , 759 , No ,,
South Kordofan,SD07,Abassiya,SD07090," 27,526 ", Non-displaced , -   ," 10,988 "," 21,823 "," 13,037 "," 5,011 "," 19,268 "," 5,505 "," 5,505 ", -   ,,,,4," 21,823 "," 21,823 ", No ,,
South Kordofan,SD07,Um Durein,SD07091," 71,465 ", Non-displaced , -   ," 13,610 "," 60,130 "," 42,879 "," 13,008 "," 35,733 "," 49,662 "," 55,728 ", -   ,,,,3," 60,130 "," 60,130 ", No ,,
South Kordofan,SD07,Ar Rashad,SD07093," 24,815 ", Non-displaced , -   ," 6,675 "," 19,688 "," 11,753 "," 4,517 "," 17,371 ", -   ," 6,770 ", -   ,,,,3," 19,688 "," 19,688 ", No ,,
South Kordofan,SD07,Al Quoz,SD07094," 58,987 ", Non-displaced , -   ," 11,687 "," 52,947 "," 14,157 "," 10,737 "," 41,291 "," 19,662 "," 49,602 ", -   ,,,,4," 52,947 "," 52,947 ", No ,,
South Kordofan,SD07,Dilling,SD07095," 80,376 ", Non-displaced , -   ," 33,609 "," 75,529 "," 19,290 "," 14,630 "," 56,263 "," 13,978 "," 75,529 ", -   ,,,,5," 75,529 "," 78,150 ", Yes ,,
South Kordofan,SD07,Heiban,SD07096," 137,532 ", Non-displaced , -   ," 45,510 "," 96,272 "," 82,519 "," 25,034 "," 96,272 "," 66,474 "," 59,098 ", -   ,,,,3," 96,272 "," 96,272 ", Yes ,,
South Kordofan,SD07,Ar Reif Ash Shargi,SD07097," 6,353 ", Non-displaced , -   ," 2,149 "," 5,082 "," 5,082 "," 1,156 "," 4,447 "," 5,029 "," 3,851 ", -   ,,,,4," 5,082 "," 5,082 ", Yes ,,
South Kordofan,SD07,Kadugli,SD07098," 11,455 ", Non-displaced , -   ," 4,178 "," 10,310 "," 9,164 "," 2,085 "," 10,310 "," 3,510 "," 10,310 ", -   ,,,,5," 10,310 "," 10,838 ", Yes ,,
South Kordofan,SD07,Al Buram,SD07099," 97,193 ", Non-displaced , -   ," 30,589 "," 87,464 "," 11,663 "," 17,692 "," 68,035 "," 17,819 "," 87,464 ", -   ,,,,4," 87,464 "," 87,464 ", Yes ,,
South Kordofan,SD07,Habila - SK,SD07103," 23,021 ", Non-displaced , -   ," 9,704 "," 22,307 "," 17,083 "," 4,191 "," 15,972 "," 9,682 "," 22,307 ", -   ,,,,5," 22,307 "," 23,021 ", Yes ,,
South Kordofan,SD07,Abu Kershola,SD07104," 29,976 ", Non-displaced , -   ," 11,114 "," 26,787 "," 21,671 "," 5,456 "," 20,983 "," 12,462 "," 26,787 ", -   ,,,,4," 26,787 "," 26,787 ", Yes ,,
South Kordofan,SD07,Al Leri,SD07105," 15,634 ", Non-displaced , -   , 550 ," 9,381 "," 5,341 "," 2,846 "," 7,817 "," 8,143 "," 8,530 ", -   ,,,,3," 9,381 "," 9,381 ", No ,,
South Kordofan,SD07,At Tadamon - SK,SD07106," 42,315 ", Non-displaced , -   ," 13,781 "," 31,736 "," 14,456 "," 7,703 "," 21,144 "," 11,362 "," 32,574 ", -   ,,,,3," 32,574 "," 32,574 ", No ,,
South Kordofan,SD07,Delami,SD07107," 9,719 ", Non-displaced , -   ," 4,014 "," 2,998 "," 2,333 "," 1,769 "," 6,803 "," 3,645 "," 6,803 ", -   ,,,,4," 6,803 "," 6,803 ", Yes ,,
South Kordofan,SD07,Ghadeer,SD07108," 21,757 ", Non-displaced , -   ," 7,439 "," 15,785 "," 7,694 "," 3,961 "," 15,230 "," 18,649 "," 14,142 ", -   ,,,,3," 18,649 "," 18,649 ", No ,,
Blue Nile,SD08,Baw,SD08104, -   , Non-displaced , -   , -   , -   , -   , -   , -   , -   , -   , -   ,,,,4, -   , -   , No ,,
Blue Nile,SD08,Ed Damazine,SD08105," 184,544 ", Non-displaced , -   ," 55,426 "," 132,946 "," 114,233 "," 32,445 "," 129,181 "," 125,490 "," 119,954 ", -   ,,,,4," 132,946 "," 132,946 ", No ,,
Blue Nile,SD08,Al Kurmuk,SD08106," 77,076 ", Non-displaced , -   ," 14,928 "," 72,451 "," 15,905 "," 13,551 "," 47,727 "," 69,368 "," 72,451 ", -   ,,,,4," 72,451 "," 72,451 ", Yes ,,
Blue Nile,SD08,Ar Rusayris,SD08107," 110,915 ", Non-displaced , -   ," 22,833 "," 97,561 "," 36,198 "," 19,501 ", -   ," 75,624 "," 66,549 ", -   ,,,,3," 97,561 "," 97,561 ", No ,,
Blue Nile,SD08,At Tadamon - BN,SD08108, -   , Non-displaced , -   , -   , -   , -   , -   , -   , -   , -   , -   ,,,,4, -   , -   , No ,,
Blue Nile,SD08,Geisan,SD08109," 54,213 ", Non-displaced , -   ," 12,126 "," 42,102 "," 37,136 "," 9,531 "," 27,107 "," 33,560 "," 32,528 ", -   ,,,,3," 42,102 "," 42,102 ", No ,,
Blue Nile,SD08,Wad Al Mahi,SD08110," 44,802 ", Non-displaced , -   ," 9,635 "," 23,355 "," 26,881 "," 7,877 "," 31,361 "," 2,466 "," 35,842 ", -   ,,,,4," 35,842 "," 35,842 ", No ,,
White Nile,SD09,Ad Diwaim,SD09044," 480,762 ", Non-displaced , -   ," 152,856 "," 362,928 "," 324,851 "," 88,063 "," 231,617 "," 57,482 "," 217,833 ", -   ,,,,3," 362,928 "," 362,928 ", No ,,
White Nile,SD09,Um Rimta,SD09045," 152,990 ", Non-displaced , -   ," 49,549 "," 115,492 "," 122,392 "," 28,023 "," 45,897 ", -   ," 136,238 ", -   ,,,,4," 136,238 "," 136,238 ", No ,,
White Nile,SD09,Rabak,SD09046," 395,992 ", Non-displaced , -   ," 63,423 "," 214,588 "," 214,588 "," 72,534 "," 116,426 "," 105,598 "," 204,886 ", -   ,,,,3," 214,588 "," 214,588 ", No ,,
White Nile,SD09,Kosti,SD09047," 384,439 ", Non-displaced , -   ," 63,294 "," 220,399 "," 220,399 "," 70,419 "," 115,332 "," 139,487 "," 82,193 ", -   ,,,,3," 220,399 "," 220,399 ", Yes ,,
White Nile,SD09,Tendalti,SD09048," 220,410 ", Non-displaced , -   ," 56,559 "," 152,942 "," 82,698 "," 40,374 "," 66,123 "," 32,561 "," 192,506 ", -   ,,,,3," 192,506 "," 192,506 ", No ,,
White Nile,SD09,As Salam / Ar Rawat,SD09049," 82,641 ", Non-displaced , -   ," 15,711 "," 37,908 "," 51,155 "," 15,137 "," 24,792 "," 69,927 "," 65,344 ", -   ,,,,4," 69,927 "," 69,927 ", No ,,
White Nile,SD09,Al Gitaina,SD09050," 292,692 ", Non-displaced , -   ," 55,506 "," 154,630 "," 154,630 "," 53,613 "," 84,781 ", -   ," 141,136 ", -   ,,,,3," 154,630 "," 154,630 ", No ,,
White Nile,SD09,Aj Jabalain,SD09051," 188,380 ", Non-displaced , -   ," 43,094 "," 136,189 "," 136,189 "," 34,506 "," 94,190 "," 94,190 "," 96,808 ", -   ,,,,4," 136,189 "," 136,189 ", Yes ,,
White Nile,SD09,Guli,SD09052," 229,304 ", Non-displaced , -   ," 8,242 "," 112,387 "," 105,104 "," 42,002 "," 112,387 "," 68,110 ", -   , -   ,,,,3," 112,387 "," 112,387 ", Yes ,,
Red Sea,SD10,Dordieb,SD10063," 75,692 ", Non-displaced , -   ," 1,769 "," 15,139 ", -   ," 11,617 "," 22,708 "," 25,952 "," 54,165 ", -   ,,,,3," 54,165 "," 54,165 ", Yes ,,
Red Sea,SD10,Port Sudan,SD10064," 353,807 ", Non-displaced , -   ," 57,381 "," 106,033 ", -   ," 54,300 "," 106,033 "," 38,249 "," 14,152 ", -   ,,,,3," 106,033 "," 106,033 ", Yes ,,
Red Sea,SD10,Tawkar,SD10065," 209,770 ", Non-displaced , -   ," 58,937 "," 105,703 "," 105,703 "," 32,193 "," 48,089 "," 26,553 "," 105,703 ", -   ,,,,3," 105,703 "," 105,703 ", Yes ,,
Red Sea,SD10,Hala'ib,SD10066," 33,614 ", Non-displaced , -   , -   ," 19,368 "," 15,921 "," 5,159 "," 10,084 "," 15,038 "," 10,404 ", -   ,,,,3," 19,368 "," 19,368 ", No ,,
Red Sea,SD10,Jubayt Elma'aadin,SD10067," 127,571 ", Non-displaced , -   , -   ," 71,963 ", -   ," 19,579 "," 38,271 "," 31,600 "," 63,262 ", -   ,,,,3," 71,963 "," 71,963 ", No ,,
Red Sea,SD10,Sawakin,SD10068," 107,183 ", Non-displaced , -   , -   ," 28,585 "," 32,155 "," 16,449 "," 32,155 ", -   , -   , -   ,,,,3," 32,155 "," 32,155 ", No ,,
Red Sea,SD10,Al Ganab,SD10069," 150,609 ", Non-displaced , -   , -   ," 119,960 ", -   ," 23,114 "," 45,183 "," 106,233 "," 111,737 ", -   ,,,,3," 119,960 "," 119,960 ", No ,,
Red Sea,SD10,Haya,SD10070," 350,635 ", Non-displaced , -   ," 22,233 "," 178,970 ", -   ," 53,813 "," 48,089 "," 178,970 "," 178,970 ", -   ,,,,3," 178,970 "," 178,970 ", Yes ,,
Red Sea,SD10,Sinkat,SD10071," 228,628 ", Non-displaced , -   ," 21,475 "," 48,089 ", -   ," 35,088 "," 48,089 ", -   ," 46,480 ", -   ,,,,3," 48,089 "," 48,089 ", Yes ,,
Red Sea,SD10,Agig,SD10072," 102,454 ", Non-displaced , -   , -   ," 49,259 ", -   ," 15,724 "," 30,736 ", -   ," 49,259 ", -   ,,,,3," 49,259 "," 49,259 ", Yes ,,
Kassala,SD11,Halfa Aj Jadeedah,SD11052," 328,013 ", Non-displaced , -   ," 15,771 "," 148,033 "," 148,033 "," 58,112 "," 98,404 ", -   ," 147,368 ", -   ,,,,3," 148,033 "," 148,033 ", No ,,
Kassala,SD11,Madeinat Kassala,SD11053," 458,604 ", Non-displaced , -   ," 80,625 ", -   ," 216,940 "," 81,248 "," 216,940 ", -   ," 33,019 ", -   ,,,,3," 216,940 "," 216,940 ", Yes ,,
Kassala,SD11,Reifi Gharb Kassala,SD11054," 123,250 ", Non-displaced , -   ," 21,692 "," 92,684 "," 58,771 "," 21,836 "," 36,964 "," 34,179 "," 103,345 ", -   ,,,,3," 103,345 "," 103,345 ", No ,,
Kassala,SD11,Reifi Aroma,SD11055," 149,462 ", Non-displaced , -   , -   ," 30,386 "," 108,054 "," 26,479 "," 44,839 "," 38,098 "," 99,646 ", -   ,,,,3," 108,054 "," 108,054 ", No ,,
Kassala,SD11,Reifi Kassla,SD11056," 197,983 ", Non-displaced , -   ," 30,759 "," 65,196 "," 98,992 "," 35,076 "," 98,992 "," 74,244 "," 44,744 ", -   ,,,,3," 98,992 "," 98,992 ", Yes ,,
Kassala,SD11,Reifi Shamal Ad Delta,SD11057," 49,793 ", Non-displaced , -   , 663 ," 13,762 "," 14,938 "," 8,821 "," 14,938 ", -   ," 14,938 ", -   ,,,,3," 14,938 "," 14,938 ", No ,,
Kassala,SD11,Reifi Hamashkureib,SD11058," 328,160 ", Non-displaced , -   , -   ," 254,389 "," 252,355 "," 58,139 "," 92,165 "," 295,344 "," 295,344 ", -   ,,,,4," 295,344 "," 295,344 ", Yes ,,
Kassala,SD11,Reifi Telkok,SD11059," 345,819 ", Non-displaced , -   ," 63,610 "," 75,907 "," 163,794 "," 61,267 "," 100,122 "," 237,384 "," 237,384 ", -   ,,,,3," 237,384 "," 237,384 ", Yes ,,
Kassala,SD11,Reifi Khashm Elgirba,SD11060," 143,056 ", Non-displaced , -   , -   ," 63,188 "," 71,528 "," 25,344 "," 71,528 "," 1,555 ", -   , -   ,,,,3," 71,528 "," 71,528 ", No ,,
Kassala,SD11,Reifi Wad Elhilaiw,SD11061," 175,000 ", Non-displaced , -   ," 46,935 "," 146,300 "," 140,000 "," 31,004 "," 51,505 "," 14,583 "," 146,300 ", -   ,,,,4," 146,300 "," 146,300 ", Yes ,,
Kassala,SD11,Reifi Nahr Atbara,SD11062," 213,389 ", Non-displaced , -   ," 41,257 ", -   ," 42,336 "," 37,805 "," 42,336 "," 36,581 "," 42,336 ", -   ,,,,3," 42,336 "," 42,336 ", No ,,
Gedaref,SD12,Al Butanah,SD12073," 141,786 ", Non-displaced , -   , -   , -   ," 87,766 "," 25,656 "," 70,893 "," 120,781 "," 120,781 ", -   ,,,,3," 120,781 "," 120,781 ", Yes ,,
Gedaref,SD12,Al Fao,SD12074," 357,843 ", Non-displaced , -   ," 98,592 "," 293,611 "," 164,021 "," 64,750 "," 246,790 "," 193,656 "," 269,849 ", -   ,,,,3," 293,611 "," 293,611 ", No ,,
Gedaref,SD12,Al Fashaga,SD12075," 33,262 ", Non-displaced , -   ," 3,420 "," 21,712 "," 21,712 "," 6,019 "," 9,979 "," 2,376 ", -   , -   ,,,,3," 21,712 "," 21,712 ", Yes ,,
Gedaref,SD12,Al Qureisha,SD12076," 165,659 ", Non-displaced , -   ," 46,783 "," 77,114 ", -   ," 29,975 "," 45,520 "," 6,762 "," 77,114 ", -   ,,,,3," 77,114 "," 77,114 ", Yes ,,
Gedaref,SD12,Basundah,SD12077," 85,798 ", Non-displaced , -   ," 24,340 "," 52,337 ", -   ," 15,524 "," 42,899 "," 52,889 "," 80,195 ", -   ,,,,4," 80,195 "," 80,195 ", Yes ,,
Gedaref,SD12,Al Galabat Al Gharbyah - Kassab,SD12078," 190,170 ", Non-displaced , -   ," 64,069 "," 95,884 "," 71,352 "," 34,410 "," 95,085 "," 37,067 "," 95,884 ", -   ,,,,3," 95,884 "," 95,884 ", Yes ,,
Gedaref,SD12,Gala'a Al Nahal,SD12079," 142,880 ", Non-displaced , -   ," 40,410 "," 98,158 ", -   ," 25,853 "," 100,016 "," 29,767 "," 95,258 ", -   ,,,,3," 100,016 "," 100,016 ", No ,,
Gedaref,SD12,Madeinat Al Gedaref,SD12080," 565,995 ", Non-displaced , -   ," 108,579 "," 395,348 "," 174,326 "," 102,414 "," 168,694 "," 149,822 "," 458,456 ", -   ,,,,3," 458,456 "," 458,456 ", No ,,
Gedaref,SD12,Wasat Al Gedaref,SD12081," 221,207 ", Non-displaced , -   ," 2,686 "," 48,002 "," 66,362 "," 40,026 "," 66,362 ", -   ," 66,362 ", -   ,,,,3," 66,362 "," 66,362 ", Yes ,,
Gedaref,SD12,Al Mafaza,SD12082," 102,260 ", Non-displaced , -   ," 39,399 "," 81,481 "," 36,163 "," 18,504 "," 51,130 "," 67,239 "," 81,409 ", -   ,,,,3," 81,481 "," 81,481 ", No ,,
Gedaref,SD12,Galabat Ash-Shargiah,SD12083," 211,343 ", Non-displaced , -   ," 67,510 "," 99,268 "," 74,739 "," 38,242 "," 63,342 "," 2,201 "," 99,268 ", -   ,,,,3," 99,268 "," 99,268 ", Yes ,,
Gedaref,SD12,Ar Rahad,SD12084," 276,278 ", Non-displaced , -   ," 47,108 "," 158,971 "," 126,635 "," 49,991 "," 45,520 "," 79,975 "," 158,971 ", -   ,,,,3," 158,971 "," 158,971 ", Yes ,,
North Kordofan,SD13,Um Rawaba,SD13023," 571,934 ", Non-displaced , -   ," 123,390 "," 351,281 "," 386,456 "," 105,187 "," 280,965 "," 231,497 "," 361,234 ", -   ,,,,3," 386,456 "," 386,456 ", No ,,
North Kordofan,SD13,Sheikan,SD13024," 843,279 ", Non-displaced , -   ," 301,956 "," 697,476 "," 674,623 "," 155,092 "," 584,917 "," 293,726 "," 507,148 ", -   ,,,,4," 697,476 "," 697,476 ", No ,,
North Kordofan,SD13,Soudari,SD13025," 432,523 ", Non-displaced , -   ," 174,784 "," 210,850 "," 168,892 "," 79,548 "," 210,850 ", -   ," 210,850 ", -   ,,,,3," 210,850 "," 210,850 ", Yes ,,
North Kordofan,SD13,Bara,SD13026," 316,620 ", Non-displaced , -   ," 132,290 "," 190,510 "," 234,948 "," 58,232 "," 284,644 "," 229,926 "," 184,716 ", -   ,,,,4," 284,644 "," 284,644 ", No ,,
North Kordofan,SD13,Gebrat Al Sheikh,SD13027," 359,549 ", Non-displaced , -   ," 120,759 "," 356,421 "," 266,803 "," 66,127 "," 179,504 "," 49,937 "," 356,421 ", -   ,,,,3," 356,421 "," 356,421 ", Yes ,,
North Kordofan,SD13,Um Dam Haj Ahmed,SD13028," 230,298 ", Non-displaced , -   ," 93,473 "," 149,993 "," 166,494 "," 42,355 "," 114,424 ", -   ," 116,623 ", -   ,,,,4," 166,494 "," 166,494 ", No ,,
North Kordofan,SD13,Gharb Bara,SD13029," 295,783 ", Non-displaced , -   ," 123,631 "," 279,900 "," 135,575 "," 54,399 "," 206,028 "," 220,459 "," 279,900 ", -   ,,,,4," 279,900 "," 279,900 ", Yes ,,
North Kordofan,SD13,Ar Rahad,SD13030," 247,447 ", Non-displaced , -   ," 54,787 "," 188,654 "," 190,287 "," 45,509 "," 172,979 "," 58,223 "," 190,287 ", -   ,,,,4," 190,287 "," 190,287 ", Yes ,,
Sennar,SD14,Abu Hujar,SD14037," 178,406 ", Non-displaced , -   ," 67,121 "," 173,000 "," 84,500 "," 32,354 "," 94,099 "," 60,531 "," 173,000 ", -   ,,,,4," 173,000 "," 173,000 ", Yes ,,
Sennar,SD14,Sennar,SD14038," 377,645 ", Non-displaced , -   ," 51,289 "," 173,097 "," 173,097 "," 68,485 "," 105,530 ", -   , -   , -   ,,,,3," 173,097 "," 173,097 ", Yes ,,
Sennar,SD14,Ad Dali,SD14039," 82,650 ", Non-displaced , -   ," 6,305 "," 35,936 ", -   ," 14,989 "," 41,325 ", -   ," 41,325 ", -   ,,,,3," 41,325 "," 41,325 ", Yes ,,
Sennar,SD14,Ad Dinder,SD14040," 262,449 ", Non-displaced , -   ," 33,459 "," 115,363 ", -   ," 47,595 "," 115,363 "," 20,996 ", -   , -   ,,,,3," 115,363 "," 115,363 ", Yes ,,
Sennar,SD14,As Suki,SD14041," 249,788 ", Non-displaced , -   , -   ," 109,058 ", -   ," 45,299 "," 115,363 ", -   , -   , -   ,,,,3," 115,363 "," 115,363 ", No ,,
Sennar,SD14,Sharg Sennar,SD14042," 338,087 ", Non-displaced , -   ," 102,568 "," 102,568 ", -   ," 61,312 ", -   ," 28,174 ", -   , -   ,,,,3," 102,568 "," 102,568 ", Yes ,,
Sennar,SD14,Sinja,SD14043," 185,675 ", Non-displaced , -   ," 45,706 "," 92,838 "," 18,872 "," 33,673 "," 92,838 "," 38,416 ", -   , -   ,,,,3," 92,838 "," 92,838 ", Yes ,,
Aj Jazirah,SD15,Medani Al Kubra,SD15030," 438,841 ", Non-displaced , -   ," 61,613 "," 215,033 "," 325,642 "," 78,636 "," 120,422 "," 84,222 "," 306,574 ", -   ,,,,4," 325,642 "," 325,642 ", No ,,
Aj Jazirah,SD15,Janub Aj Jazirah,SD15031," 721,698 ", Non-displaced , -   ," 102,035 "," 469,104 "," 469,104 "," 129,321 "," 120,422 ", -   ," 469,104 ", -   ,,,,3," 469,104 "," 469,104 ", Yes ,,
Aj Jazirah,SD15,Um Algura,SD15032," 29,411 ", Non-displaced , -   ," 4,358 "," 9,941 ", -   ," 5,271 "," 14,706 "," 5,882 "," 11,803 ", -   ,,,,3," 14,706 "," 14,706 ", No ,,
Aj Jazirah,SD15,Sharg Aj Jazirah,SD15033," 243,120 ", Non-displaced , -   ," 35,990 "," 125,207 ", -   ," 43,565 "," 121,560 "," 50,650 "," 194,496 ", -   ,,,,4," 194,496 "," 194,496 ", Yes ,,
Aj Jazirah,SD15,Al Hasahisa,SD15034," 845,302 ", Non-displaced , -   ," 111,581 "," 249,364 "," 587,316 "," 151,470 "," 120,422 ", -   , -   , -   ,,,,3," 587,316 "," 587,316 ", No ,,
Aj Jazirah,SD15,Al Kamlin,SD15035," 600,878 ", Non-displaced , -   ," 63,234 "," 255,373 "," 223,527 "," 107,671 "," 120,422 "," 27,948 "," 390,571 ", -   ,,,,3," 390,571 "," 390,571 ", Yes ,,
Aj Jazirah,SD15,Al Manaqil,SD15036," 831,714 ", Non-displaced , -   ," 107,525 "," 457,443 "," 396,595 "," 149,034 "," 200,703 "," 99,806 "," 349,819 ", -   ,,,,3," 457,443 "," 457,443 ", No ,,
Aj Jazirah,SD15,Al Qurashi,SD15037," 543,607 ", Non-displaced , -   ," 71,124 "," 200,703 ", -   ," 97,409 "," 200,703 ", -   , -   , -   ,,,,3," 200,703 "," 200,703 ", Yes ,,
River Nile,SD16,Abu Hamad,SD16008," 230,903 ", Non-displaced , -   ," 28,464 "," 62,159 "," 97,109 "," 39,193 ", -   ," 51,312 "," 97,109 ", -   ,,,,3," 97,109 "," 97,109 ", Yes ,,
River Nile,SD16,Al Matama,SD16009," 275,556 ", Non-displaced , -   ," 7,158 "," 107,164 ", -   ," 46,773 "," 137,778 "," 60,396 ", -   , -   ,,,,3," 137,778 "," 137,778 ", No ,,
River Nile,SD16,Shendi,SD16010," 440,369 ", Non-displaced , -   ," 87,183 "," 205,785 ", -   ," 74,749 "," 219,336 "," 73,395 ", -   , -   ,,,,3," 219,336 "," 219,336 ", No ,,
River Nile,SD16,Ad Damar,SD16011," 493,087 ", Non-displaced , -   ," 52,714 "," 175,292 ", -   ," 83,696 "," 144,458 "," 37,930 "," 40,088 ", -   ,,,,3," 175,292 "," 175,292 ", No ,,
River Nile,SD16,Atbara,SD16012," 226,725 ", Non-displaced , -   ," 15,086 "," 67,723 "," 68,018 "," 38,484 "," 68,018 "," 12,423 "," 25,801 ", -   ,,,,3," 68,018 "," 68,018 ", No ,,
River Nile,SD16,Barbar,SD16013," 268,996 ", Non-displaced , -   ," 34,687 "," 78,952 "," 78,952 "," 45,660 "," 78,952 "," 24,776 "," 47,720 ", -   ,,,,3," 78,952 "," 78,952 ", No ,,
River Nile,SD16,Al Buhaira,SD16014," 79,964 ", Non-displaced , -   , -   ," 21,527 ", -   ," 13,573 ", -   ," 27,144 ", -   , -   ,,,,3," 27,144 "," 27,144 ", No ,,
Northern,SD17,Halfa,SD17014," 49,135 ", Non-displaced , -   ," 4,316 "," 14,741 "," 5,896 "," 8,221 "," 14,741 "," 4,586 "," 7,400 ", -   ,,,,3," 14,741 "," 14,741 ", Yes ,,
Northern,SD17,Delgo,SD17015," 60,227 ", Non-displaced , -   ," 10,492 "," 30,114 ", -   ," 10,076 "," 30,114 "," 6,923 ", -   , -   ,,,,3," 30,114 "," 30,114 ", Yes ,,
Northern,SD17,Al Burgaig,SD17016," 129,083 ", Non-displaced , -   ," 3,957 "," 21,597 ", -   ," 21,597 ", -   , -   , -   , -   ,,,,3," 21,597 "," 21,597 ", No ,,
Northern,SD17,Dongola,SD17017," 213,151 ", Non-displaced , -   ," 34,792 "," 63,877 ", -   ," 35,662 "," 63,877 "," 31,085 "," 61,366 ", -   ,,,,3," 63,877 "," 63,877 ", Yes ,,
Northern,SD17,Al Golid,SD17018," 116,606 ", Non-displaced , -   ," 12,254 "," 34,982 ", -   ," 19,510 "," 34,982 "," 19,434 ", -   , -   ,,,,3," 34,982 "," 34,982 ", Yes ,,
Northern,SD17,Ad Dabbah,SD17019," 213,886 ", Non-displaced , -   ," 38,141 "," 160,415 "," 132,395 "," 35,785 "," 105,747 "," 12,833 "," 77,149 ", -   ,,,,4," 160,415 "," 160,415 ", No ,,
Northern,SD17,Merwoe,SD17020," 218,346 ", Non-displaced , -   ," 36,092 "," 103,583 ", -   ," 36,532 "," 103,583 "," 59,082 ", -   , -   ,,,,3," 103,583 "," 103,583 ", Yes ,,
West Kordofan,SD18,Ghubaish,SD18021," 218,943 ", Non-displaced , -   ," 89,562 "," 131,365 "," 26,273 "," 40,267 "," 106,691 "," 38,771 "," 131,365 ", -   ,,,,3," 131,365 "," 131,365 ", Yes ,,
West Kordofan,SD18,An Nuhud,SD18022," 329,576 ", Non-displaced , -   ," 48,535 "," 249,127 "," 263,661 "," 60,613 "," 228,276 "," 13,732 "," 263,661 ", -   ,,,,4," 263,661 "," 263,661 ", Yes ,,
West Kordofan,SD18,Abu Zabad,SD18028," 155,690 ", Non-displaced , -   ," 62,644 "," 106,850 "," 115,530 "," 28,634 "," 108,983 "," 76,223 "," 115,530 ", -   ,,,,4," 115,530 "," 115,530 ", Yes ,,
West Kordofan,SD18,Wad Bandah,SD18029," 222,398 ", Non-displaced , -   ," 90,626 "," 186,904 "," 82,732 "," 40,903 "," 152,180 "," 104,249 "," 186,904 ", -   ,,,,3," 186,904 "," 186,904 ", Yes ,,
West Kordofan,SD18,Keilak,SD18085," 101,065 ", Non-displaced , -   ," 39,602 "," 75,142 "," 24,256 "," 18,588 "," 70,746 "," 90,958 "," 77,476 ", -   ,,,,4," 90,958 "," 90,958 ", No ,,
West Kordofan,SD18,As Salam - WK,SD18086," 190,495 ", Non-displaced , -   ," 77,216 "," 118,108 "," 45,719 "," 35,035 "," 95,248 "," 147,290 "," 153,977 ", -   ,,,,3," 153,977 "," 153,977 ", No ,,
West Kordofan,SD18,Abyei,SD18087," 4,473 ", Non-displaced , -   ," 1,132 "," 2,020 "," 3,319 ", 823 ," 2,237 "," 1,867 "," 3,319 ", -   ,,,,3," 3,319 "," 3,319 ", Yes ,,
West Kordofan,SD18,As Sunut,SD18092," 253,562 ", Non-displaced , -   ," 100,728 "," 177,493 "," 152,137 "," 46,633 "," 177,493 "," 91,068 "," 177,493 ", -   ,,,,4," 177,493 "," 177,493 ", Yes ,,
West Kordofan,SD18,Babanusa,SD18100," 41,493 ", Non-displaced , -   ," 18,321 "," 25,933 "," 9,958 "," 7,631 "," 20,747 "," 32,082 "," 29,875 ", -   ,,,,4," 32,082 "," 32,082 ", No ,,
West Kordofan,SD18,Al Lagowa,SD18102," 129,650 ", Non-displaced , -   ," 50,083 "," 115,363 "," 31,116 "," 23,845 "," 90,755 "," 92,293 "," 99,429 ", -   ,,,,4," 115,363 "," 115,363 ", No ,,
West Kordofan,SD18,Al Dibab,SD18103," 97,927 ", Non-displaced , -   ," 39,427 "," 78,342 "," 23,502 "," 18,011 "," 48,964 "," 88,134 "," 88,134 ", -   ,,,,3," 88,134 "," 88,134 ", Yes ,,
West Kordofan,SD18,Al Idia,SD18104," 339,553 ", Non-displaced , -   ," 135,941 "," 328,484 "," 271,642 "," 62,449 "," 237,687 "," 288,620 "," 328,484 ", -   ,,,,4," 328,484 "," 328,484 ", Yes ,,
West Kordofan,SD18,Al Khiwai,SD18105," 146,068 ", Non-displaced , -   ," 61,774 "," 135,916 "," 108,390 "," 26,864 "," 102,248 "," 77,599 "," 135,916 ", -   ,,,,4," 135,916 "," 135,916 ", Yes ,,
West Kordofan,SD18,Al Meiram,SD18106," 63,616 ", Non-displaced , -   ," 15,261 "," 60,989 "," 50,893 "," 11,700 "," 31,808 "," 38,435 "," 60,989 ", -   ,,,,4," 60,989 "," 60,989 ", Yes ,,
Khartoum,SD01,Jebel Awlia,SD01001," 6,981 ", Refugees , -   , -   , -   , -   , -   , -   , -   , -   ," 6,981 ",,,,4, -   ," 6,981 ", No ,,
Khartoum,SD01,Um Bada,SD01002," 3,809 ", Refugees , -   , -   , -   , -   , -   , -   , -   , -   ," 3,809 ",,,,3, -   ," 3,809 ", No ,,
Khartoum,SD01,Bahri,SD01003," 2,622 ", Refugees , -   , -   , -   , -   , -   , -   , -   , -   ," 2,622 ",,,,3, -   ," 2,622 ", No ,,
Khartoum,SD01,Sharg An Neel,SD01004," 6,432 ", Refugees , -   , -   , -   , -   , -   , -   , -   , -   ," 6,432 ",,,,3, -   ," 6,432 ", No ,,
Khartoum,SD01,Karrari,SD01005," 17,232 ", Refugees , -   , -   , -   , -   , -   , -   , -   , -   ," 17,232 ",,,,4, -   ," 17,232 ", No ,,
Khartoum,SD01,Um Durman,SD01006," 2,831 ", Refugees , -   , -   , -   , -   , -   , -   , -   , -   ," 2,831 ",,,,4, -   ," 2,831 ", No ,,
Khartoum,SD01,Khartoum,SD01007," 7,793 ", Refugees , -   , -   , -   , -   , -   , -   , -   , -   ," 7,793 ",,,,4, -   ," 7,793 ", No ,,
North Darfur,SD02,Dar As Salam,SD02113, -   , Refugees , -   , -   , -   , -   , -   , -   , -   , -   , -   ,,,,4, -   , -   , No ,,
North Darfur,SD02,Al Fasher,SD02114," 1,409 ", Refugees , -   , -   , -   , -   , -   , -   , -   , -   ," 1,409 ",,,,5, -   ," 1,409 ", No ,,
North Darfur,SD02,Al Koma,SD02116, -   , Refugees , -   , -   , -   , -   , -   , -   , -   , -   , -   ,,,,4, -   , -   , No ,,
North Darfur,SD02,Al Malha,SD02117, -   , Refugees , -   , -   , -   , -   , -   , -   , -   , -   , -   ,,,,4, -   , -   , No ,,
North Darfur,SD02,As Serief,SD02118, -   , Refugees , -   , -   , -   , -   , -   , -   , -   , -   , -   ,,,,4, -   , -   , No ,,
North Darfur,SD02,At Tawisha,SD02119, -   , Refugees , -   , -   , -   , -   , -   , -   , -   , -   , -   ,,,,4, -   , -   , No ,,
North Darfur,SD02,Um Baru,SD02120, -   , Refugees , -   , -   , -   , -   , -   , -   , -   , -   , -   ,,,,4, -   , -   , No ,,
North Darfur,SD02,Kebkabiya,SD02124, -   , Refugees , -   , -   , -   , -   , -   , -   , -   , -   , -   ,,,,4, -   , -   , No ,,
North Darfur,SD02,Kelemando,SD02126, -   , Refugees , -   , -   , -   , -   , -   , -   , -   , -   , -   ,,,,4, -   , -   , No ,,
North Darfur,SD02,Kutum,SD02128, -   , Refugees , -   , -   , -   , -   , -   , -   , -   , -   , -   ,,,,4, -   , -   , No ,,
North Darfur,SD02,Melit,SD02129, -   , Refugees , -   , -   , -   , -   , -   , -   , -   , -   , -   ,,,,5, -   , -   , No ,,
North Darfur,SD02,Saraf Omra,SD02133, -   , Refugees , -   , -   , -   , -   , -   , -   , -   , -   , -   ,,,,4, -   , -   , No ,,
North Darfur,SD02,Um Kadadah,SD02136, -   , Refugees , -   , -   , -   , -   , -   , -   , -   , -   , -   ,,,,5, -   , -   , No ,,
North Darfur,SD02,Kernoi,SD02168, -   , Refugees , -   , -   , -   , -   , -   , -   , -   , -   , -   ,,,,4, -   , -   , No ,,
North Darfur,SD02,Al Lait,SD02169," 19,773 ", Refugees , -   , -   , -   , -   , -   , -   , -   , -   ," 19,773 ",,,,4, -   ," 19,773 ", No ,,
North Darfur,SD02,Tawila,SD02170, -   , Refugees , -   , -   , -   , -   , -   , -   , -   , -   , -   ,,,,5, -   , -   , No ,,
North Darfur,SD02,At Tina,SD02171, -   , Refugees , -   , -   , -   , -   , -   , -   , -   , -   , -   ,,,,3, -   , -   , No ,,
South Darfur,SD03,Al Radoum,SD03141," 9,885 ", Refugees , -   , -   , -   , -   , -   , -   , -   , -   ," 9,885 ",,,,3, -   ," 9,885 ", No ,,
South Darfur,SD03,Ed Al Fursan,SD03143, -   , Refugees , -   , -   , -   , -   , -   , -   , -   , -   , -   ,,,,3, -   , -   , No ,,
South Darfur,SD03,Kas,SD03144, -   , Refugees , -   , -   , -   , -   , -   , -   , -   , -   , -   ,,,,4, -   , -   , No ,,
South Darfur,SD03,Mershing,SD03145, -   , Refugees , -   , -   , -   , -   , -   , -   , -   , -   , -   ,,,,4, -   , -   , No ,,
South Darfur,SD03,Um Dafoug,SD03146," 3,229 ", Refugees , -   , -   , -   , -   , -   , -   , -   , -   ," 3,215 ",,,,3, -   ," 3,215 ", No ,,
South Darfur,SD03,Sharg Aj Jabal,SD03147, -   , Refugees , -   , -   , -   , -   , -   , -   , -   , -   , -   ,,,,4, -   , -   , No ,,
South Darfur,SD03,Tulus,SD03149, -   , Refugees , -   , -   , -   , -   , -   , -   , -   , -   , -   ,,,,3, -   , -   , No ,,
South Darfur,SD03,Al Wihda,SD03150, -   , Refugees , -   , -   , -   , -   , -   , -   , -   , -   , -   ,,,,4, -   , -   , No ,,
South Darfur,SD03,Nitega,SD03151, -   , Refugees , -   , -   , -   , -   , -   , -   , -   , -   , -   ,,,,4, -   , -   , No ,,
South Darfur,SD03,Gereida,SD03153, -   , Refugees , -   , -   , -   , -   , -   , -   , -   , -   , -   ,,,,4, -   , -   , No ,,
South Darfur,SD03,Shattaya,SD03154, -   , Refugees , -   , -   , -   , -   , -   , -   , -   , -   , -   ,,,,4, -   , -   , No ,,
South Darfur,SD03,As Sunta,SD03156, -   , Refugees , -   , -   , -   , -   , -   , -   , -   , -   , -   ,,,,4, -   , -   , No ,,
South Darfur,SD03,Kubum,SD03157, -   , Refugees , -   , -   , -   , -   , -   , -   , -   , -   , -   ,,,,4, -   , -   , No ,,
South Darfur,SD03,Rehaid Albirdi,SD03158, -   , Refugees , -   , -   , -   , -   , -   , -   , -   , -   , -   ,,,,4, -   , -   , No ,,
South Darfur,SD03,Kateila,SD03159, -   , Refugees , -   , -   , -   , -   , -   , -   , -   , -   , -   ,,,,4, -   , -   , No ,,
South Darfur,SD03,Buram,SD03161, 547 , Refugees , -   , -   , -   , -   , -   , -   , -   , -   , 547 ,,,,4, -   , 547 , No ,,
South Darfur,SD03,Beliel,SD03162," 3,701 ", Refugees , -   , -   , -   , -   , -   , -   , -   , -   ," 3,701 ",,,,4, -   ," 3,701 ", No ,,
South Darfur,SD03,Nyala Shimal,SD03164, -   , Refugees , -   , -   , -   , -   , -   , -   , -   , -   , -   ,,,,4, -   , -   , No ,,
South Darfur,SD03,As Salam - SD,SD03166, -   , Refugees , -   , -   , -   , -   , -   , -   , -   , -   , -   ,,,,4, -   , -   , No ,,
South Darfur,SD03,Nyala Janoub,SD03167," 3,439 ", Refugees , -   , -   , -   , -   , -   , -   , -   , -   ," 3,439 ",,,,4, -   ," 3,439 ", No ,,
South Darfur,SD03,Damso,SD03172," 1,620 ", Refugees , -   , -   , -   , -   , -   , -   , -   , -   ," 1,620 ",,,,3, -   ," 1,620 ", No ,,
West Darfur,SD04,Beida,SD04111, -   , Refugees , -   , -   , -   , -   , -   , -   , -   , -   , -   ,,,,4, -   , -   , No ,,
West Darfur,SD04,Ag Geneina,SD04115, 267 , Refugees , -   , -   , -   , -   , -   , -   , -   , -   , -   ,,,,3, -   , -   , No ,,
West Darfur,SD04,Foro Baranga,SD04121, -   , Refugees , -   , -   , -   , -   , -   , -   , -   , -   , -   ,,,,4, -   , -   , No ,,
West Darfur,SD04,Habila - WD,SD04122, 59 , Refugees , -   , -   , -   , -   , -   , -   , -   , -   , -   ,,,,4, -   , -   , No ,,
West Darfur,SD04,Jebel Moon,SD04123, -   , Refugees , -   , -   , -   , -   , -   , -   , -   , -   , -   ,,,,4, -   , -   , No ,,
West Darfur,SD04,Kereneik,SD04125, -   , Refugees , -   , -   , -   , -   , -   , -   , -   , -   , -   ,,,,4, -   , -   , No ,,
West Darfur,SD04,Kulbus,SD04127, -   , Refugees , -   , -   , -   , -   , -   , -   , -   , -   , -   ,,,,4, -   , -   , No ,,
West Darfur,SD04,Sirba,SD04134, -   , Refugees , -   , -   , -   , -   , -   , -   , -   , -   , -   ,,,,4, -   , -   , No ,,
East Darfur,SD05,Adila,SD05139," 2,721 ", Refugees , -   , -   , -   , -   , -   , -   , -   , -   ," 2,721 ",,,,4, -   ," 2,721 ", No ,,
East Darfur,SD05,Abu Jabrah,SD05140," 4,536 ", Refugees , -   , -   , -   , -   , -   , -   , -   , -   ," 4,536 ",,,,4, -   ," 4,536 ", No ,,
East Darfur,SD05,Ad Du'ayn,SD05142, -   , Refugees , -   , -   , -   , -   , -   , -   , -   , -   , -   ,,,,4, -   , -   , No ,,
East Darfur,SD05,Shia'ria,SD05148, -   , Refugees , -   , -   , -   , -   , -   , -   , -   , -   , -   ,,,,4, -   , -   , No ,,
East Darfur,SD05,Al Firdous,SD05152," 4,266 ", Refugees , -   , -   , -   , -   , -   , -   , -   , -   ," 4,266 ",,,,4, -   ," 4,266 ", No ,,
East Darfur,SD05,Abu Karinka,SD05155," 1,760 ", Refugees , -   , -   , -   , -   , -   , -   , -   , -   ," 1,760 ",,,,4, -   ," 1,760 ", No ,,
East Darfur,SD05,Bahr Al Arab,SD05160," 19,604 ", Refugees , -   , -   , -   , -   , -   , -   , -   , -   ," 19,604 ",,,,4, -   ," 19,604 ", No ,,
East Darfur,SD05,Assalaya,SD05163," 6,781 ", Refugees , -   , -   , -   , -   , -   , -   , -   , -   ," 6,781 ",,,,4, -   ," 6,781 ", No ,,
East Darfur,SD05,Yassin,SD05165, 914 , Refugees , -   , -   , -   , -   , -   , -   , -   , -   , 914 ,,,,4, -   , 914 , No ,,
Central Darfur,SD06,Azum,SD06110," 3,591 ", Refugees , -   , -   , -   , -   , -   , -   , -   , -   ," 3,591 ",,,,4, -   ," 3,591 ", No ,,
Central Darfur,SD06,Bendasi,SD06112, -   , Refugees , -   , -   , -   , -   , -   , -   , -   , -   , -   ,,,,4, -   , -   , No ,,
Central Darfur,SD06,Mukjar,SD06130, 7 , Refugees , -   , -   , -   , -   , -   , -   , -   , -   , -   ,,,,3, -   , -   , No ,,
Central Darfur,SD06,Gharb Jabal Marrah,SD06131, -   , Refugees , -   , -   , -   , -   , -   , -   , -   , -   , -   ,,,,4, -   , -   , No ,,
Central Darfur,SD06,Shamal Jabal Marrah,SD06132, -   , Refugees , -   , -   , -   , -   , -   , -   , -   , -   , -   ,,,,4, -   , -   , No ,,
Central Darfur,SD06,Um Dukhun,SD06135, -   , Refugees , -   , -   , -   , -   , -   , -   , -   , -   , -   ,,,,4, -   , -   , No ,,
Central Darfur,SD06,Wadi Salih,SD06137, -   , Refugees , -   , -   , -   , -   , -   , -   , -   , -   , -   ,,,,4, -   , -   , No ,,
Central Darfur,SD06,Zalingi,SD06138, 578 , Refugees , -   , -   , -   , -   , -   , -   , -   , -   , -   ,,,,4, -   , -   , No ,,
Central Darfur,SD06,Wasat Jabal Marrah,SD06139, -   , Refugees , -   , -   , -   , -   , -   , -   , -   , -   , -   ,,,,4, -   , -   , No ,,
South Kordofan,SD07,Abu Jubayhah,SD07088," 10,682 ", Refugees , -   , -   , -   , -   , -   , -   , -   , -   ," 10,682 ",,,,3, -   ," 10,682 ", No ,,
South Kordofan,SD07,Talawdi,SD07089, -   , Refugees , -   , -   , -   , -   , -   , -   , -   , -   , -   ,,,,3, -   , -   , No ,,
South Kordofan,SD07,Abassiya,SD07090, -   , Refugees , -   , -   , -   , -   , -   , -   , -   , -   , -   ,,,,4, -   , -   , No ,,
South Kordofan,SD07,Um Durein,SD07091, -   , Refugees , -   , -   , -   , -   , -   , -   , -   , -   , -   ,,,,3, -   , -   , No ,,
South Kordofan,SD07,Ar Rashad,SD07093, 173 , Refugees , -   , -   , -   , -   , -   , -   , -   , -   , -   ,,,,3, -   , -   , No ,,
South Kordofan,SD07,Al Quoz,SD07094, 312 , Refugees , -   , -   , -   , -   , -   , -   , -   , -   , -   ,,,,4, -   , -   , No ,,
South Kordofan,SD07,Dilling,SD07095, 664 , Refugees , -   , -   , -   , -   , -   , -   , -   , -   , 664 ,,,,5, -   , 664 , No ,,
South Kordofan,SD07,Heiban,SD07096, -   , Refugees , -   , -   , -   , -   , -   , -   , -   , -   , -   ,,,,3, -   , -   , No ,,
South Kordofan,SD07,Ar Reif Ash Shargi,SD07097, -   , Refugees , -   , -   , -   , -   , -   , -   , -   , -   , -   ,,,,4, -   , -   , No ,,
South Kordofan,SD07,Kadugli,SD07098," 1,924 ", Refugees , -   , -   , -   , -   , -   , -   , -   , -   ," 1,924 ",,,,5, -   ," 1,924 ", No ,,
South Kordofan,SD07,Al Buram,SD07099, -   , Refugees , -   , -   , -   , -   , -   , -   , -   , -   , -   ,,,,4, -   , -   , No ,,
South Kordofan,SD07,Habila - SK,SD07103, 263 , Refugees , -   , -   , -   , -   , -   , -   , -   , -   , -   ,,,,5, -   , -   , No ,,
South Kordofan,SD07,Abu Kershola,SD07104, -   , Refugees , -   , -   , -   , -   , -   , -   , -   , -   , -   ,,,,4, -   , -   , No ,,
South Kordofan,SD07,Al Leri,SD07105," 1,881 ", Refugees , -   , -   , -   , -   , -   , -   , -   , -   ," 1,880 ",,,,3, -   ," 1,880 ", No ,,
South Kordofan,SD07,At Tadamon - SK,SD07106, 935 , Refugees , -   , -   , -   , -   , -   , -   , -   , -   , 935 ,,,,3, -   , 935 , No ,,
South Kordofan,SD07,Delami,SD07107, -   , Refugees , -   , -   , -   , -   , -   , -   , -   , -   , -   ,,,,4, -   , -   , No ,,
South Kordofan,SD07,Ghadeer,SD07108," 13,430 ", Refugees , -   , -   , -   , -   , -   , -   , -   , -   , -   ,,,,3, -   , -   , No ,,
Blue Nile,SD08,Baw,SD08104, -   , Refugees , -   , -   , -   , -   , -   , -   , -   , -   , -   ,,,,4, -   , -   , No ,,
Blue Nile,SD08,Ed Damazine,SD08105, 419 , Refugees , -   , -   , -   , -   , -   , -   , -   , -   , -   ,,,,4, -   , -   , No ,,
Blue Nile,SD08,Al Kurmuk,SD08106, -   , Refugees , -   , -   , -   , -   , -   , -   , -   , -   , -   ,,,,4, -   , -   , No ,,
Blue Nile,SD08,Ar Rusayris,SD08107, -   , Refugees , -   , -   , -   , -   , -   , -   , -   , -   , -   ,,,,3, -   , -   , No ,,
Blue Nile,SD08,At Tadamon - BN,SD08108, -   , Refugees , -   , -   , -   , -   , -   , -   , -   , -   , -   ,,,,4, -   , -   , No ,,
Blue Nile,SD08,Geisan,SD08109, -   , Refugees , -   , -   , -   , -   , -   , -   , -   , -   , -   ,,,,3, -   , -   , No ,,
Blue Nile,SD08,Wad Al Mahi,SD08110," 13,076 ", Refugees , -   , -   , -   , -   , -   , -   , -   , -   ," 13,076 ",,,,4, -   ," 13,076 ", No ,,
White Nile,SD09,Ad Diwaim,SD09044, 10 , Refugees , -   , -   , -   , -   , -   , -   , -   , -   , -   ,,,,3, -   , -   , No ,,
White Nile,SD09,Um Rimta,SD09045, -   , Refugees , -   , -   , -   , -   , -   , -   , -   , -   , -   ,,,,4, -   , -   , No ,,
White Nile,SD09,Rabak,SD09046, -   , Refugees , -   , -   , -   , -   , -   , -   , -   , -   , -   ,,,,3, -   , -   , No ,,
White Nile,SD09,Kosti,SD09047," 35,689 ", Refugees , -   , -   , -   , -   , -   , -   , -   , -   ," 35,689 ",,,,3, -   ," 35,689 ", No ,,
White Nile,SD09,Tendalti,SD09048, 2 , Refugees , -   , -   , -   , -   , -   , -   , -   , -   , -   ,,,,3, -   , -   , No ,,
White Nile,SD09,As Salam / Ar Rawat,SD09049," 259,529 ", Refugees , -   , -   , -   , -   , -   , -   , -   , -   ," 259,529 ",,,,4, -   ," 259,529 ", No ,,
White Nile,SD09,Al Gitaina,SD09050, 2 , Refugees , -   , -   , -   , -   , -   , -   , -   , -   , -   ,,,,3, -   , -   , No ,,
White Nile,SD09,Aj Jabalain,SD09051," 154,497 ", Refugees , -   , -   , -   , -   , -   , -   , -   , -   ," 154,497 ",,,,4, -   ," 154,497 ", No ,,
White Nile,SD09,Guli,SD09052, -   , Refugees , -   , -   , -   , -   , -   , -   , -   , -   , -   ,,,,3, -   , -   , No ,,
Red Sea,SD10,Dordieb,SD10063, -   , Refugees , -   , -   , -   , -   , -   , -   , -   , -   , -   ,,,,3, -   , -   , No ,,
Red Sea,SD10,Port Sudan,SD10064," 20,648 ", Refugees , -   , -   , -   , -   , -   , -   , -   , -   ," 20,648 ",,,,3, -   ," 20,648 ", No ,,
Red Sea,SD10,Tawkar,SD10065, 31 , Refugees , -   , -   , -   , -   , -   , -   , -   , -   , -   ,,,,3, -   , -   , No ,,
Red Sea,SD10,Hala'ib,SD10066, -   , Refugees , -   , -   , -   , -   , -   , -   , -   , -   , -   ,,,,3, -   , -   , No ,,
Red Sea,SD10,Jubayt Elma'aadin,SD10067, -   , Refugees , -   , -   , -   , -   , -   , -   , -   , -   , -   ,,,,3, -   , -   , No ,,
Red Sea,SD10,Sawakin,SD10068," 1,091 ", Refugees , -   , -   , -   , -   , -   , -   , -   , -   ," 1,091 ",,,,3, -   ," 1,091 ", No ,,
Red Sea,SD10,Al Ganab,SD10069, -   , Refugees , -   , -   , -   , -   , -   , -   , -   , -   , -   ,,,,3, -   , -   , No ,,
Red Sea,SD10,Haya,SD10070, -   , Refugees , -   , -   , -   , -   , -   , -   , -   , -   , -   ,,,,3, -   , -   , No ,,
Red Sea,SD10,Sinkat,SD10071, 74 , Refugees , -   , -   , -   , -   , -   , -   , -   , -   , -   ,,,,3, -   , -   , No ,,
Red Sea,SD10,Agig,SD10072, -   , Refugees , -   , -   , -   , -   , -   , -   , -   , -   , -   ,,,,3, -   , -   , No ,,
Kassala,SD11,Halfa Aj Jadeedah,SD11052," 1,340 ", Refugees , -   , -   , -   , -   , -   , -   , -   , -   , -   ,,,,3, -   , -   , No ,,
Kassala,SD11,Madeinat Kassala,SD11053," 5,900 ", Refugees , -   , -   , -   , -   , -   , -   , -   , -   ," 5,900 ",,,,3, -   ," 5,900 ", No ,,
Kassala,SD11,Reifi Gharb Kassala,SD11054, -   , Refugees , -   , -   , -   , -   , -   , -   , -   , -   , -   ,,,,3, -   , -   , No ,,
Kassala,SD11,Reifi Aroma,SD11055, -   , Refugees , -   , -   , -   , -   , -   , -   , -   , -   , -   ,,,,3, -   , -   , No ,,
Kassala,SD11,Reifi Kassla,SD11056," 20,404 ", Refugees , -   , -   , -   , -   , -   , -   , -   , -   ," 20,404 ",,,,3, -   ," 20,404 ", No ,,
Kassala,SD11,Reifi Shamal Ad Delta,SD11057, -   , Refugees , -   , -   , -   , -   , -   , -   , -   , -   , -   ,,,,3, -   , -   , No ,,
Kassala,SD11,Reifi Hamashkureib,SD11058, -   , Refugees , -   , -   , -   , -   , -   , -   , -   , -   , -   ,,,,4, -   , -   , No ,,
Kassala,SD11,Reifi Telkok,SD11059, -   , Refugees , -   , -   , -   , -   , -   , -   , -   , -   , -   ,,,,3, -   , -   , No ,,
Kassala,SD11,Reifi Khashm Elgirba,SD11060," 18,235 ", Refugees , -   , -   , -   , -   , -   , -   , -   , -   ," 18,235 ",,,,3, -   ," 18,235 ", No ,,
Kassala,SD11,Reifi Wad Elhilaiw,SD11061," 71,935 ", Refugees , -   , -   , -   , -   , -   , -   , -   , -   ," 71,935 ",,,,4, -   ," 71,935 ", No ,,
Kassala,SD11,Reifi Nahr Atbara,SD11062, -   , Refugees , -   , -   , -   , -   , -   , -   , -   , -   , -   ,,,,3, -   , -   , No ,,
Gedaref,SD12,Al Butanah,SD12073, -   , Refugees , -   , -   , -   , -   , -   , -   , -   , -   , -   ,,,,3, -   , -   , No ,,
Gedaref,SD12,Al Fao,SD12074, 7 , Refugees , -   , -   , -   , -   , -   , -   , -   , -   , -   ,,,,3, -   , -   , No ,,
Gedaref,SD12,Al Fashaga,SD12075," 21,132 ", Refugees , -   , -   , -   , -   , -   , -   , -   , -   ," 21,132 ",,,,3, -   ," 21,132 ", No ,,
Gedaref,SD12,Al Qureisha,SD12076, -   , Refugees , -   , -   , -   , -   , -   , -   , -   , -   , -   ,,,,3, -   , -   , No ,,
Gedaref,SD12,Basundah,SD12077," 2,513 ", Refugees , -   , -   , -   , -   , -   , -   , -   , -   ," 2,513 ",,,,4, -   ," 2,513 ", No ,,
Gedaref,SD12,Al Galabat Al Gharbyah - Kassab,SD12078, -   , Refugees , -   , -   , -   , -   , -   , -   , -   , -   , -   ,,,,3, -   , -   , No ,,
Gedaref,SD12,Gala'a Al Nahal,SD12079, -   , Refugees , -   , -   , -   , -   , -   , -   , -   , -   , -   ,,,,3, -   , -   , No ,,
Gedaref,SD12,Madeinat Al Gedaref,SD12080, 2 , Refugees , -   , -   , -   , -   , -   , -   , -   , -   , -   ,,,,3, -   , -   , No ,,
Gedaref,SD12,Wasat Al Gedaref,SD12081," 4,142 ", Refugees , -   , -   , -   , -   , -   , -   , -   , -   ," 4,142 ",,,,3, -   ," 4,142 ", No ,,
Gedaref,SD12,Al Mafaza,SD12082," 22,913 ", Refugees , -   , -   , -   , -   , -   , -   , -   , -   ," 22,913 ",,,,3, -   ," 22,913 ", No ,,
Gedaref,SD12,Galabat Ash-Shargiah,SD12083," 18,700 ", Refugees , -   , -   , -   , -   , -   , -   , -   , -   ," 18,700 ",,,,3, -   ," 18,700 ", No ,,
Gedaref,SD12,Ar Rahad,SD12084, -   , Refugees , -   , -   , -   , -   , -   , -   , -   , -   , -   ,,,,3, -   , -   , No ,,
North Kordofan,SD13,Um Rawaba,SD13023, 836 , Refugees , -   , -   , -   , -   , -   , -   , -   , -   , 836 ,,,,3, -   , 836 , No ,,
North Kordofan,SD13,Sheikan,SD13024," 12,361 ", Refugees , -   , -   , -   , -   , -   , -   , -   , -   ," 12,361 ",,,,4, -   ," 12,361 ", No ,,
North Kordofan,SD13,Soudari,SD13025, -   , Refugees , -   , -   , -   , -   , -   , -   , -   , -   , -   ,,,,3, -   , -   , No ,,
North Kordofan,SD13,Bara,SD13026, -   , Refugees , -   , -   , -   , -   , -   , -   , -   , -   , -   ,,,,4, -   , -   , No ,,
North Kordofan,SD13,Gebrat Al Sheikh,SD13027, -   , Refugees , -   , -   , -   , -   , -   , -   , -   , -   , -   ,,,,3, -   , -   , No ,,
North Kordofan,SD13,Um Dam Haj Ahmed,SD13028, -   , Refugees , -   , -   , -   , -   , -   , -   , -   , -   , -   ,,,,4, -   , -   , No ,,
North Kordofan,SD13,Gharb Bara,SD13029, -   , Refugees , -   , -   , -   , -   , -   , -   , -   , -   , -   ,,,,4, -   , -   , No ,,
North Kordofan,SD13,Ar Rahad,SD13030," 1,320 ", Refugees , -   , -   , -   , -   , -   , -   , -   , -   ," 1,320 ",,,,4, -   ," 1,320 ", No ,,
Sennar,SD14,Abu Hujar,SD14037, -   , Refugees , -   , -   , -   , -   , -   , -   , -   , -   , -   ,,,,4, -   , -   , No ,,
Sennar,SD14,Sennar,SD14038, 30 , Refugees , -   , -   , -   , -   , -   , -   , -   , -   , -   ,,,,3, -   , -   , No ,,
Sennar,SD14,Ad Dali,SD14039, -   , Refugees , -   , -   , -   , -   , -   , -   , -   , -   , -   ,,,,3, -   , -   , No ,,
Sennar,SD14,Ad Dinder,SD14040," 2,141 ", Refugees , -   , -   , -   , -   , -   , -   , -   , -   ," 2,141 ",,,,3, -   ," 2,141 ", No ,,
Sennar,SD14,As Suki,SD14041, -   , Refugees , -   , -   , -   , -   , -   , -   , -   , -   , -   ,,,,3, -   , -   , No ,,
Sennar,SD14,Sharg Sennar,SD14042, -   , Refugees , -   , -   , -   , -   , -   , -   , -   , -   , -   ,,,,3, -   , -   , No ,,
Sennar,SD14,Sinja,SD14043, -   , Refugees , -   , -   , -   , -   , -   , -   , -   , -   , -   ,,,,3, -   , -   , No ,,
Aj Jazirah,SD15,Medani Al Kubra,SD15030, 93 , Refugees , -   , -   , -   , -   , -   , -   , -   , -   , -   ,,,,4, -   , -   , No ,,
Aj Jazirah,SD15,Janub Aj Jazirah,SD15031, -   , Refugees , -   , -   , -   , -   , -   , -   , -   , -   , -   ,,,,3, -   , -   , No ,,
Aj Jazirah,SD15,Um Algura,SD15032, 553 , Refugees , -   , -   , -   , -   , -   , -   , -   , -   , -   ,,,,3, -   , -   , No ,,
Aj Jazirah,SD15,Sharg Aj Jazirah,SD15033, 112 , Refugees , -   , -   , -   , -   , -   , -   , -   , -   , -   ,,,,4, -   , -   , No ,,
Aj Jazirah,SD15,Al Hasahisa,SD15034," 1,741 ", Refugees , -   , -   , -   , -   , -   , -   , -   , -   ," 1,741 ",,,,3, -   ," 1,741 ", No ,,
Aj Jazirah,SD15,Al Kamlin,SD15035, -   , Refugees , -   , -   , -   , -   , -   , -   , -   , -   , -   ,,,,3, -   , -   , No ,,
Aj Jazirah,SD15,Al Manaqil,SD15036," 3,038 ", Refugees , -   , -   , -   , -   , -   , -   , -   , -   , -   ,,,,3, -   , -   , No ,,
Aj Jazirah,SD15,Al Qurashi,SD15037, -   , Refugees , -   , -   , -   , -   , -   , -   , -   , -   , -   ,,,,3, -   , -   , No ,,
River Nile,SD16,Abu Hamad,SD16008, 461 , Refugees , -   , -   , -   , -   , -   , -   , -   , -   , -   ,,,,3, -   , -   , No ,,
River Nile,SD16,Al Matama,SD16009, 96 , Refugees , -   , -   , -   , -   , -   , -   , -   , -   , -   ,,,,3, -   , -   , No ,,
River Nile,SD16,Shendi,SD16010," 3,539 ", Refugees , -   , -   , -   , -   , -   , -   , -   , -   ," 3,539 ",,,,3, -   ," 3,539 ", No ,,
River Nile,SD16,Ad Damar,SD16011," 1,479 ", Refugees , -   , -   , -   , -   , -   , -   , -   , -   , -   ,,,,3, -   , -   , No ,,
River Nile,SD16,Atbara,SD16012," 3,344 ", Refugees , -   , -   , -   , -   , -   , -   , -   , -   ," 3,344 ",,,,3, -   ," 3,344 ", No ,,
River Nile,SD16,Barbar,SD16013," 3,020 ", Refugees , -   , -   , -   , -   , -   , -   , -   , -   ," 3,020 ",,,,3, -   ," 3,020 ", No ,,
River Nile,SD16,Al Buhaira,SD16014, -   , Refugees , -   , -   , -   , -   , -   , -   , -   , -   , -   ,,,,3, -   , -   , No ,,
Northern,SD17,Halfa,SD17014, 359 , Refugees , -   , -   , -   , -   , -   , -   , -   , -   , 359 ,,,,3, -   , 359 , No ,,
Northern,SD17,Delgo,SD17015, 83 , Refugees , -   , -   , -   , -   , -   , -   , -   , -   , -   ,,,,3, -   , -   , No ,,
Northern,SD17,Al Burgaig,SD17016," 1,134 ", Refugees , -   , -   , -   , -   , -   , -   , -   , -   , -   ,,,,3, -   , -   , No ,,
Northern,SD17,Dongola,SD17017," 7,698 ", Refugees , -   , -   , -   , -   , -   , -   , -   , -   ," 7,698 ",,,,3, -   ," 7,698 ", No ,,
Northern,SD17,Al Golid,SD17018, 644 , Refugees , -   , -   , -   , -   , -   , -   , -   , -   , -   ,,,,3, -   , -   , No ,,
Northern,SD17,Ad Dabbah,SD17019," 1,918 ", Refugees , -   , -   , -   , -   , -   , -   , -   , -   , -   ,,,,4, -   , -   , No ,,
Northern,SD17,Merwoe,SD17020, 430 , Refugees , -   , -   , -   , -   , -   , -   , -   , -   , 430 ,,,,3, -   , 430 , No ,,
West Kordofan,SD18,Ghubaish,SD18021," 5,039 ", Refugees , -   , -   , -   , -   , -   , -   , -   , -   ," 5,039 ",,,,3, -   ," 5,039 ", No ,,
West Kordofan,SD18,An Nuhud,SD18022, -   , Refugees , -   , -   , -   , -   , -   , -   , -   , -   , -   ,,,,4, -   , -   , No ,,
West Kordofan,SD18,Abu Zabad,SD18028, 452 , Refugees , -   , -   , -   , -   , -   , -   , -   , -   , -   ,,,,4, -   , -   , No ,,
West Kordofan,SD18,Wad Bandah,SD18029, 3 , Refugees , -   , -   , -   , -   , -   , -   , -   , -   , -   ,,,,3, -   , -   , No ,,
West Kordofan,SD18,Keilak,SD18085," 6,336 ", Refugees , -   , -   , -   , -   , -   , -   , -   , -   ," 6,336 ",,,,4, -   ," 6,336 ", No ,,
West Kordofan,SD18,As Salam - WK,SD18086," 1,996 ", Refugees , -   , -   , -   , -   , -   , -   , -   , -   ," 1,995 ",,,,3, -   ," 1,995 ", No ,,
West Kordofan,SD18,Abyei,SD18087," 1,328 ", Refugees , -   , -   , -   , -   , -   , -   , -   , -   , -   ,,,,3, -   , -   , No ,,
West Kordofan,SD18,As Sunut,SD18092, -   , Refugees , -   , -   , -   , -   , -   , -   , -   , -   , -   ,,,,4, -   , -   , No ,,
West Kordofan,SD18,Babanusa,SD18100," 3,570 ", Refugees , -   , -   , -   , -   , -   , -   , -   , -   , -   ,,,,4, -   , -   , No ,,
West Kordofan,SD18,Al Lagowa,SD18102, 2 , Refugees , -   , -   , -   , -   , -   , -   , -   , -   , -   ,,,,4, -   , -   , No ,,
West Kordofan,SD18,Al Dibab,SD18103, -   , Refugees , -   , -   , -   , -   , -   , -   , -   , -   , -   ,,,,3, -   , -   , No ,,
West Kordofan,SD18,Al Idia,SD18104," 2,379 ", Refugees , -   , -   , -   , -   , -   , -   , -   , -   ," 2,379 ",,,,4, -   ," 2,379 ", No ,,
West Kordofan,SD18,Al Khiwai,SD18105, -   , Refugees , -   , -   , -   , -   , -   , -   , -   , -   , -   ,,,,4, -   , -   , No ,,
West Kordofan,SD18,Al Meiram,SD18106," 7,577 ", Refugees , -   , -   , -   , -   , -   , -   , -   , -   ," 7,577 ",,,,4, -   ," 7,577 ", No ,,
Khartoum,SD01,Jebel Awlia,SD01001," 95,153 ", Returnees , -   ," 20,696 "," 48,138 "," 73,173 "," 16,081 "," 45,993 ", -   ," 73,173 ", -   ,,,,4," 73,173 "," 73,173 ", Yes ,,
Khartoum,SD01,Um Bada,SD01002," 79,520 ", Returnees , -   ," 13,799 "," 54,416 "," 61,151 "," 13,438 "," 39,760 ", -   ," 71,568 ", -   ,,,,3," 71,568 "," 71,568 ", No ,,
Khartoum,SD01,Bahri,SD01003," 229,670 ", Returnees , -   ," 31,367 "," 134,977 "," 102,516 "," 38,813 "," 152,471 "," 25,519 "," 152,471 ", -   ,,,,3," 152,471 "," 152,471 ", Yes ,,
Khartoum,SD01,Sharg An Neel,SD01004," 61,143 ", Returnees , -   ," 12,512 "," 29,642 "," 47,019 "," 10,333 "," 30,510 "," 6,794 "," 47,019 ", -   ,,,,3," 47,019 "," 47,019 ", Yes ,,
Khartoum,SD01,Karrari,SD01005," 23,977 ", Returnees , -   ," 4,121 "," 14,338 "," 19,182 "," 4,052 "," 16,784 "," 5,994 "," 21,579 ", -   ,,,,4," 21,579 "," 21,579 ", No ,,
Khartoum,SD01,Um Durman,SD01006," 80,604 ", Returnees , -   ," 14,263 "," 36,699 "," 64,483 "," 13,621 "," 56,043 ", -   ," 64,483 ", -   ,,,,4," 64,483 "," 64,483 ", Yes ,,
Khartoum,SD01,Khartoum,SD01007," 35,730 ", Returnees , -   ," 6,776 "," 10,344 "," 24,475 "," 6,039 "," 25,011 "," 7,522 "," 32,157 ", -   ,,,,4," 32,157 "," 32,157 ", No ,,
North Darfur,SD02,Dar As Salam,SD02113, -   , Returnees , -   , -   , -   , -   , -   , -   , -   , -   , -   ,,,,4, -   , -   , No ,,
North Darfur,SD02,Al Fasher,SD02114, -   , Returnees , -   , -   , -   , -   , -   , -   , -   , -   , -   ,,,,5, -   , -   , No ,,
North Darfur,SD02,Al Koma,SD02116, -   , Returnees , -   , -   , -   , -   , -   , -   , -   , -   , -   ,,,,4, -   , -   , No ,,
North Darfur,SD02,Al Malha,SD02117, -   , Returnees , -   , -   , -   , -   , -   , -   , -   , -   , -   ,,,,4, -   , -   , No ,,
North Darfur,SD02,As Serief,SD02118, -   , Returnees , -   , -   , -   , -   , -   , -   , -   , -   , -   ,,,,4, -   , -   , No ,,
North Darfur,SD02,At Tawisha,SD02119, -   , Returnees , -   , -   , -   , -   , -   , -   , -   , -   , -   ,,,,4, -   , -   , No ,,
North Darfur,SD02,Um Baru,SD02120, -   , Returnees , -   , -   , -   , -   , -   , -   , -   , -   , -   ,,,,4, -   , -   , No ,,
North Darfur,SD02,Kebkabiya,SD02124, -   , Returnees , -   , -   , -   , -   , -   , -   , -   , -   , -   ,,,,4, -   , -   , No ,,
North Darfur,SD02,Kelemando,SD02126, -   , Returnees , -   , -   , -   , -   , -   , -   , -   , -   , -   ,,,,4, -   , -   , No ,,
North Darfur,SD02,Kutum,SD02128, -   , Returnees , -   , -   , -   , -   , -   , -   , -   , -   , -   ,,,,4, -   , -   , No ,,
North Darfur,SD02,Melit,SD02129, -   , Returnees , -   , -   , -   , -   , -   , -   , -   , -   , -   ,,,,5, -   , -   , No ,,
North Darfur,SD02,Saraf Omra,SD02133, -   , Returnees , -   , -   , -   , -   , -   , -   , -   , -   , -   ,,,,4, -   , -   , No ,,
North Darfur,SD02,Um Kadadah,SD02136, -   , Returnees , -   , -   , -   , -   , -   , -   , -   , -   , -   ,,,,5, -   , -   , No ,,
North Darfur,SD02,Kernoi,SD02168, -   , Returnees , -   , -   , -   , -   , -   , -   , -   , -   , -   ,,,,4, -   , -   , No ,,
North Darfur,SD02,Al Lait,SD02169, -   , Returnees , -   , -   , -   , -   , -   , -   , -   , -   , -   ,,,,4, -   , -   , No ,,
North Darfur,SD02,Tawila,SD02170, -   , Returnees , -   , -   , -   , -   , -   , -   , -   , -   , -   ,,,,5, -   , -   , No ,,
North Darfur,SD02,At Tina,SD02171, -   , Returnees , -   , -   , -   , -   , -   , -   , -   , -   , -   ,,,,3, -   , -   , No ,,
South Darfur,SD03,Al Radoum,SD03141, -   , Returnees , -   , -   , -   , -   , -   , -   , -   , -   , -   ,,,,3, -   , -   , No ,,
South Darfur,SD03,Ed Al Fursan,SD03143, -   , Returnees , -   , -   , -   , -   , -   , -   , -   , -   , -   ,,,,3, -   , -   , No ,,
South Darfur,SD03,Kas,SD03144, -   , Returnees , -   , -   , -   , -   , -   , -   , -   , -   , -   ,,,,4, -   , -   , No ,,
South Darfur,SD03,Mershing,SD03145, -   , Returnees , -   , -   , -   , -   , -   , -   , -   , -   , -   ,,,,4, -   , -   , No ,,
South Darfur,SD03,Um Dafoug,SD03146, -   , Returnees , -   , -   , -   , -   , -   , -   , -   , -   , -   ,,,,3, -   , -   , No ,,
South Darfur,SD03,Sharg Aj Jabal,SD03147, -   , Returnees , -   , -   , -   , -   , -   , -   , -   , -   , -   ,,,,4, -   , -   , No ,,
South Darfur,SD03,Tulus,SD03149, -   , Returnees , -   , -   , -   , -   , -   , -   , -   , -   , -   ,,,,3, -   , -   , No ,,
South Darfur,SD03,Al Wihda,SD03150, -   , Returnees , -   , -   , -   , -   , -   , -   , -   , -   , -   ,,,,4, -   , -   , No ,,
South Darfur,SD03,Nitega,SD03151, -   , Returnees , -   , -   , -   , -   , -   , -   , -   , -   , -   ,,,,4, -   , -   , No ,,
South Darfur,SD03,Gereida,SD03153, -   , Returnees , -   , -   , -   , -   , -   , -   , -   , -   , -   ,,,,4, -   , -   , No ,,
South Darfur,SD03,Shattaya,SD03154, -   , Returnees , -   , -   , -   , -   , -   , -   , -   , -   , -   ,,,,4, -   , -   , No ,,
South Darfur,SD03,As Sunta,SD03156, -   , Returnees , -   , -   , -   , -   , -   , -   , -   , -   , -   ,,,,4, -   , -   , No ,,
South Darfur,SD03,Kubum,SD03157, -   , Returnees , -   , -   , -   , -   , -   , -   , -   , -   , -   ,,,,4, -   , -   , No ,,
South Darfur,SD03,Rehaid Albirdi,SD03158, -   , Returnees , -   , -   , -   , -   , -   , -   , -   , -   , -   ,,,,4, -   , -   , No ,,
South Darfur,SD03,Kateila,SD03159, -   , Returnees , -   , -   , -   , -   , -   , -   , -   , -   , -   ,,,,4, -   , -   , No ,,
South Darfur,SD03,Buram,SD03161, -   , Returnees , -   , -   , -   , -   , -   , -   , -   , -   , -   ,,,,4, -   , -   , No ,,
South Darfur,SD03,Beliel,SD03162, -   , Returnees , -   , -   , -   , -   , -   , -   , -   , -   , -   ,,,,4, -   , -   , No ,,
South Darfur,SD03,Nyala Shimal,SD03164, -   , Returnees , -   , -   , -   , -   , -   , -   , -   , -   , -   ,,,,4, -   , -   , No ,,
South Darfur,SD03,As Salam - SD,SD03166, -   , Returnees , -   , -   , -   , -   , -   , -   , -   , -   , -   ,,,,4, -   , -   , No ,,
South Darfur,SD03,Nyala Janoub,SD03167, -   , Returnees , -   , -   , -   , -   , -   , -   , -   , -   , -   ,,,,4, -   , -   , No ,,
South Darfur,SD03,Damso,SD03172, -   , Returnees , -   , -   , -   , -   , -   , -   , -   , -   , -   ,,,,3, -   , -   , No ,,
West Darfur,SD04,Beida,SD04111, -   , Returnees , -   , -   , -   , -   , -   , -   , -   , -   , -   ,,,,4, -   , -   , No ,,
West Darfur,SD04,Ag Geneina,SD04115, 840 , Returnees , -   , 180 , 438 , 366 , 151 , 420 , 490 , 490 , -   ,,,,3, 490 , 490 , Yes ,,
West Darfur,SD04,Foro Baranga,SD04121, 115 , Returnees , -   , 43 , 78 , 71 , 20 , 58 , -   , 78 , -   ,,,,4, 78 , 78 , Yes ,,
West Darfur,SD04,Habila - WD,SD04122, 570 , Returnees , -   , 110 , 330 , 423 , 103 , 399 , 428 , 513 , -   ,,,,4, 513 , 513 , No ,,
West Darfur,SD04,Jebel Moon,SD04123," 1,250 ", Returnees , -   , 336 ," 1,125 "," 1,000 ", 225 , 613 , -   ," 1,125 ", -   ,,,,4," 1,125 "," 1,125 ", Yes ,,
West Darfur,SD04,Kereneik,SD04125, -   , Returnees , -   , -   , -   , -   , -   , -   , -   , -   , -   ,,,,4, -   , -   , No ,,
West Darfur,SD04,Kulbus,SD04127, 885 , Returnees , -   , 277 , -   , 212 , 160 , 613 , 74 , 613 , -   ,,,,4, 613 , 613 , Yes ,,
West Darfur,SD04,Sirba,SD04134, 260 , Returnees , -   , 62 , 225 , 62 , 47 , 110 , 72 , 234 , -   ,,,,4, 234 , 234 , No ,,
East Darfur,SD05,Adila,SD05139, -   , Returnees , -   , -   , -   , -   , -   , -   , -   , -   , -   ,,,,4, -   , -   , No ,,
East Darfur,SD05,Abu Jabrah,SD05140, -   , Returnees , -   , -   , -   , -   , -   , -   , -   , -   , -   ,,,,4, -   , -   , No ,,
East Darfur,SD05,Ad Du'ayn,SD05142, -   , Returnees , -   , -   , -   , -   , -   , -   , -   , -   , -   ,,,,4, -   , -   , No ,,
East Darfur,SD05,Shia'ria,SD05148, -   , Returnees , -   , -   , -   , -   , -   , -   , -   , -   , -   ,,,,4, -   , -   , No ,,
East Darfur,SD05,Al Firdous,SD05152, -   , Returnees , -   , -   , -   , -   , -   , -   , -   , -   , -   ,,,,4, -   , -   , No ,,
East Darfur,SD05,Abu Karinka,SD05155, -   , Returnees , -   , -   , -   , -   , -   , -   , -   , -   , -   ,,,,4, -   , -   , No ,,
East Darfur,SD05,Bahr Al Arab,SD05160, -   , Returnees , -   , -   , -   , -   , -   , -   , -   , -   , -   ,,,,4, -   , -   , No ,,
East Darfur,SD05,Assalaya,SD05163, -   , Returnees , -   , -   , -   , -   , -   , -   , -   , -   , -   ,,,,4, -   , -   , No ,,
East Darfur,SD05,Yassin,SD05165, -   , Returnees , -   , -   , -   , -   , -   , -   , -   , -   , -   ,,,,4, -   , -   , No ,,
Central Darfur,SD06,Azum,SD06110, -   , Returnees , -   , -   , -   , -   , -   , -   , -   , -   , -   ,,,,4, -   , -   , No ,,
Central Darfur,SD06,Bendasi,SD06112, -   , Returnees , -   , -   , -   , -   , -   , -   , -   , -   , -   ,,,,4, -   , -   , No ,,
Central Darfur,SD06,Mukjar,SD06130, -   , Returnees , -   , -   , -   , -   , -   , -   , -   , -   , -   ,,,,3, -   , -   , No ,,
Central Darfur,SD06,Gharb Jabal Marrah,SD06131, -   , Returnees , -   , -   , -   , -   , -   , -   , -   , -   , -   ,,,,4, -   , -   , No ,,
Central Darfur,SD06,Shamal Jabal Marrah,SD06132, -   , Returnees , -   , -   , -   , -   , -   , -   , -   , -   , -   ,,,,4, -   , -   , No ,,
Central Darfur,SD06,Um Dukhun,SD06135, -   , Returnees , -   , -   , -   , -   , -   , -   , -   , -   , -   ,,,,4, -   , -   , No ,,
Central Darfur,SD06,Wadi Salih,SD06137, -   , Returnees , -   , -   , -   , -   , -   , -   , -   , -   , -   ,,,,4, -   , -   , No ,,
Central Darfur,SD06,Zalingi,SD06138, -   , Returnees , -   , -   , -   , -   , -   , -   , -   , -   , -   ,,,,4, -   , -   , No ,,
Central Darfur,SD06,Wasat Jabal Marrah,SD06139, -   , Returnees , -   , -   , -   , -   , -   , -   , -   , -   , -   ,,,,4, -   , -   , No ,,
South Kordofan,SD07,Abu Jubayhah,SD07088, -   , Returnees , -   , -   , -   , -   , -   , -   , -   , -   , -   ,,,,3, -   , -   , No ,,
South Kordofan,SD07,Talawdi,SD07089, -   , Returnees , -   , -   , -   , -   , -   , -   , -   , -   , -   ,,,,3, -   , -   , No ,,
South Kordofan,SD07,Abassiya,SD07090, -   , Returnees , -   , -   , -   , -   , -   , -   , -   , -   , -   ,,,,4, -   , -   , No ,,
South Kordofan,SD07,Um Durein,SD07091, -   , Returnees , -   , -   , -   , -   , -   , -   , -   , -   , -   ,,,,3, -   , -   , No ,,
South Kordofan,SD07,Ar Rashad,SD07093, -   , Returnees , -   , -   , -   , -   , -   , -   , -   , -   , -   ,,,,3, -   , -   , No ,,
South Kordofan,SD07,Al Quoz,SD07094, -   , Returnees , -   , -   , -   , -   , -   , -   , -   , -   , -   ,,,,4, -   , -   , No ,,
South Kordofan,SD07,Dilling,SD07095, -   , Returnees , -   , -   , -   , -   , -   , -   , -   , -   , -   ,,,,5, -   , -   , No ,,
South Kordofan,SD07,Heiban,SD07096, -   , Returnees , -   , -   , -   , -   , -   , -   , -   , -   , -   ,,,,3, -   , -   , No ,,
South Kordofan,SD07,Ar Reif Ash Shargi,SD07097, -   , Returnees , -   , -   , -   , -   , -   , -   , -   , -   , -   ,,,,4, -   , -   , No ,,
South Kordofan,SD07,Kadugli,SD07098, -   , Returnees , -   , -   , -   , -   , -   , -   , -   , -   , -   ,,,,5, -   , -   , No ,,
South Kordofan,SD07,Al Buram,SD07099, -   , Returnees , -   , -   , -   , -   , -   , -   , -   , -   , -   ,,,,4, -   , -   , No ,,
South Kordofan,SD07,Habila - SK,SD07103, -   , Returnees , -   , -   , -   , -   , -   , -   , -   , -   , -   ,,,,5, -   , -   , No ,,
South Kordofan,SD07,Abu Kershola,SD07104, -   , Returnees , -   , -   , -   , -   , -   , -   , -   , -   , -   ,,,,4, -   , -   , No ,,
South Kordofan,SD07,Al Leri,SD07105, -   , Returnees , -   , -   , -   , -   , -   , -   , -   , -   , -   ,,,,3, -   , -   , No ,,
South Kordofan,SD07,At Tadamon - SK,SD07106, -   , Returnees , -   , -   , -   , -   , -   , -   , -   , -   , -   ,,,,3, -   , -   , No ,,
South Kordofan,SD07,Delami,SD07107, -   , Returnees , -   , -   , -   , -   , -   , -   , -   , -   , -   ,,,,4, -   , -   , No ,,
South Kordofan,SD07,Ghadeer,SD07108, -   , Returnees , -   , -   , -   , -   , -   , -   , -   , -   , -   ,,,,3, -   , -   , No ,,
Blue Nile,SD08,Baw,SD08104," 95,915 ", Returnees , -   ," 8,951 "," 85,815 "," 71,557 "," 16,863 "," 48,106 "," 83,126 "," 85,815 ", -   ,,,,4," 85,815 "," 85,815 ", Yes ,,
Blue Nile,SD08,Ed Damazine,SD08105, 350 , Returnees , -   , 105 , 252 , 217 , 61 , 105 , -   , 315 , -   ,,,,4, 315 , 315 , No ,,
Blue Nile,SD08,Al Kurmuk,SD08106, -   , Returnees , -   , -   , -   , -   , -   , -   , -   , -   , -   ,,,,4, -   , -   , No ,,
Blue Nile,SD08,Ar Rusayris,SD08107, -   , Returnees , -   , -   , -   , -   , -   , -   , -   , -   , -   ,,,,3, -   , -   , No ,,
Blue Nile,SD08,At Tadamon - BN,SD08108," 45,170 ", Returnees , -   ," 6,786 "," 40,653 "," 20,162 "," 7,941 "," 31,619 "," 39,524 "," 40,653 ", -   ,,,,4," 40,653 "," 40,653 ", Yes ,,
Blue Nile,SD08,Geisan,SD08109, -   , Returnees , -   , -   , -   , -   , -   , -   , -   , -   , -   ,,,,3, -   , -   , No ,,
Blue Nile,SD08,Wad Al Mahi,SD08110, -   , Returnees , -   , -   , -   , -   , -   , -   , -   , -   , -   ,,,,4, -   , -   , No ,,
White Nile,SD09,Ad Diwaim,SD09044, 600 , Returnees , -   , 191 , 453 , 405 , 110 , 180 , -   , 540 , -   ,,,,3, 540 , 540 , No ,,
White Nile,SD09,Um Rimta,SD09045," 25,250 ", Returnees , -   ," 8,178 "," 19,061 "," 20,200 "," 4,625 "," 17,671 ", -   ," 22,725 ", -   ,,,,4," 22,725 "," 22,725 ", No ,,
White Nile,SD09,Rabak,SD09046, 813 , Returnees , -   , 130 , 441 , 588 , 149 , 244 , -   , 588 , -   ,,,,3, 588 , 588 , Yes ,,
White Nile,SD09,Kosti,SD09047," 9,567 ", Returnees , -   ," 1,575 "," 5,485 "," 7,137 "," 1,753 "," 1,548 ", -   ," 8,610 ", -   ,,,,3," 8,610 "," 8,610 ", No ,,
White Nile,SD09,Tendalti,SD09048, 480 , Returnees , -   , 123 , 333 , 180 , 88 , 144 , -   , 432 , -   ,,,,3, 432 , 432 , No ,,
White Nile,SD09,As Salam / Ar Rawat,SD09049, 305 , Returnees , -   , 58 , 140 , 189 , 56 , 153 , -   , 189 , -   ,,,,4, 189 , 189 , Yes ,,
White Nile,SD09,Al Gitaina,SD09050," 14,480 ", Returnees , -   ," 2,746 "," 7,650 "," 11,584 "," 2,653 "," 4,242 ", -   ," 13,032 ", -   ,,,,3," 13,032 "," 13,032 ", No ,,
White Nile,SD09,Aj Jabalain,SD09051," 40,765 ", Returnees , -   ," 9,326 "," 36,689 "," 29,471 "," 7,467 "," 11,830 "," 34,650 "," 36,689 ", -   ,,,,4," 36,689 "," 36,689 ", Yes ,,
White Nile,SD09,Guli,SD09052, 179 , Returnees , -   , 6 , 82 , 82 , 33 , 54 , -   , -   , -   ,,,,3, 82 , 82 , Yes ,,
Red Sea,SD10,Dordieb,SD10063, -   , Returnees , -   , -   , -   , -   , -   , -   , -   , -   , -   ,,,,3, -   , -   , No ,,
Red Sea,SD10,Port Sudan,SD10064, -   , Returnees , -   , -   , -   , -   , -   , -   , -   , -   , -   ,,,,3, -   , -   , No ,,
Red Sea,SD10,Tawkar,SD10065, -   , Returnees , -   , -   , -   , -   , -   , -   , -   , -   , -   ,,,,3, -   , -   , No ,,
Red Sea,SD10,Hala'ib,SD10066, -   , Returnees , -   , -   , -   , -   , -   , -   , -   , -   , -   ,,,,3, -   , -   , No ,,
Red Sea,SD10,Jubayt Elma'aadin,SD10067, -   , Returnees , -   , -   , -   , -   , -   , -   , -   , -   , -   ,,,,3, -   , -   , No ,,
Red Sea,SD10,Sawakin,SD10068, -   , Returnees , -   , -   , -   , -   , -   , -   , -   , -   , -   ,,,,3, -   , -   , No ,,
Red Sea,SD10,Al Ganab,SD10069, -   , Returnees , -   , -   , -   , -   , -   , -   , -   , -   , -   ,,,,3, -   , -   , No ,,
Red Sea,SD10,Haya,SD10070, -   , Returnees , -   , -   , -   , -   , -   , -   , -   , -   , -   ,,,,3, -   , -   , No ,,
Red Sea,SD10,Sinkat,SD10071, -   , Returnees , -   , -   , -   , -   , -   , -   , -   , -   , -   ,,,,3, -   , -   , No ,,
Red Sea,SD10,Agig,SD10072, -   , Returnees , -   , -   , -   , -   , -   , -   , -   , -   , -   ,,,,3, -   , -   , No ,,
Kassala,SD11,Halfa Aj Jadeedah,SD11052, -   , Returnees , -   , -   , -   , -   , -   , -   , -   , -   , -   ,,,,3, -   , -   , No ,,
Kassala,SD11,Madeinat Kassala,SD11053, -   , Returnees , -   , -   , -   , -   , -   , -   , -   , -   , -   ,,,,3, -   , -   , No ,,
Kassala,SD11,Reifi Gharb Kassala,SD11054, -   , Returnees , -   , -   , -   , -   , -   , -   , -   , -   , -   ,,,,3, -   , -   , No ,,
Kassala,SD11,Reifi Aroma,SD11055, -   , Returnees , -   , -   , -   , -   , -   , -   , -   , -   , -   ,,,,3, -   , -   , No ,,
Kassala,SD11,Reifi Kassla,SD11056, -   , Returnees , -   , -   , -   , -   , -   , -   , -   , -   , -   ,,,,3, -   , -   , No ,,
Kassala,SD11,Reifi Shamal Ad Delta,SD11057, -   , Returnees , -   , -   , -   , -   , -   , -   , -   , -   , -   ,,,,3, -   , -   , No ,,
Kassala,SD11,Reifi Hamashkureib,SD11058, -   , Returnees , -   , -   , -   , -   , -   , -   , -   , -   , -   ,,,,4, -   , -   , No ,,
Kassala,SD11,Reifi Telkok,SD11059, -   , Returnees , -   , -   , -   , -   , -   , -   , -   , -   , -   ,,,,3, -   , -   , No ,,
Kassala,SD11,Reifi Khashm Elgirba,SD11060, -   , Returnees , -   , -   , -   , -   , -   , -   , -   , -   , -   ,,,,3, -   , -   , No ,,
Kassala,SD11,Reifi Wad Elhilaiw,SD11061, -   , Returnees , -   , -   , -   , -   , -   , -   , -   , -   , -   ,,,,4, -   , -   , No ,,
Kassala,SD11,Reifi Nahr Atbara,SD11062, -   , Returnees , -   , -   , -   , -   , -   , -   , -   , -   , -   ,,,,3, -   , -   , No ,,
Gedaref,SD12,Al Butanah,SD12073, -   , Returnees , -   , -   , -   , -   , -   , -   , -   , -   , -   ,,,,3, -   , -   , No ,,
Gedaref,SD12,Al Fao,SD12074, -   , Returnees , -   , -   , -   , -   , -   , -   , -   , -   , -   ,,,,3, -   , -   , No ,,
Gedaref,SD12,Al Fashaga,SD12075, -   , Returnees , -   , -   , -   , -   , -   , -   , -   , -   , -   ,,,,3, -   , -   , No ,,
Gedaref,SD12,Al Qureisha,SD12076, -   , Returnees , -   , -   , -   , -   , -   , -   , -   , -   , -   ,,,,3, -   , -   , No ,,
Gedaref,SD12,Basundah,SD12077, -   , Returnees , -   , -   , -   , -   , -   , -   , -   , -   , -   ,,,,4, -   , -   , No ,,
Gedaref,SD12,Al Galabat Al Gharbyah - Kassab,SD12078, -   , Returnees , -   , -   , -   , -   , -   , -   , -   , -   , -   ,,,,3, -   , -   , No ,,
Gedaref,SD12,Gala'a Al Nahal,SD12079, -   , Returnees , -   , -   , -   , -   , -   , -   , -   , -   , -   ,,,,3, -   , -   , No ,,
Gedaref,SD12,Madeinat Al Gedaref,SD12080, -   , Returnees , -   , -   , -   , -   , -   , -   , -   , -   , -   ,,,,3, -   , -   , No ,,
Gedaref,SD12,Wasat Al Gedaref,SD12081, -   , Returnees , -   , -   , -   , -   , -   , -   , -   , -   , -   ,,,,3, -   , -   , No ,,
Gedaref,SD12,Al Mafaza,SD12082, -   , Returnees , -   , -   , -   , -   , -   , -   , -   , -   , -   ,,,,3, -   , -   , No ,,
Gedaref,SD12,Galabat Ash-Shargiah,SD12083, -   , Returnees , -   , -   , -   , -   , -   , -   , -   , -   , -   ,,,,3, -   , -   , No ,,
Gedaref,SD12,Ar Rahad,SD12084, -   , Returnees , -   , -   , -   , -   , -   , -   , -   , -   , -   ,,,,3, -   , -   , No ,,
North Kordofan,SD13,Um Rawaba,SD13023, -   , Returnees , -   , -   , -   , -   , -   , -   , -   , -   , -   ,,,,3, -   , -   , No ,,
North Kordofan,SD13,Sheikan,SD13024, -   , Returnees , -   , -   , -   , -   , -   , -   , -   , -   , -   ,,,,4, -   , -   , No ,,
North Kordofan,SD13,Soudari,SD13025, -   , Returnees , -   , -   , -   , -   , -   , -   , -   , -   , -   ,,,,3, -   , -   , No ,,
North Kordofan,SD13,Bara,SD13026, -   , Returnees , -   , -   , -   , -   , -   , -   , -   , -   , -   ,,,,4, -   , -   , No ,,
North Kordofan,SD13,Gebrat Al Sheikh,SD13027, -   , Returnees , -   , -   , -   , -   , -   , -   , -   , -   , -   ,,,,3, -   , -   , No ,,
North Kordofan,SD13,Um Dam Haj Ahmed,SD13028, -   , Returnees , -   , -   , -   , -   , -   , -   , -   , -   , -   ,,,,4, -   , -   , No ,,
North Kordofan,SD13,Gharb Bara,SD13029, -   , Returnees , -   , -   , -   , -   , -   , -   , -   , -   , -   ,,,,4, -   , -   , No ,,
North Kordofan,SD13,Ar Rahad,SD13030, -   , Returnees , -   , -   , -   , -   , -   , -   , -   , -   , -   ,,,,4, -   , -   , No ,,
Sennar,SD14,Abu Hujar,SD14037," 13,071 ", Returnees , -   ," 4,918 "," 11,764 "," 6,191 "," 2,370 "," 9,150 "," 5,429 "," 11,764 ", -   ,,,,4," 11,764 "," 11,764 ", Yes ,,
Sennar,SD14,Sennar,SD14038," 17,715 ", Returnees , -   ," 2,406 "," 8,120 "," 8,120 "," 3,212 "," 2,289 ", -   , -   , -   ,,,,3," 8,120 "," 8,120 ", Yes ,,
Sennar,SD14,Ad Dali,SD14039," 13,594 ", Returnees , -   ," 1,037 "," 5,911 ", -   ," 2,466 "," 6,797 ", -   ," 6,797 ", -   ,,,,3," 6,797 "," 6,797 ", Yes ,,
Sennar,SD14,Ad Dinder,SD14040," 27,035 ", Returnees , -   ," 3,447 "," 13,518 ", -   ," 4,903 "," 13,518 "," 7,604 ", -   , -   ,,,,3," 13,518 "," 13,518 ", Yes ,,
Sennar,SD14,As Suki,SD14041," 68,929 ", Returnees , -   , -   ," 21,372 ", -   ," 12,500 "," 21,372 "," 4,595 ", -   , -   ,,,,3," 21,372 "," 21,372 ", Yes ,,
Sennar,SD14,Sharg Sennar,SD14042," 5,740 ", Returnees , -   ," 1,741 "," 1,741 ", -   ," 1,041 ", -   , 478 , -   , -   ,,,,3," 1,741 "," 1,741 ", Yes ,,
Sennar,SD14,Sinja,SD14043," 32,977 ", Returnees , -   ," 8,118 "," 16,489 "," 3,352 "," 5,980 "," 16,489 "," 7,729 ", -   , -   ,,,,3," 16,489 "," 16,489 ", Yes ,,
Aj Jazirah,SD15,Medani Al Kubra,SD15030," 59,930 ", Returnees , -   ," 8,414 "," 29,366 "," 44,471 "," 10,739 "," 29,965 "," 4,610 "," 53,937 ", -   ,,,,4," 53,937 "," 53,937 ", No ,,
Aj Jazirah,SD15,Janub Aj Jazirah,SD15031," 112,380 ", Returnees , -   ," 15,889 "," 73,047 "," 53,228 "," 20,137 "," 56,190 ", -   ," 73,047 ", -   ,,,,3," 73,047 "," 73,047 ", Yes ,,
Aj Jazirah,SD15,Um Algura,SD15032," 310,605 ", Returnees , -   ," 46,021 "," 104,985 ", -   ," 55,658 "," 78,924 "," 37,813 "," 248,484 ", -   ,,,,3," 248,484 "," 248,484 ", Yes ,,
Aj Jazirah,SD15,Sharg Aj Jazirah,SD15033," 388,540 ", Returnees , -   ," 57,516 "," 200,098 ", -   ," 69,623 "," 78,924 "," 37,004 "," 349,686 ", -   ,,,,4," 349,686 "," 349,686 ", Yes ,,
Aj Jazirah,SD15,Al Hasahisa,SD15034," 66,085 ", Returnees , -   ," 8,723 "," 19,495 "," 19,826 "," 11,842 "," 19,826 ", -   , -   , -   ,,,,3," 19,826 "," 19,826 ", Yes ,,
Aj Jazirah,SD15,Al Kamlin,SD15035, -   , Returnees , -   , -   , -   , -   , -   , -   , -   , -   , -   ,,,,3, -   , -   , No ,,
Aj Jazirah,SD15,Al Manaqil,SD15036," 15,455 ", Returnees , -   ," 1,998 "," 8,500 "," 7,370 "," 2,770 "," 7,728 ", -   ," 8,500 ", -   ,,,,3," 8,500 "," 8,500 ", Yes ,,
Aj Jazirah,SD15,Al Qurashi,SD15037, -   , Returnees , -   , -   , -   , -   , -   , -   , -   , -   , -   ,,,,3, -   , -   , No ,,
River Nile,SD16,Abu Hamad,SD16008, -   , Returnees , -   , -   , -   , -   , -   , -   , -   , -   , -   ,,,,3, -   , -   , No ,,
River Nile,SD16,Al Matama,SD16009, -   , Returnees , -   , -   , -   , -   , -   , -   , -   , -   , -   ,,,,3, -   , -   , No ,,
River Nile,SD16,Shendi,SD16010," 28,655 ", Returnees , -   ," 5,673 "," 13,390 ", -   ," 4,864 "," 13,920 "," 6,368 ", -   , -   ,,,,3," 13,920 "," 13,920 ", No ,,
River Nile,SD16,Ad Damar,SD16011, -   , Returnees , -   , -   , -   , -   , -   , -   , -   , -   , -   ,,,,3, -   , -   , No ,,
River Nile,SD16,Atbara,SD16012, -   , Returnees , -   , -   , -   , -   , -   , -   , -   , -   , -   ,,,,3, -   , -   , No ,,
River Nile,SD16,Barbar,SD16013, -   , Returnees , -   , -   , -   , -   , -   , -   , -   , -   , -   ,,,,3, -   , -   , No ,,
River Nile,SD16,Al Buhaira,SD16014, -   , Returnees , -   , -   , -   , -   , -   , -   , -   , -   , -   ,,,,3, -   , -   , No ,,
Northern,SD17,Halfa,SD17014, -   , Returnees , -   , -   , -   , -   , -   , -   , -   , -   , -   ,,,,3, -   , -   , No ,,
Northern,SD17,Delgo,SD17015, -   , Returnees , -   , -   , -   , -   , -   , -   , -   , -   , -   ,,,,3, -   , -   , No ,,
Northern,SD17,Al Burgaig,SD17016, -   , Returnees , -   , -   , -   , -   , -   , -   , -   , -   , -   ,,,,3, -   , -   , No ,,
Northern,SD17,Dongola,SD17017, -   , Returnees , -   , -   , -   , -   , -   , -   , -   , -   , -   ,,,,3, -   , -   , No ,,
Northern,SD17,Al Golid,SD17018, -   , Returnees , -   , -   , -   , -   , -   , -   , -   , -   , -   ,,,,3, -   , -   , No ,,
Northern,SD17,Ad Dabbah,SD17019, -   , Returnees , -   , -   , -   , -   , -   , -   , -   , -   , -   ,,,,4, -   , -   , No ,,
Northern,SD17,Merwoe,SD17020, -   , Returnees , -   , -   , -   , -   , -   , -   , -   , -   , -   ,,,,3, -   , -   , No ,,
West Kordofan,SD18,Ghubaish,SD18021, -   , Returnees , -   , -   , -   , -   , -   , -   , -   , -   , -   ,,,,3, -   , -   , No ,,
West Kordofan,SD18,An Nuhud,SD18022, -   , Returnees , -   , -   , -   , -   , -   , -   , -   , -   , -   ,,,,4, -   , -   , No ,,
West Kordofan,SD18,Abu Zabad,SD18028, -   , Returnees , -   , -   , -   , -   , -   , -   , -   , -   , -   ,,,,4, -   , -   , No ,,
West Kordofan,SD18,Wad Bandah,SD18029, -   , Returnees , -   , -   , -   , -   , -   , -   , -   , -   , -   ,,,,3, -   , -   , No ,,
West Kordofan,SD18,Keilak,SD18085, -   , Returnees , -   , -   , -   , -   , -   , -   , -   , -   , -   ,,,,4, -   , -   , No ,,
West Kordofan,SD18,As Salam - WK,SD18086, -   , Returnees , -   , -   , -   , -   , -   , -   , -   , -   , -   ,,,,3, -   , -   , No ,,
West Kordofan,SD18,Abyei,SD18087, -   , Returnees , -   , -   , -   , -   , -   , -   , -   , -   , -   ,,,,3, -   , -   , No ,,
West Kordofan,SD18,As Sunut,SD18092, -   , Returnees , -   , -   , -   , -   , -   , -   , -   , -   , -   ,,,,4, -   , -   , No ,,
West Kordofan,SD18,Babanusa,SD18100, -   , Returnees , -   , -   , -   , -   , -   , -   , -   , -   , -   ,,,,4, -   , -   , No ,,
West Kordofan,SD18,Al Lagowa,SD18102, -   , Returnees , -   , -   , -   , -   , -   , -   , -   , -   , -   ,,,,4, -   , -   , No ,,
West Kordofan,SD18,Al Dibab,SD18103, -   , Returnees , -   , -   , -   , -   , -   , -   , -   , -   , -   ,,,,3, -   , -   , No ,,
West Kordofan,SD18,Al Idia,SD18104, -   , Returnees , -   , -   , -   , -   , -   , -   , -   , -   , -   ,,,,4, -   , -   , No ,,
West Kordofan,SD18,Al Khiwai,SD18105, -   , Returnees , -   , -   , -   , -   , -   , -   , -   , -   , -   ,,,,4, -   , -   , No ,,
West Kordofan,SD18,Al Meiram,SD18106, -   , Returnees , -   , -   , -   , -   , -   , -   , -   , -   , -   ,,,,4, -   , -   , No ,,