,,,,,," 47,648,547 ",," 4,650,651 "," 13,271,937 "," 36,736,746 "," 28,129,290 "," 5,777,613 "," 19,078,606 "," 14,630,240 "," 14,407,859 "," 16,707,719 "," 14,235,515 "," 37,181,152 "," 3,975,351 "," 10,154,358 "," 27,817,072 "," 20,287,608 "," 8,003,960 "," 21,580,925 "," 882,066 ", -   , -   ," 15,047,395 "," 25,664,832 ",,,,,,,,,,,,,,,,,,,,,,,,,,,,,,,,,,,,,
Location,,,,,,Populaton,, Previous Year's Clusters' PiN ,,,,,,,,,,, Current Clusters' PiN ,,,,,,,,,,,Absolute PiN Differences,,,,,,,,,,,% PiN Differences,,,,,,,,,,,,,,,,,,,,,,,,,
 Admin 1 , Admin 1 P-Code , Admin 2 , Admin 2 P-Code , Admin 3 , Admin 3 P-Code , Population , Population Group , Site Management - Old , Education Old , Food Security and Livlihoods Old , Health Old , Nutrition Old , Protection Old , CP Old  , GBV Old , Mine Action Old , Shelter NFI Old , WASH Old , Site Management - New , Education New , Food Security and Livlihoods New , Health New , Nutrition New , Protection New , CP New , GBV New , Mine Action New , Shelter NFI New , WASH New , PiN Difference for Site Management  , PiN Difference for Education , Food Security and Livlihoods , PiN Difference for Health  , PiN Difference for Nutrition , PiN Difference for Protection , PiN Difference CP , PiN Difference GBV  , PiN Difference for Mine Action  , PiN Difference for Shelter NFI ,PiN Difference for WASH,Site Management ,Education,Food Security and Livlihoods2,Health ,Nutrition,Protection,CP,GBV,Mine Action ,Shelter NFI ,WASH2,,,,,,,,,,,,,,,
Khartoum,SD01,Jebel Awlia,SD01001,,," 10,542 ", IDPs ," 7,380 "," 1,898 "," 7,464 "," 7,907 ", 894 ," 9,488 "," 6,225 "," 7,380 "," 8,434 ", 960 ," 7,161 ", -   ," 4,383 "," 10,195 "," 15,497 "," 3,406 "," 10,076 ", -   ,,," 4,836 "," 15,497 ",," 2,485 "," 2,731 "," 7,591 "," 2,512 ", 588 ,,,," 3,876 "," 8,336 ",-100%,130%,40%,100%,280%,10%,-100%,,,400%,120%,,,,,,,,,,,,,,,
Khartoum,SD01,Um Bada,SD01002,,," 10,043 ", IDPs ," 5,022 "," 1,808 "," 7,110 "," 7,532 ", 469 ," 7,030 "," 5,931 "," 7,030 "," 5,022 "," 2,287 "," 4,826 ", -   ," 8,649 "," 34,110 "," 38,332 "," 8,424 "," 24,574 ", -   ,,, -   ," 44,861 ",," 6,841 "," 27,000 "," 30,800 "," 7,955 "," 17,544 ",,,,," 40,035 ",-100%,380%,380%,410%,1700%,250%,-100%,,,-100%,830%,,,,,,,,,,,,,,,
Khartoum,SD01,Bahri,SD01003,,," 33,400 ", IDPs ," 23,380 "," 6,012 "," 23,647 "," 25,050 "," 2,470 "," 30,060 "," 19,723 "," 23,380 "," 28,390 "," 6,083 "," 21,303 ", -   ," 3,445 "," 14,826 "," 11,260 "," 4,263 "," 12,104 ", -   ,,," 6,307 "," 14,826 ",," -2,567 "," -8,821 "," -13,790 "," 1,793 "," -17,956 ",,,, 224 ," -6,477 ",-100%,-40%,-40%,-60%,70%,-60%,-100%,,,0%,-30%,,,,,,,,,,,,,,,
Khartoum,SD01,Sharg An Neel,SD01004,,," 25,215 ", IDPs ," 17,651 "," 4,539 "," 17,852 "," 18,911 "," 1,610 "," 17,651 "," 14,889 "," 17,651 "," 20,172 "," 4,592 "," 10,643 ", -   ," 5,773 "," 13,678 "," 21,696 "," 4,768 "," 8,464 ", -   ,,," 8,549 "," 21,696 ",," 1,234 "," -4,174 "," 2,785 "," 3,158 "," -9,187 ",,,," 3,957 "," 11,053 ",-100%,30%,-20%,10%,200%,-50%,-100%,,,90%,100%,,,,,,,,,,,,,,,
Khartoum,SD01,Karrari,SD01005,,," 18,823 ", IDPs ," 13,177 "," 3,388 "," 13,327 "," 11,294 ", 811 ," 13,176 "," 11,115 "," 13,176 "," 15,058 "," 1,714 "," 11,300 ", -   ," 20,691 "," 71,994 "," 96,314 "," 20,346 "," 57,741 ", -   ,,," 24,455 "," 96,314 ",," 17,303 "," 58,667 "," 85,020 "," 19,535 "," 44,565 ",,,," 22,741 "," 85,014 ",-100%,510%,440%,750%,2410%,340%,-100%,,,1330%,750%,,,,,,,,,,,,,,,
Khartoum,SD01,Um Durman,SD01006,,," 12,871 ", IDPs ," 6,436 "," 2,317 "," 9,113 "," 9,653 ", 540 ," 11,584 "," 7,600 "," 9,011 "," 10,940 "," 2,930 "," 5,957 ", -   ," 12,191 "," 31,366 "," 55,114 "," 11,642 "," 33,807 ", -   ,,, -   ," 55,114 ",," 9,874 "," 22,253 "," 45,461 "," 11,102 "," 22,223 ",,,,," 49,157 ",-100%,430%,240%,470%,2060%,190%,-100%,,,-100%,830%,,,,,,,,,,,,,,,
Khartoum,SD01,Khartoum,SD01007,,," 6,805 ", IDPs ," 4,764 "," 1,225 "," 4,818 "," 5,104 ", 333 ," 6,125 "," 4,019 "," 4,764 "," 5,784 "," 1,549 ", -   , -   ," 1,226 "," 1,872 "," 4,429 "," 1,093 "," 3,233 ", -   ,,," 1,990 "," 4,429 ",, 1 ," -2,946 ", -675 , 760 ," -2,892 ",,,, 441 ,,-100%,0%,-60%,-10%,230%,-50%,-100%,,,30%,,,,,,,,,,,,,,,,
North Darfur,SD02,Dar As Salam,SD02113,,," 124,035 ", IDPs ," 37,211 "," 22,326 "," 87,817 "," 93,026 "," 21,360 "," 86,825 "," 72,126 "," 86,825 "," 99,228 "," 81,577 "," 122,100 "," 167,537 "," 86,943 "," 215,405 "," 147,193 "," 44,680 "," 166,983 ", -   ,,," 211,466 "," 215,405 "," 130,326 "," 64,617 "," 127,588 "," 54,167 "," 23,320 "," 80,158 ",,,," 129,889 "," 93,305 ",350%,290%,150%,60%,110%,90%,-100%,,,160%,80%,,,,,,,,,,,,,,,
North Darfur,SD02,Al Fasher,SD02114,,," 702,481 ", IDPs ," 561,985 "," 126,447 "," 497,357 "," 526,861 "," 112,906 "," 632,233 "," 414,815 "," 491,738 "," 597,109 "," 324,560 "," 522,882 "," 147,213 "," 82,421 "," 189,274 "," 156,056 "," 39,260 "," 188,171 ", -   ,,," 189,273 "," 189,274 "," -414,772 "," -44,026 "," -308,083 "," -370,805 "," -73,646 "," -444,062 ",,,," -135,287 "," -333,608 ",-70%,-30%,-60%,-70%,-70%,-70%,-100%,,,-40%,-60%,,,,,,,,,,,,,,,
North Darfur,SD02,Al Koma,SD02116,,," 10,045 ", IDPs ," 3,014 "," 1,808 "," 7,112 "," 9,041 "," 1,435 "," 5,023 "," 5,841 "," 3,014 "," 5,023 "," 9,077 "," 5,257 "," 34,608 "," 18,066 "," 44,496 "," 39,552 "," 9,230 "," 34,608 ", -   ,,," 29,178 "," 44,496 "," 31,594 "," 16,258 "," 37,384 "," 30,512 "," 7,795 "," 29,585 ",,,," 20,101 "," 39,239 ",1050%,900%,530%,340%,540%,590%,-100%,,,220%,750%,,,,,,,,,,,,,,,
North Darfur,SD02,Al Malha,SD02117,,," 6,255 ", IDPs ," 1,877 "," 1,126 "," 4,429 "," 4,691 ", 859 ," 3,128 "," 3,637 ", 626 ," 3,128 "," 1,246 "," 6,255 "," 50,278 "," 35,986 "," 90,500 "," 24,133 "," 18,772 "," 50,072 ", -   ,,," 89,908 "," 90,500 "," 48,401 "," 34,860 "," 86,071 "," 19,442 "," 17,913 "," 46,944 ",,,," 88,662 "," 84,245 ",2580%,3100%,1940%,410%,2090%,1500%,-100%,,,7120%,1350%,,,,,,,,,,,,,,,
North Darfur,SD02,As Serief,SD02118,,," 13,075 ", IDPs ," 3,923 "," 2,354 "," 9,257 "," 7,845 "," 1,778 "," 6,538 "," 7,603 "," 3,923 "," 6,538 "," 9,042 "," 11,897 ", -   ," 7,876 "," 18,420 "," 4,912 "," 3,821 "," 14,327 ", -   ,,," 13,918 "," 18,420 ",," 5,523 "," 9,163 "," -2,933 "," 2,043 "," 7,789 ",,,," 4,876 "," 6,523 ",-100%,230%,100%,-40%,110%,120%,-100%,,,50%,50%,,,,,,,,,,,,,,,
North Darfur,SD02,At Tawisha,SD02119,,," 1,945 ", IDPs , 195 , 350 ," 1,377 "," 1,167 ", 382 , 973 ," 1,149 ", 584 , 973 , 700 , -   ," 2,083 "," 1,209 "," 2,678 ", 714 , 555 ," 2,083 ", -   ,,," 1,984 "," 2,678 "," 1,888 ", 859 ," 1,301 ", -453 , 173 ," 1,110 ",,,," 1,284 ",,970%,250%,90%,-40%,50%,110%,-100%,,,180%,,,,,,,,,,,,,,,,
North Darfur,SD02,Um Baru,SD02120,,," 1,360 ", IDPs , 408 , 245 , 963 , 816 , 80 , 680 , 791 , 408 , 680 , 231 , -   ," 11,313 "," 6,402 "," 14,546 "," 3,879 "," 3,017 "," 8,081 ", -   ,,," 13,199 "," 14,546 "," 10,905 "," 6,157 "," 13,583 "," 3,063 "," 2,937 "," 7,401 ",,,," 12,968 ",,2670%,2520%,1410%,380%,3670%,1090%,-100%,,,5610%,,,,,,,,,,,,,,,,
North Darfur,SD02,Kebkabiya,SD02124,,," 82,555 ", IDPs ," 24,767 "," 14,860 "," 58,449 "," 61,916 "," 9,805 "," 57,789 "," 48,748 "," 24,767 "," 41,278 "," 61,047 "," 64,500 "," 71,712 "," 32,569 "," 92,201 "," 71,179 "," 19,125 "," 91,533 ", -   ,,," 65,512 "," 92,201 "," 46,945 "," 17,709 "," 33,752 "," 9,263 "," 9,320 "," 33,744 ",,,," 4,465 "," 27,701 ",190%,120%,60%,10%,100%,60%,-100%,,,10%,40%,,,,,,,,,,,,,,,
North Darfur,SD02,Kelemando,SD02126,,," 13,232 ", IDPs ," 3,970 "," 2,382 "," 9,368 "," 9,924 "," 1,820 "," 9,262 "," 7,695 "," 6,617 "," 6,616 "," 3,734 "," 8,582 "," 14,936 "," 6,388 "," 17,944 "," 5,121 "," 3,983 "," 14,936 ", -   ,,," 19,203 "," 19,203 "," 10,966 "," 4,006 "," 8,576 "," -4,803 "," 2,163 "," 5,674 ",,,," 15,469 "," 10,621 ",280%,170%,90%,-50%,120%,60%,-100%,,,410%,120%,,,,,,,,,,,,,,,
North Darfur,SD02,Kutum,SD02128,,," 155,003 ", IDPs ," 108,503 "," 27,901 "," 109,742 "," 116,252 "," 18,831 "," 108,502 "," 90,135 "," 108,502 "," 124,002 "," 137,738 "," 94,319 "," 142,163 "," 78,304 "," 180,527 "," 48,742 "," 37,913 "," 179,970 ", -   ,,," 182,781 "," 182,781 "," 33,660 "," 50,404 "," 70,785 "," -67,510 "," 19,082 "," 71,468 ",,,," 45,043 "," 88,462 ",30%,180%,60%,-60%,100%,70%,-100%,,,30%,90%,,,,,,,,,,,,,,,
North Darfur,SD02,Melit,SD02129,,," 46,779 ", IDPs ," 23,390 "," 8,420 "," 33,120 "," 35,084 "," 6,762 "," 32,745 "," 27,623 "," 32,745 "," 23,390 "," 23,827 "," 34,691 "," 42,354 "," 22,321 "," 54,455 "," 14,521 "," 11,295 "," 42,354 ", -   ,,," 54,455 "," 54,455 "," 18,964 "," 13,901 "," 21,335 "," -20,563 "," 4,533 "," 9,609 ",,,," 30,628 "," 19,764 ",80%,170%,60%,-60%,70%,30%,-100%,,,130%,60%,,,,,,,,,,,,,,,
North Darfur,SD02,Saraf Omra,SD02133,,," 65,012 ", IDPs ," 32,506 "," 11,702 "," 46,028 "," 48,759 "," 8,837 "," 45,508 "," 38,390 "," 45,509 "," 32,506 "," 52,519 "," 65,012 "," 56,267 "," 18,491 "," 72,344 "," 19,292 "," 15,006 "," 56,267 ", -   ,,," 72,343 "," 72,344 "," 23,761 "," 6,789 "," 26,316 "," -29,467 "," 6,169 "," 10,759 ",,,," 19,824 "," 7,332 ",70%,60%,60%,-60%,70%,20%,-100%,,,40%,10%,,,,,,,,,,,,,,,
North Darfur,SD02,Um Kadadah,SD02136,,," 38,640 ", IDPs ," 11,592 "," 6,955 "," 27,357 "," 28,980 "," 5,775 "," 27,048 "," 22,469 "," 27,048 "," 19,320 "," 19,288 "," 30,692 "," 30,538 "," 18,996 "," 39,263 "," 26,829 "," 8,144 "," 30,064 ", -   ,,," 22,540 "," 39,263 "," 18,946 "," 12,041 "," 11,906 "," -2,151 "," 2,369 "," 3,016 ",,,," 3,252 "," 8,571 ",160%,170%,40%,-10%,40%,10%,-100%,,,20%,30%,,,,,,,,,,,,,,,
North Darfur,SD02,Kernoi,SD02168,,," 1,605 ", IDPs , 482 , 289 ," 1,136 "," 1,204 ", 214 , 803 , 934 , 803 , 803 , 436 , -   , -   ," 1,098 "," 2,520 ", 672 , 523 ," 1,400 ", -   ,,," 1,633 "," 2,520 ",, 809 ," 1,384 ", -532 , 309 , 597 ,,,," 1,197 ",,-100%,280%,120%,-40%,140%,70%,-100%,,,270%,,,,,,,,,,,,,,,,
North Darfur,SD02,Al Lait,SD02169,,," 13,663 ", IDPs ," 4,099 "," 2,459 "," 9,673 "," 10,247 "," 2,320 "," 6,832 "," 7,945 "," 6,833 "," 6,832 "," 8,544 "," 13,663 ", -   ," 6,764 "," 15,737 "," 12,975 "," 3,264 "," 8,743 ", -   ,,," 15,737 "," 15,737 ",," 4,305 "," 6,064 "," 2,728 ", 944 ," 1,911 ",,,," 7,193 "," 2,074 ",-100%,180%,60%,30%,40%,30%,-100%,,,80%,20%,,,,,,,,,,,,,,,
North Darfur,SD02,Tawila,SD02170,,," 215,994 ", IDPs ," 64,799 "," 38,879 "," 152,924 "," 161,996 "," 37,196 "," 194,395 "," 127,545 "," 151,197 "," 183,595 "," 160,932 "," 181,241 "," 400,921 "," 142,977 "," 484,656 "," 458,195 "," 106,922 "," 510,031 ", -   ,,," 515,469 "," 515,470 "," 336,122 "," 104,098 "," 331,732 "," 296,200 "," 69,726 "," 315,636 ",,,," 354,537 "," 334,229 ",520%,270%,220%,180%,190%,160%,-100%,,,220%,180%,,,,,,,,,,,,,,,
North Darfur,SD02,At Tina,SD02171,,," 5,385 ", IDPs ," 1,616 ", 969 ," 3,813 "," 3,231 ", 722 ," 2,693 "," 3,132 "," 2,693 "," 2,693 "," 4,559 "," 5,385 ", -   , 41 ," 3,318 "," 1,475 "," 1,147 "," 2,348 ", -   ,,," 5,530 "," 5,531 ",, -928 , -495 ," -1,756 ", 425 , -345 ,,,, 971 , 146 ,-100%,-100%,-10%,-50%,60%,-10%,-100%,,,20%,0%,,,,,,,,,,,,,,,
South Darfur,SD03,Al Radoum,SD03141,,," 37,790 ", IDPs ," 3,779 "," 6,802 "," 26,755 "," 28,343 "," 2,082 "," 18,895 "," 21,975 "," 18,895 "," 18,895 "," 9,559 "," 32,840 ", -   ," 9,518 "," 33,441 "," 9,070 "," 7,055 "," 18,715 ", -   ,,, -   ," 34,011 ",," 2,716 "," 6,686 "," -19,273 "," 4,973 ", -180 ,,,,," 1,171 ",-100%,40%,20%,-70%,240%,0%,-100%,,,-100%,0%,,,,,,,,,,,,,,,
South Darfur,SD03,Ed Al Fursan,SD03143,,," 33,541 ", IDPs ," 16,771 "," 6,037 "," 23,747 "," 25,156 "," 2,200 "," 23,479 "," 19,505 "," 16,772 "," 16,771 "," 18,038 "," 32,766 ", -   ," 10,662 "," 24,004 "," 24,004 "," 6,284 "," 16,831 ", -   ,,," 8,415 "," 24,004 ",," 4,625 ", 257 ," -1,152 "," 4,084 "," -6,648 ",,,," -9,623 "," -8,762 ",-100%,80%,0%,0%,190%,-30%,-100%,,,-50%,-30%,,,,,,,,,,,,,,,
South Darfur,SD03,Kas,SD03144,,," 153,958 ", IDPs ," 46,188 "," 27,712 "," 109,002 "," 115,469 "," 17,530 "," 107,771 "," 89,527 "," 138,563 "," 123,166 "," 102,181 "," 117,101 "," 107,870 "," 38,994 "," 122,818 "," 94,772 "," 28,768 "," 107,024 ", -   ,,," 135,608 "," 138,690 "," 61,682 "," 11,282 "," 13,816 "," -20,697 "," 11,238 ", -747 ,,,," 33,427 "," 21,589 ",130%,40%,10%,-20%,60%,0%,-100%,,,30%,20%,,,,,,,,,,,,,,,
South Darfur,SD03,Mershing,SD03145,,," 80,145 ", IDPs ," 24,044 "," 14,426 "," 56,743 "," 72,131 "," 5,952 "," 56,102 "," 47,326 "," 72,131 "," 40,073 "," 42,474 "," 48,383 "," 56,882 "," 24,972 "," 65,008 "," 65,008 "," 15,170 "," 40,630 ", -   ,,," 59,272 "," 65,008 "," 32,838 "," 10,546 "," 8,265 "," -7,123 "," 9,218 "," -15,472 ",,,," 16,798 "," 16,625 ",140%,70%,10%,-10%,150%,-30%,-100%,,,40%,30%,,,,,,,,,,,,,,,
South Darfur,SD03,Um Dafoug,SD03146,,," 3,835 ", IDPs ," 1,151 ", 690 ," 2,715 "," 2,301 ", 149 ," 1,918 "," 2,230 "," 2,685 "," 1,918 "," 2,866 "," 3,835 ", -   ," 1,503 ", -   , 920 , 716 ," 1,918 ", -   ,,," 1,278 "," 1,918 ",, 813 ,," -1,381 ", 567 , -   ,,,," -1,588 "," -1,917 ",-100%,120%,-100%,-60%,380%,0%,-100%,,,-60%,-50%,,,,,,,,,,,,,,,
South Darfur,SD03,Sharg Aj Jabal,SD03147,,," 42,045 ", IDPs ," 12,614 "," 7,568 "," 29,768 "," 31,534 "," 7,455 "," 29,432 "," 24,449 "," 29,432 "," 21,023 "," 19,635 "," 34,637 ", -   ," 7,449 "," 41,265 "," 34,023 "," 8,559 "," 22,854 ", -   ,,," 9,552 "," 41,265 ",, -119 ," 11,497 "," 2,489 "," 1,104 "," -6,578 ",,,," -10,083 "," 6,628 ",-100%,0%,40%,10%,10%,-20%,-100%,,,-50%,20%,,,,,,,,,,,,,,,
South Darfur,SD03,Tulus,SD03149,,," 20,775 ", IDPs ," 10,388 "," 3,740 "," 14,709 "," 15,581 "," 2,213 "," 10,388 "," 12,080 "," 10,388 "," 10,388 "," 4,415 "," 11,137 ", -   ," 3,891 "," 17,216 ", -   ," 3,949 "," 10,575 ", -   ,,," 19,035 "," 19,035 ",, 152 ," 2,507 ",," 1,736 ", 187 ,,,," 14,620 "," 7,898 ",-100%,0%,20%,-100%,80%,0%,-100%,,,330%,70%,,,,,,,,,,,,,,,
South Darfur,SD03,Al Wihda,SD03150,,," 3,945 ", IDPs ," 1,184 ", 710 ," 2,793 "," 2,959 ", 322 ," 2,762 "," 2,294 "," 2,762 "," 1,973 "," 2,119 ", -   ," 5,233 "," 2,271 "," 6,728 "," 1,794 "," 1,345 "," 3,738 ", -   ,,," 6,061 "," 6,728 "," 4,049 "," 1,561 "," 3,935 "," -1,165 "," 1,023 ", 976 ,,,," 3,942 ",,340%,220%,140%,-40%,320%,40%,-100%,,,190%,,,,,,,,,,,,,,,,
South Darfur,SD03,Nitega,SD03151,,," 28,505 ", IDPs ," 8,552 "," 5,131 "," 20,182 "," 25,655 "," 3,589 "," 19,954 "," 16,576 "," 19,954 "," 14,253 "," 23,295 "," 21,453 "," 20,304 "," 10,477 "," 26,105 "," 23,204 "," 5,414 "," 14,503 ", -   ,,," 26,104 "," 26,105 "," 11,752 "," 5,346 "," 5,923 "," -2,451 "," 1,825 "," -5,451 ",,,," 2,809 "," 4,652 ",140%,100%,30%,-10%,50%,-30%,-100%,,,10%,20%,,,,,,,,,,,,,,,
South Darfur,SD03,Gereida,SD03153,,," 139,642 ", IDPs ," 69,821 "," 25,136 "," 98,867 "," 104,732 "," 12,835 "," 97,749 "," 81,202 "," 97,750 "," 111,714 "," 126,105 "," 139,642 "," 69,821 "," 49,841 "," 125,678 "," 33,514 "," 26,068 "," 97,646 ", -   ,,," 125,677 "," 125,678 ", -   ," 24,705 "," 26,811 "," -71,218 "," 13,233 ", -103 ,,,, -428 ," -13,964 ",0%,100%,30%,-70%,100%,0%,-100%,,,0%,-10%,,,,,,,,,,,,,,,
South Darfur,SD03,Shattaya,SD03154,,, -   , IDPs , -   , -   , -   , -   , -   , -   , -   , -   , -   , -   , -   ," 1,369 ", 718 ," 1,760 "," 1,564 ", 365 , 978 , -   ,,," 1,654 "," 1,760 ",,,,,,,,,,,,,,,,,,,,,,,,,,,,,,,,,,,,,
South Darfur,SD03,As Sunta,SD03156,,," 100,380 ", IDPs ," 70,266 "," 18,068 "," 71,069 "," 75,285 "," 6,088 "," 70,266 "," 58,371 "," 70,266 "," 80,304 "," 34,647 "," 94,979 "," 70,791 "," 17,013 "," 85,961 "," 24,271 "," 18,879 "," 70,371 ", -   ,,," 91,017 "," 91,017 ", 525 ," -1,055 "," 14,892 "," -51,014 "," 12,791 ", 105 ,,,," 56,370 "," -3,962 ",0%,-10%,20%,-70%,210%,0%,-100%,,,160%,0%,,,,,,,,,,,,,,,
South Darfur,SD03,Kubum,SD03157,,," 9,090 ", IDPs ," 4,545 "," 1,636 "," 6,436 "," 6,818 ", 774 ," 4,545 "," 5,286 "," 6,363 "," 4,545 "," 4,553 ", -   ," 6,363 "," 3,499 "," 8,181 "," 2,182 "," 1,696 "," 4,545 ", -   ,,," 8,181 "," 8,181 "," 1,818 "," 1,863 "," 1,745 "," -4,636 ", 922 , -   ,,,," 3,628 ",,40%,110%,30%,-70%,120%,0%,-100%,,,80%,,,,,,,,,,,,,,,,
South Darfur,SD03,Rehaid Albirdi,SD03158,,," 30,621 ", IDPs ," 15,311 "," 5,512 "," 21,680 "," 22,966 "," 1,421 "," 21,435 "," 17,807 "," 21,436 "," 15,311 "," 18,534 "," 25,152 "," 21,480 "," 11,648 "," 21,593 "," 3,682 "," 5,728 "," 21,272 ", -   ,,," 21,387 "," 21,593 "," 6,169 "," 6,136 ", -87 ," -19,284 "," 4,307 ", -163 ,,,," 2,853 "," -3,559 ",40%,110%,0%,-80%,300%,0%,-100%,,,20%,-10%,,,,,,,,,,,,,,,
South Darfur,SD03,Kateila,SD03159,,," 43,133 ", IDPs ," 21,567 "," 7,764 "," 30,538 "," 25,880 "," 3,155 "," 30,193 "," 25,082 "," 30,193 "," 21,567 "," 16,791 "," 42,236 ", -   ," 12,636 "," 40,167 "," 37,936 "," 8,331 "," 22,315 ", -   ,,," 31,879 "," 40,167 ",," 4,872 "," 9,629 "," 12,056 "," 5,176 "," -7,878 ",,,," 15,088 "," -2,069 ",-100%,60%,30%,50%,160%,-30%,-100%,,,90%,0%,,,,,,,,,,,,,,,
South Darfur,SD03,Buram,SD03161,,," 194,660 ", IDPs ," 58,398 "," 35,039 "," 137,819 "," 145,995 "," 13,003 "," 136,262 "," 113,195 "," 136,262 "," 155,728 "," 117,705 "," 154,891 ", -   ," 36,865 "," 167,493 "," 46,895 "," 36,476 "," 132,704 ", -   ,,," 155,557 "," 167,493 ",," 1,826 "," 29,674 "," -99,100 "," 23,473 "," -3,558 ",,,," 37,852 "," 12,602 ",-100%,10%,20%,-70%,180%,0%,-100%,,,30%,10%,,,,,,,,,,,,,,,
South Darfur,SD03,Beliel,SD03162,,," 473,048 ", IDPs ," 141,915 "," 85,149 "," 334,918 "," 354,786 "," 26,677 "," 331,134 "," 275,077 "," 331,134 "," 402,091 "," 319,611 "," 242,011 "," 331,673 "," 145,282 "," 388,768 "," 224,419 "," 88,454 "," 329,497 ", -   ,,," 425,317 "," 426,436 "," 189,758 "," 60,133 "," 53,850 "," -130,367 "," 61,777 "," -1,637 ",,,," 105,706 "," 184,425 ",130%,70%,20%,-40%,230%,0%,-100%,,,30%,80%,,,,,,,,,,,,,,,
South Darfur,SD03,Nyala Shimal,SD03164,,," 327,705 ", IDPs ," 98,312 "," 58,987 "," 232,015 "," 245,779 "," 34,336 "," 294,935 "," 193,510 "," 229,394 "," 278,549 "," 237,768 "," 168,145 "," 164,714 "," 101,309 "," 234,454 "," 263,542 "," 61,499 "," 164,714 ", -   ,,," 226,481 "," 296,484 "," 66,402 "," 42,322 "," 2,439 "," 17,763 "," 27,163 "," -130,221 ",,,," -11,287 "," 128,339 ",70%,70%,0%,10%,80%,-40%,-100%,,,0%,80%,,,,,,,,,,,,,,,
South Darfur,SD03,As Salam - SD,SD03166,,," 16,250 ", IDPs ," 11,375 "," 2,925 "," 11,505 "," 12,188 "," 1,330 "," 11,375 "," 9,450 "," 11,375 "," 8,125 "," 9,865 "," 12,181 "," 8,125 "," 6,416 "," 8,370 "," 12,496 "," 3,034 "," 8,125 ", -   ,,," 11,250 "," 14,625 "," -3,250 "," 3,491 "," -3,135 ", 309 ," 1,704 "," -3,250 ",,,," 1,385 "," 2,444 ",-30%,120%,-30%,0%,130%,-30%,-100%,,,10%,20%,,,,,,,,,,,,,,,
South Darfur,SD03,Nyala Janoub,SD03167,,," 78,632 ", IDPs ," 39,316 "," 14,154 "," 55,671 "," 58,974 "," 7,955 "," 55,042 "," 46,433 "," 55,043 "," 39,316 "," 39,954 "," 20,429 ", -   ," 26,995 "," 61,468 "," 63,706 "," 14,866 "," 55,549 ", -   ,,," 19,908 "," 63,706 ",," 12,841 "," 5,797 "," 4,732 "," 6,911 ", 507 ,,,," -20,046 "," 43,277 ",-100%,90%,10%,10%,90%,0%,-100%,,,-50%,210%,,,,,,,,,,,,,,,
South Darfur,SD03,Damso,SD03172,,," 7,370 ", IDPs ," 2,211 "," 1,327 "," 5,218 "," 5,528 ", 738 ," 3,685 "," 4,286 "," 5,159 "," 3,685 "," 2,806 "," 7,048 ", -   , 796 ," 1,279 "," 1,807 "," 1,406 "," 3,765 ", -   ,,," 6,372 "," 6,777 ",, -531 ," -3,939 "," -3,721 ", 668 , 80 ,,,," 3,566 ", -271 ,-100%,-40%,-80%,-70%,90%,0%,-100%,,,130%,0%,,,,,,,,,,,,,,,
West Darfur,SD04,Beida,SD04111,,," 3,105 ", IDPs ," 1,553 ", 559 ," 2,198 "," 2,329 ", 400 ," 2,174 "," 1,806 "," 2,174 "," 1,553 "," 2,423 ", -   , -   ," 1,099 "," 2,668 ", 919 , 690 ," 1,915 ", -   ,,, 319 ," 3,447 ",, 540 , 470 ," -1,410 ", 290 , -259 ,,,," -2,104 ",,-100%,100%,20%,-60%,70%,-10%,-100%,,,-90%,,,,,,,,,,,,,,,,
West Darfur,SD04,Ag Geneina,SD04115,,," 70,495 ", IDPs ," 21,149 "," 12,689 "," 49,910 "," 52,871 "," 7,623 "," 49,347 "," 40,993 "," 49,347 "," 35,248 "," 23,927 "," 65,296 "," 82,369 "," 25,195 "," 61,306 "," 51,285 "," 21,180 "," 82,192 ", -   ,,," 15,483 "," 105,903 "," 61,220 "," 12,506 "," 11,396 "," -1,586 "," 13,557 "," 32,845 ",,,," -8,444 "," 40,607 ",290%,100%,20%,0%,180%,70%,-100%,,,-40%,60%,,,,,,,,,,,,,,,
West Darfur,SD04,Foro Baranga,SD04121,,," 9,710 ", IDPs ," 6,797 "," 1,748 "," 6,875 "," 7,283 "," 1,184 "," 6,797 "," 5,647 "," 4,855 "," 4,855 "," 4,996 ", -   , -   ," 9,154 "," 16,711 "," 15,098 "," 4,419 "," 12,068 ", -   ,,," 20,622 "," 22,095 ",," 7,406 "," 9,836 "," 7,816 "," 3,235 "," 5,271 ",,,," 15,626 ",,-100%,420%,140%,110%,270%,80%,-100%,,,310%,,,,,,,,,,,,,,,,
West Darfur,SD04,Habila - WD,SD04122,,," 28,260 ", IDPs ," 14,130 "," 5,087 "," 20,008 "," 21,195 "," 3,636 "," 19,782 "," 16,433 "," 25,434 "," 14,130 "," 18,014 "," 27,477 ", -   ," 5,127 "," 15,401 "," 19,768 "," 4,795 "," 17,599 ", -   ,,," 22,644 "," 23,976 ",, 40 ," -4,607 "," -1,427 "," 1,159 "," -2,183 ",,,," 4,630 "," -3,501 ",-100%,0%,-20%,-10%,30%,-10%,-100%,,,30%,-10%,,,,,,,,,,,,,,,
West Darfur,SD04,Jebel Moon,SD04123,,," 70,720 ", IDPs ," 35,360 "," 12,730 "," 50,070 "," 63,648 "," 6,882 "," 49,504 "," 41,124 "," 49,504 "," 35,360 "," 53,316 "," 61,885 "," 37,786 "," 14,505 "," 48,582 "," 43,184 "," 9,717 "," 37,213 ", -   ,,," 38,236 "," 48,582 "," 2,426 "," 1,775 "," -1,488 "," -20,464 "," 2,835 "," -12,291 ",,,," -15,080 "," -13,303 ",10%,10%,0%,-30%,40%,-20%,-100%,,,-30%,-20%,,,,,,,,,,,,,,,
West Darfur,SD04,Kereneik,SD04125,,," 41,790 ", IDPs ," 20,895 "," 7,522 "," 29,587 "," 31,343 "," 4,699 "," 29,253 "," 24,301 "," 29,253 "," 20,895 "," 25,790 "," 40,749 "," 46,638 "," 16,820 "," 56,825 "," 49,439 "," 11,993 "," 46,638 ", -   ,,," 47,193 "," 56,825 "," 25,743 "," 9,298 "," 27,238 "," 18,097 "," 7,294 "," 17,385 ",,,," 21,403 "," 16,076 ",120%,120%,90%,60%,160%,60%,-100%,,,80%,40%,,,,,,,,,,,,,,,
West Darfur,SD04,Kulbus,SD04127,,," 44,562 ", IDPs ," 13,369 "," 8,021 "," 31,550 "," 33,422 "," 4,781 "," 31,193 "," 25,913 "," 31,194 "," 22,281 "," 14,122 "," 33,870 ", -   ," 10,054 ", -   ," 7,721 "," 5,791 "," 16,086 ", -   ,,," 13,221 "," 22,295 ",," 2,033 ",," -25,701 "," 1,010 "," -15,107 ",,,, -901 ," -11,575 ",-100%,30%,-100%,-80%,20%,-50%,-100%,,,-10%,-30%,,,,,,,,,,,,,,,
West Darfur,SD04,Sirba,SD04134,,," 26,225 ", IDPs ," 7,868 "," 4,721 "," 18,567 "," 19,669 "," 2,835 "," 18,358 "," 15,250 "," 23,603 "," 13,113 "," 11,006 "," 17,067 ", -   ," 7,836 "," 28,365 "," 7,883 "," 5,912 "," 22,711 ", -   ,,," 10,414 "," 28,365 ",," 3,116 "," 9,798 "," -11,786 "," 3,077 "," 4,353 ",,,, -592 ," 11,298 ",-100%,70%,50%,-60%,110%,20%,-100%,,,-10%,70%,,,,,,,,,,,,,,,
East Darfur,SD05,Adila,SD05139,,," 53,737 ", IDPs ," 26,869 "," 9,673 "," 38,046 "," 40,303 "," 4,882 "," 37,616 "," 31,248 "," 37,617 "," 26,869 "," 22,938 "," 29,690 "," 26,869 "," 15,985 "," 18,942 ", -   ," 10,032 "," 26,657 ", -   ,,," 16,420 "," 26,869 ", -   ," 6,312 "," -19,104 ",," 5,150 "," -10,959 ",,,," -6,518 "," -2,821 ",0%,70%,-50%,-100%,110%,-30%,-100%,,,-30%,-10%,,,,,,,,,,,,,,,
East Darfur,SD05,Abu Jabrah,SD05140,,," 43,875 ", IDPs ," 4,388 "," 7,898 "," 31,064 "," 32,906 "," 2,988 "," 21,938 "," 25,118 "," 30,713 "," 21,938 "," 39,330 "," 43,327 ", -   ," 13,894 "," 40,883 "," 20,821 "," 8,480 "," 22,389 ", -   ,,," 40,882 "," 40,883 ",," 5,997 "," 9,820 "," -12,085 "," 5,492 ", 451 ,,,," 1,552 "," -2,444 ",-100%,80%,30%,-40%,180%,0%,-100%,,,0%,-10%,,,,,,,,,,,,,,,
East Darfur,SD05,Ad Du'ayn,SD05142,,," 200,270 ", IDPs ," 100,135 "," 36,049 "," 141,791 "," 120,162 "," 16,110 "," 140,189 "," 116,458 "," 140,189 "," 170,230 "," 136,782 "," 147,259 "," 153,164 "," 66,577 "," 181,455 "," 100,291 "," 40,847 "," 152,854 ", -   ,,," 185,984 "," 185,984 "," 53,029 "," 30,528 "," 39,664 "," -19,871 "," 24,737 "," 12,665 ",,,," 49,202 "," 38,725 ",50%,80%,30%,-20%,150%,10%,-100%,,,40%,30%,,,,,,,,,,,,,,,
East Darfur,SD05,Shia'ria,SD05148,,," 192,090 ", IDPs ," 57,627 "," 34,576 "," 136,000 "," 144,068 "," 39,955 "," 134,463 "," 111,701 "," 134,463 "," 153,672 "," 137,785 "," 192,090 "," 142,527 "," 41,908 "," 169,363 "," 64,308 "," 38,011 "," 98,550 ", -   ,,," 141,557 "," 183,249 "," 84,900 "," 7,332 "," 33,363 "," -79,760 "," -1,944 "," -35,913 ",,,," 3,772 "," -8,841 ",150%,20%,20%,-60%,0%,-30%,-100%,,,0%,0%,,,,,,,,,,,,,,,
East Darfur,SD05,Al Firdous,SD05152,,," 59,700 ", IDPs ," 29,850 "," 10,746 "," 42,268 "," 35,820 "," 3,933 "," 41,790 "," 34,716 "," 41,790 "," 29,850 "," 30,302 "," 58,351 "," 41,790 "," 2,061 "," 49,336 "," 50,745 "," 11,145 "," 38,214 ", -   ,,," 17,910 "," 53,730 "," 11,940 "," -8,685 "," 7,068 "," 14,925 "," 7,212 "," -3,576 ",,,," -12,392 "," -4,621 ",40%,-80%,20%,40%,180%,-10%,-100%,,,-40%,-10%,,,,,,,,,,,,,,,
East Darfur,SD05,Abu Karinka,SD05155,,," 45,046 ", IDPs ," 4,505 "," 8,108 "," 31,893 "," 33,785 "," 3,807 "," 22,523 "," 25,789 "," 22,524 "," 22,523 "," 32,623 "," 34,996 ", -   ," 14,720 "," 41,043 "," 16,964 "," 8,513 "," 31,922 ", -   ,,," 40,019 "," 41,043 ",," 6,612 "," 9,150 "," -16,821 "," 4,706 "," 9,399 ",,,," 7,396 "," 6,047 ",-100%,80%,30%,-50%,120%,40%,-100%,,,20%,20%,,,,,,,,,,,,,,,
East Darfur,SD05,Bahr Al Arab,SD05160,,," 67,220 ", IDPs ," 33,610 "," 12,100 "," 47,592 "," 40,332 "," 7,887 "," 33,610 "," 38,483 "," 33,610 "," 33,610 "," 50,323 "," 65,304 ", -   ," 20,153 "," 56,337 "," 16,939 "," 12,549 "," 32,309 ", -   ,,," 60,498 "," 60,498 ",," 8,053 "," 8,745 "," -23,393 "," 4,662 "," -1,301 ",,,," 10,175 "," -4,806 ",-100%,70%,20%,-60%,60%,0%,-100%,,,20%,-10%,,,,,,,,,,,,,,,
East Darfur,SD05,Assalaya,SD05163,,," 25,240 ", IDPs ," 7,572 "," 4,543 "," 17,870 "," 18,930 "," 1,850 "," 12,620 "," 14,677 "," 12,620 "," 12,620 "," 19,833 "," 24,086 ", -   ," 8,635 "," 25,064 "," 8,796 "," 5,199 "," 13,925 ", -   ,,," 22,279 "," 25,064 ",," 4,092 "," 7,194 "," -10,134 "," 3,349 "," 1,305 ",,,," 2,446 ", 978 ,-100%,90%,40%,-50%,180%,10%,-100%,,,10%,0%,,,,,,,,,,,,,,,
East Darfur,SD05,Yassin,SD05165,,," 79,110 ", IDPs ," 23,733 "," 14,240 "," 56,010 "," 47,466 "," 8,359 "," 39,555 "," 45,291 "," 39,555 "," 39,555 "," 41,734 "," 75,613 ", -   ," 23,516 "," 55,568 "," 20,566 "," 15,235 "," 53,749 ", -   ,,," 60,134 "," 73,449 ",," 9,276 ", -442 ," -26,900 "," 6,876 "," 14,194 ",,,," 18,400 "," -2,164 ",-100%,70%,0%,-60%,80%,40%,-100%,,,40%,0%,,,,,,,,,,,,,,,
Central Darfur,SD06,Azum,SD06110,,," 67,400 ", IDPs ," 33,700 "," 12,132 "," 47,719 "," 50,550 "," 5,852 "," 47,180 "," 39,193 "," 33,700 "," 33,700 "," 57,065 "," 57,384 "," 49,868 "," 26,770 "," 41,147 "," 56,992 "," 12,823 "," 35,517 ", -   ,,," 63,404 "," 64,116 "," 16,168 "," 14,638 "," -6,572 "," 6,442 "," 6,971 "," -11,663 ",,,," 6,339 "," 6,732 ",50%,120%,-10%,10%,120%,-20%,-100%,,,10%,10%,,,,,,,,,,,,,,,
Central Darfur,SD06,Bendasi,SD06112,,," 28,525 ", IDPs ," 8,558 "," 5,135 "," 20,196 "," 21,394 "," 2,698 "," 19,968 "," 16,588 "," 14,263 "," 14,263 "," 17,107 "," 28,525 "," 22,624 "," 11,507 "," 23,529 "," 7,757 "," 5,818 "," 16,160 ", -   ,,," 28,280 "," 29,088 "," 14,066 "," 6,373 "," 3,333 "," -13,637 "," 3,120 "," -3,808 ",,,," 11,173 ", 563 ,160%,120%,20%,-60%,120%,-20%,-100%,,,70%,0%,,,,,,,,,,,,,,,
Central Darfur,SD06,Mukjar,SD06130,,," 28,750 ", IDPs ," 8,625 "," 5,395 "," 20,355 "," 21,563 "," 2,719 "," 20,125 "," 16,719 "," 20,125 "," 14,375 "," 6,028 "," 28,750 ", -   ," 8,260 "," 16,933 "," 6,950 "," 5,213 "," 14,480 ", -   ,,," 26,064 "," 26,064 ",," 2,865 "," -3,422 "," -14,613 "," 2,494 "," -5,645 ",,,," 20,036 "," -2,686 ",-100%,50%,-20%,-70%,90%,-30%,-100%,,,330%,-10%,,,,,,,,,,,,,,,
Central Darfur,SD06,Gharb Jabal Marrah,SD06131,,," 82,610 ", IDPs ," 24,783 "," 14,870 "," 58,488 "," 61,958 "," 7,506 "," 57,827 "," 48,038 "," 57,827 "," 41,305 "," 32,889 "," 82,610 "," 43,739 "," 32,571 "," 73,779 "," 32,822 "," 15,746 "," 61,235 ", -   ,,," 59,485 "," 78,730 "," 18,956 "," 17,701 "," 15,291 "," -29,136 "," 8,240 "," 3,408 ",,,," 26,596 "," -3,880 ",80%,120%,30%,-50%,110%,10%,-100%,,,80%,0%,,,,,,,,,,,,,,,
Central Darfur,SD06,Shamal Jabal Marrah,SD06132,,," 131,357 ", IDPs ," 39,408 "," 23,644 "," 93,001 "," 98,518 "," 11,936 "," 91,950 "," 76,384 "," 65,679 "," 105,086 "," 70,815 "," 116,067 ", -   ," 48,846 "," 107,422 "," 104,142 "," 30,283 "," 83,410 ", -   ,,," 38,696 "," 107,422 ",," 25,202 "," 14,421 "," 5,624 "," 18,347 "," -8,540 ",,,," -32,119 "," -8,645 ",-100%,110%,20%,10%,150%,-10%,-100%,,,-50%,-10%,,,,,,,,,,,,,,,
Central Darfur,SD06,Um Dukhun,SD06135,,," 62,030 ", IDPs ," 31,015 "," 11,165 "," 43,917 "," 46,523 "," 5,867 "," 43,421 "," 36,071 "," 43,421 "," 31,015 "," 30,304 "," 61,918 "," 47,898 "," 21,233 "," 34,213 "," 6,955 "," 12,317 "," 33,672 ", -   ,,," 36,351 "," 47,898 "," 16,883 "," 10,068 "," -9,704 "," -39,568 "," 6,450 "," -9,749 ",,,," 6,047 "," -14,020 ",50%,90%,-20%,-90%,110%,-20%,-100%,,,20%,-20%,,,,,,,,,,,,,,,
Central Darfur,SD06,Wadi Salih,SD06137,,," 85,993 ", IDPs ," 42,997 "," 15,479 "," 60,883 "," 77,394 "," 5,535 "," 60,195 "," 50,005 "," 60,195 "," 42,997 "," 34,456 "," 48,371 "," 60,432 "," 35,724 "," 64,567 "," 69,066 "," 15,540 "," 54,800 ", -   ,,," 56,961 "," 69,066 "," 17,435 "," 20,245 "," 3,684 "," -8,328 "," 10,005 "," -5,395 ",,,," 22,505 "," 20,695 ",40%,130%,10%,-10%,180%,-10%,-100%,,,70%,40%,,,,,,,,,,,,,,,
Central Darfur,SD06,Zalingi,SD06138,,," 216,688 ", IDPs ," 65,007 "," 39,004 "," 153,415 "," 162,516 "," 17,997 "," 151,682 "," 126,004 "," 151,682 "," 184,185 "," 138,246 "," 170,512 "," 153,396 "," 74,883 "," 187,275 "," 158,425 "," 39,445 "," 152,850 ", -   ,,," 197,223 "," 197,223 "," 88,389 "," 35,879 "," 33,860 "," -4,091 "," 21,448 "," 1,168 ",,,," 58,977 "," 26,711 ",140%,90%,20%,0%,120%,0%,-100%,,,40%,20%,,,,,,,,,,,,,,,
Central Darfur,SD06,Wasat Jabal Marrah,SD06139,,," 169,210 ", IDPs ," 50,763 "," 30,458 "," 119,801 "," 126,908 "," 9,251 "," 118,447 "," 98,396 "," 118,447 "," 135,368 "," 139,538 "," 113,929 ", -   ," 75,775 "," 189,633 "," 65,796 "," 38,452 "," 105,469 ", -   ,,," 183,716 "," 189,633 ",," 45,317 "," 69,832 "," -61,112 "," 29,201 "," -12,978 ",,,," 44,178 "," 75,704 ",-100%,150%,60%,-50%,320%,-10%,-100%,,,30%,70%,,,,,,,,,,,,,,,
South Kordofan,SD07,Abu Jubayhah,SD07088,,," 58,100 ", IDPs ," 29,050 "," 10,458 "," 41,135 "," 43,575 "," 5,585 "," 40,670 "," 33,785 "," 40,670 "," 29,050 "," 27,924 "," 58,100 ", -   ," 19,632 "," 47,743 "," 38,351 "," 9,656 "," 26,514 ", -   ,,," 46,417 "," 47,743 ",," 9,174 "," 6,608 "," -5,224 "," 4,071 "," -14,156 ",,,," 18,493 "," -10,357 ",-100%,90%,20%,-10%,70%,-30%,-100%,,,70%,-20%,,,,,,,,,,,,,,,
South Kordofan,SD07,Talawdi,SD07089,,," 10,407 ", IDPs ," 5,204 "," 1,873 "," 7,368 "," 7,805 ", 957 ," 7,285 "," 6,052 "," 7,286 "," 5,204 "," 4,535 "," 9,894 ", -   ," 1,250 "," 5,352 "," 6,427 "," 1,998 "," 5,490 ", -   ,,," 6,427 "," 6,427 ",, -623 ," -2,016 "," -1,378 "," 1,041 "," -1,795 ",,,," 1,892 "," -3,467 ",-100%,-30%,-30%,-20%,110%,-20%,-100%,,,40%,-40%,,,,,,,,,,,,,,,
South Kordofan,SD07,Abassiya,SD07090,,," 62,991 ", IDPs ," 31,496 "," 11,338 "," 44,598 "," 47,243 "," 5,822 "," 44,094 "," 36,629 "," 44,095 "," 31,496 "," 54,535 "," 62,745 "," 45,886 "," 26,168 "," 51,969 "," 31,048 "," 11,932 "," 43,757 ", -   ,,," 58,996 "," 58,997 "," 14,390 "," 14,830 "," 7,371 "," -16,195 "," 6,110 ", -337 ,,,," 4,461 "," -3,748 ",50%,130%,20%,-30%,100%,0%,-100%,,,10%,-10%,,,,,,,,,,,,,,,
South Kordofan,SD07,Um Durein,SD07091,,, -   , IDPs , -   , -   , -   , -   , -   , -   , -   , -   , -   , -   , -   , -   , -   , -   , -   , -   , -   , -   ,,, -   , -   ,,,,,,,,,,,,,,,,,,,,,,,,,,,,,,,,,,,,,
South Kordofan,SD07,Ar Rashad,SD07093,,," 22,054 ", IDPs ," 11,027 "," 3,970 "," 15,614 "," 16,541 "," 2,052 "," 15,438 "," 12,825 "," 15,439 "," 11,027 "," 11,125 "," 19,355 ", -   ," 6,020 "," 17,756 "," 10,600 "," 4,073 "," 10,317 ", -   ,,, -   ," 20,141 ",," 2,050 "," 2,142 "," -5,941 "," 2,021 "," -5,121 ",,,,, 786 ,-100%,50%,10%,-40%,100%,-30%,-100%,,,-100%,0%,,,,,,,,,,,,,,,
South Kordofan,SD07,Al Quoz,SD07094,,," 8,677 ", IDPs ," 4,339 "," 1,562 "," 6,143 "," 6,508 ", 315 ," 6,074 "," 5,045 "," 6,075 "," 4,339 "," 4,428 ", -   ," 6,080 "," 1,721 "," 7,796 "," 2,084 "," 1,581 "," 6,080 ", -   ,,," 5,790 "," 7,796 "," 1,741 ", 159 ," 1,653 "," -4,424 "," 1,266 ", 6 ,,,," 1,362 ",,40%,10%,30%,-70%,400%,0%,-100%,,,30%,,,,,,,,,,,,,,,,
South Kordofan,SD07,Dilling,SD07095,,," 44,297 ", IDPs ," 22,149 "," 7,974 "," 31,362 "," 33,223 "," 1,683 "," 31,008 "," 25,758 "," 31,009 "," 22,149 "," 15,837 "," 44,129 ", -   ," 17,731 "," 38,165 "," 10,177 "," 7,719 "," 38,165 ", -   ,,," 28,270 "," 38,165 ",," 9,758 "," 6,803 "," -23,046 "," 6,036 "," 7,157 ",,,," 12,433 "," -5,964 ",-100%,120%,20%,-70%,360%,20%,-100%,,,80%,-10%,,,,,,,,,,,,,,,
South Kordofan,SD07,Heiban,SD07096,,, -   , IDPs , -   , -   , -   , -   , -   , -   , -   , -   , -   , -   , -   , -   , -   , -   , -   , -   , -   , -   ,,, -   , -   ,,,,,,,,,,,,,,,,,,,,,,,,,,,,,,,,,,,,,
South Kordofan,SD07,Ar Reif Ash Shargi,SD07097,,," 39,030 ", IDPs ," 19,515 "," 7,025 "," 27,633 "," 23,418 "," 2,374 "," 27,321 "," 22,696 "," 27,321 "," 19,515 "," 30,198 "," 29,768 "," 26,026 "," 12,575 "," 33,462 "," 29,744 "," 6,768 "," 24,441 ", -   ,,," 33,462 "," 33,462 "," 6,511 "," 5,550 "," 5,829 "," 6,326 "," 4,394 "," -2,880 ",,,," 3,264 "," 3,694 ",30%,80%,20%,30%,190%,-10%,-100%,,,10%,10%,,,,,,,,,,,,,,,
South Kordofan,SD07,Kadugli,SD07098,,," 84,600 ", IDPs ," 42,300 "," 18,077 "," 59,897 "," 63,450 "," 5,267 "," 59,220 "," 49,195 "," 59,220 "," 42,300 "," 45,083 "," 59,262 "," 77,486 "," 31,403 "," 77,486 "," 68,876 "," 15,672 "," 77,035 ", -   ,,," 34,937 "," 77,035 "," 35,186 "," 13,326 "," 17,589 "," 5,426 "," 10,405 "," 17,815 ",,,," -10,146 "," 17,773 ",80%,70%,30%,10%,200%,30%,-100%,,,-20%,30%,,,,,,,,,,,,,,,
South Kordofan,SD07,Al Buram,SD07099,,, -   , IDPs , -   , -   , -   , -   , -   , -   , -   , -   , -   , -   , -   , -   , -   , -   , -   , -   , -   , -   ,,, -   , -   ,,,,,,,,,,,,,,,,,,,,,,,,,,,,,,,,,,,,,
South Kordofan,SD07,Habila - SK,SD07103,,," 59,211 ", IDPs ," 29,606 "," 10,658 "," 41,921 "," 53,290 "," 3,033 "," 41,448 "," 34,431 "," 41,449 "," 29,606 "," 50,326 "," 51,917 "," 7,865 "," 4,736 "," 10,112 "," 8,337 "," 2,045 "," 7,865 ", -   ,,," 10,111 "," 10,112 "," -21,741 "," -5,922 "," -31,809 "," -44,953 ", -988 ," -33,583 ",,,," -40,215 "," -41,805 ",-70%,-60%,-80%,-80%,-30%,-80%,-100%,,,-80%,-80%,,,,,,,,,,,,,,,
South Kordofan,SD07,Abu Kershola,SD07104,,," 26,703 ", IDPs ," 13,352 "," 4,807 "," 18,906 "," 16,022 ", 638 ," 18,692 "," 15,528 "," 18,692 "," 13,352 "," 16,265 "," 22,999 "," 15,913 "," 8,428 "," 20,314 "," 16,435 "," 4,138 "," 15,913 ", -   ,,," 13,892 "," 20,314 "," 2,561 "," 3,622 "," 1,408 ", 413 ," 3,500 "," -2,779 ",,,," -2,373 "," -2,685 ",20%,80%,10%,0%,550%,-10%,-100%,,,-10%,-10%,,,,,,,,,,,,,,,
South Kordofan,SD07,Al Leri,SD07105,,," 6,641 ", IDPs ," 3,321 "," 1,494 "," 4,702 "," 4,981 ", 610 ," 3,321 "," 3,862 "," 4,650 "," 3,321 "," 5,672 ", -   , -   , 274 ," 4,661 "," 2,654 "," 1,414 "," 3,884 ", -   ,,," 6,042 "," 6,991 ",," -1,220 ", -41 ," -2,327 ", 804 , 563 ,,,, 370 ,,-100%,-80%,0%,-50%,130%,20%,-100%,,,10%,,,,,,,,,,,,,,,,
South Kordofan,SD07,At Tadamon - SK,SD07106,,," 2,093 ", IDPs ," 1,047 ", 377 ," 1,482 "," 1,570 ", 192 ," 1,047 "," 1,198 "," 1,048 "," 1,047 ", 933 , -   , -   , 734 ," 1,690 ", 770 , 410 ," 1,577 ", -   ,,," 1,252 "," 1,690 ",, 357 , 208 , -800 , 218 , 530 ,,,, 319 ,,-100%,90%,10%,-50%,110%,50%,-100%,,,30%,,,,,,,,,,,,,,,,
South Kordofan,SD07,Delami,SD07107,,," 4,781 ", IDPs ," 2,391 ", 861 ," 3,385 "," 3,586 ", 197 ," 3,347 "," 2,781 "," 3,348 "," 2,391 "," 3,117 ", -   ," 4,460 "," 2,631 "," 1,966 "," 1,529 "," 1,160 "," 4,460 ", -   ,,," 3,716 "," 4,460 "," 2,069 "," 1,770 "," -1,419 "," -2,057 ", 963 ," 1,113 ",,,, 599 ,,90%,210%,-40%,-60%,490%,30%,-100%,,,20%,,,,,,,,,,,,,,,,
South Kordofan,SD07,Ghadeer,SD07108,,," 13,458 ", IDPs ," 6,729 "," 2,422 "," 9,528 "," 10,094 "," 1,302 "," 9,421 "," 7,826 "," 9,421 "," 6,729 "," 8,084 "," 12,677 ", -   ," 4,827 "," 10,242 "," 4,993 "," 2,569 "," 9,883 ", -   ,,," 7,059 "," 12,706 ",," 2,405 ", 714 ," -5,101 "," 1,267 ", 462 ,,,," -1,025 ", 29 ,-100%,100%,10%,-50%,100%,0%,-100%,,,-10%,0%,,,,,,,,,,,,,,,
Blue Nile,SD08,Baw,SD08104,,," 50,471 ", IDPs ," 15,142 "," 9,085 "," 35,733 "," 30,283 "," 3,336 "," 25,236 "," 28,895 "," 25,237 "," 25,236 "," 44,046 "," 47,274 ", -   ," 8,951 "," 89,034 "," 74,242 "," 17,496 "," 29,318 ", -   ,,," 83,229 "," 89,034 ",, -134 ," 53,301 "," 43,959 "," 14,160 "," 4,082 ",,,," 39,183 "," 41,760 ",-100%,0%,150%,150%,420%,20%,-100%,,,90%,90%,,,,,,,,,,,,,,,
Blue Nile,SD08,Ed Damazine,SD08105,,," 126,167 ", IDPs ," 63,084 "," 22,710 "," 89,326 "," 75,700 "," 9,681 "," 88,317 "," 72,231 "," 88,318 "," 100,934 "," 75,814 "," 80,722 "," 91,788 "," 39,382 "," 94,463 "," 81,167 "," 23,054 "," 20,465 ", -   ,,," 74,929 "," 118,013 "," 28,704 "," 16,672 "," 5,137 "," 5,467 "," 13,373 "," -67,852 ",,,, -885 ," 37,291 ",50%,70%,10%,10%,140%,-80%,-100%,,,0%,50%,,,,,,,,,,,,,,,
Blue Nile,SD08,Al Kurmuk,SD08106,,," 18,121 ", IDPs ," 5,437 "," 3,262 "," 12,830 "," 10,873 "," 1,483 "," 12,685 "," 10,538 "," 12,686 "," 9,061 "," 15,323 "," 12,944 "," 15,656 "," 4,332 "," 20,129 "," 4,615 "," 3,932 "," 15,656 ", -   ,,," 20,128 "," 20,129 "," 10,219 "," 1,070 "," 7,299 "," -6,258 "," 2,449 "," 2,971 ",,,," 4,805 "," 7,185 ",190%,30%,60%,-60%,170%,20%,-100%,,,30%,60%,,,,,,,,,,,,,,,
Blue Nile,SD08,Ar Rusayris,SD08107,,," 55,712 ", IDPs ," 27,856 "," 10,028 "," 39,444 "," 33,427 "," 4,906 "," 27,856 "," 32,397 "," 38,999 "," 27,856 "," 9,741 "," 46,734 ", -   ," 10,142 "," 43,334 "," 16,078 "," 8,661 ", -   , -   ,,," 22,580 "," 43,334 ",, 114 ," 3,890 "," -17,349 "," 3,755 ",,,,," 12,839 "," -3,400 ",-100%,0%,10%,-50%,80%,-100%,-100%,,,130%,-10%,,,,,,,,,,,,,,,
Blue Nile,SD08,At Tadamon - BN,SD08108,,," 21,640 ", IDPs ," 6,492 "," 3,895 "," 15,321 "," 12,984 "," 1,542 "," 15,148 "," 12,584 "," 15,148 "," 10,820 "," 16,422 "," 21,640 "," 15,033 "," 4,338 "," 19,328 "," 9,586 "," 3,775 "," 15,033 ", -   ,,," 19,327 "," 19,328 "," 8,541 ", 443 ," 4,007 "," -3,398 "," 2,233 ", -115 ,,,," 2,905 "," -2,312 ",130%,10%,30%,-30%,140%,0%,-100%,,,20%,-10%,,,,,,,,,,,,,,,
Blue Nile,SD08,Geisan,SD08109,,," 34,059 ", IDPs ," 10,218 "," 6,131 "," 24,114 "," 20,435 "," 2,571 "," 23,841 "," 19,805 "," 23,841 "," 17,030 "," 22,372 "," 21,757 ", -   ," 10,436 "," 36,232 "," 31,959 "," 8,202 "," 16,312 ", -   ,,," 30,263 "," 36,232 ",," 4,305 "," 12,118 "," 11,524 "," 5,631 "," -7,529 ",,,," 7,891 "," 14,475 ",-100%,70%,50%,60%,220%,-30%,-100%,,,40%,70%,,,,,,,,,,,,,,,
Blue Nile,SD08,Wad Al Mahi,SD08110,,," 9,671 ", IDPs ," 4,836 "," 2,674 "," 6,847 "," 5,803 ", 812 ," 4,836 "," 5,537 "," 4,837 "," 4,836 "," 4,076 ", -   ," 7,319 "," 2,249 "," 5,451 "," 8,888 "," 1,838 "," 7,319 ", -   ,,," 9,410 "," 9,410 "," 2,483 ", -425 ," -1,396 "," 3,085 "," 1,026 "," 2,483 ",,,," 5,334 ",,50%,-20%,-20%,50%,130%,50%,-100%,,,130%,,,,,,,,,,,,,,,,
White Nile,SD09,Ad Diwaim,SD09044,,," 85,184 ", IDPs ," 25,556 "," 15,333 "," 60,310 "," 63,888 "," 5,143 "," 59,629 "," 49,534 "," 59,630 "," 42,592 "," 51,905 "," 53,700 ", -   ," 21,391 "," 50,788 "," 45,460 "," 12,323 "," 30,094 ", -   ,,," 20,002 "," 60,550 ",," 6,058 "," -9,522 "," -18,428 "," 7,180 "," -29,535 ",,,," -31,903 "," 6,850 ",-100%,40%,-20%,-30%,140%,-50%,-100%,,,-60%,10%,,,,,,,,,,,,,,,
White Nile,SD09,Um Rimta,SD09045,,," 12,315 ", IDPs ," 3,695 "," 2,217 "," 8,719 "," 9,236 ", 374 ," 8,621 "," 7,050 "," 8,621 "," 6,158 "," 5,249 "," 11,524 ", -   ," 1,323 "," 3,084 "," 3,268 ", 748 ," 1,226 ", -   ,,, -   ," 3,268 ",, -894 ," -5,635 "," -5,968 ", 374 ," -7,395 ",,,,," -8,256 ",-100%,-40%,-60%,-60%,100%,-90%,-100%,,,-100%,-70%,,,,,,,,,,,,,,,
White Nile,SD09,Rabak,SD09046,,," 143,722 ", IDPs ," 71,861 "," 25,870 "," 101,755 "," 86,233 "," 8,452 "," 100,605 "," 83,574 "," 100,606 "," 114,978 "," 85,971 "," 96,609 "," 54,911 "," 17,589 "," 59,513 "," 79,396 "," 20,116 "," 54,911 ", -   ,,," 54,911 "," 79,396 "," -16,950 "," -8,281 "," -42,242 "," -6,837 "," 11,664 "," -45,694 ",,,," -31,060 "," -17,213 ",-20%,-30%,-40%,-10%,140%,-50%,-100%,,,-40%,-20%,,,,,,,,,,,,,,,
White Nile,SD09,Kosti,SD09047,,," 159,983 ", IDPs ," 79,992 "," 28,797 "," 113,268 "," 95,990 "," 8,588 "," 111,988 "," 91,591 "," 79,993 "," 127,986 "," 67,578 "," 83,495 "," 91,403 "," 21,498 "," 74,859 "," 97,416 "," 23,917 "," 59,590 ", -   ,,," 84,874 "," 117,518 "," 11,411 "," -7,299 "," -38,409 "," 1,426 "," 15,329 "," -52,398 ",,,," 17,296 "," 34,023 ",10%,-30%,-30%,0%,180%,-50%,-100%,,,30%,40%,,,,,,,,,,,,,,,
White Nile,SD09,Tendalti,SD09048,,," 19,378 ", IDPs ," 9,689 "," 3,488 "," 13,720 "," 11,627 "," 1,073 "," 13,565 "," 11,268 "," 13,565 "," 9,689 "," 5,926 "," 16,832 ", -   ," 3,812 "," 10,307 "," 5,573 "," 2,720 "," 7,427 ", -   ,,," 6,077 "," 10,307 ",, 324 ," -3,413 "," -6,054 "," 1,647 "," -6,138 ",,,, 151 ," -6,525 ",-100%,10%,-20%,-50%,150%,-50%,-100%,,,0%,-40%,,,,,,,,,,,,,,,
White Nile,SD09,As Salam / Ar Rawat,SD09049,,," 54,837 ", IDPs ," 27,419 "," 9,871 "," 38,825 "," 32,902 "," 3,105 "," 38,386 "," 31,394 "," 38,387 "," 27,419 "," 43,010 "," 50,499 "," 48,086 "," 10,158 "," 24,508 "," 33,073 "," 9,787 "," 33,621 ", -   ,,," 48,086 "," 48,086 "," 20,667 ", 287 ," -14,317 ", 171 ," 6,682 "," -4,765 ",,,," 5,076 "," -2,413 ",80%,0%,-40%,0%,220%,-10%,-100%,,,10%,0%,,,,,,,,,,,,,,,
White Nile,SD09,Al Gitaina,SD09050,,," 16,970 ", IDPs ," 11,879 "," 3,055 "," 12,015 "," 12,728 ", 836 ," 11,879 "," 9,869 "," 11,879 "," 8,485 "," 9,920 "," 4,358 ", -   ," 4,700 "," 13,093 "," 19,827 "," 4,539 "," 11,707 ", -   ,,, -   ," 19,827 ",," 1,645 "," 1,078 "," 7,100 "," 3,703 ", -172 ,,,,," 15,469 ",-100%,50%,10%,60%,440%,0%,-100%,,,-100%,350%,,,,,,,,,,,,,,,
White Nile,SD09,Aj Jabalain,SD09051,,," 133,362 ", IDPs ," 66,681 "," 24,005 "," 94,420 "," 80,017 "," 4,817 "," 93,353 "," 76,350 "," 66,682 "," 106,690 "," 108,828 "," 132,855 "," 59,891 "," 27,401 "," 107,803 "," 86,596 "," 21,940 "," 58,430 ", -   ,,," 103,012 "," 107,803 "," -6,790 "," 3,396 "," 13,383 "," 6,579 "," 17,123 "," -34,923 ",,,," -5,816 "," -25,052 ",-10%,10%,10%,10%,360%,-40%,-100%,,,-10%,-20%,,,,,,,,,,,,,,,
White Nile,SD09,Guli,SD09052,,," 26,377 ", IDPs ," 13,189 "," 4,748 "," 18,675 "," 19,783 "," 1,482 "," 18,464 "," 15,100 "," 18,465 "," 13,189 "," 16,779 "," 22,289 ", -   , 537 ," 12,529 "," 6,853 "," 2,738 "," 7,476 ", -   ,,," 12,694 ", -   ,," -4,211 "," -6,146 "," -12,930 "," 1,256 "," -10,988 ",,,," -4,085 ",,-100%,-90%,-30%,-70%,80%,-60%,-100%,,,-20%,-100%,,,,,,,,,,,,,,,
Red Sea,SD10,Dordieb,SD10063,,," 1,595 ", IDPs , 160 , 287 ," 1,129 ", 957 , 177 , 798 , 913 , 798 , 798 ," 1,068 ", -   , -   , 50 , 429 , -   , 329 ," 1,073 ", -   ,,, 585 ," 1,931 ",, -237 , -700 ,, 152 , 275 ,,,, -483 ,,-100%,-80%,-60%,-100%,90%,30%,-100%,,,-50%,,,,,,,,,,,,,,,,
Red Sea,SD10,Port Sudan,SD10064,,," 239,573 ", IDPs ," 71,872 "," 43,123 "," 169,618 "," 143,744 "," 20,617 "," 167,701 "," 139,312 "," 167,701 "," 191,658 "," 153,124 "," 108,023 "," 62,792 "," 20,367 "," 99,362 ", -   ," 19,274 "," 60,607 ", -   ,,," 99,896 "," 99,896 "," -9,080 "," -22,756 "," -70,256 ",," -1,343 "," -107,094 ",,,," -53,228 "," -8,127 ",-10%,-50%,-40%,-100%,-10%,-60%,-100%,,,-30%,-10%,,,,,,,,,,,,,,,
Red Sea,SD10,Tawkar,SD10065,,," 2,415 ", IDPs , 725 , 435 ," 1,710 "," 1,449 ", 300 ," 1,208 "," 1,404 "," 1,691 "," 1,208 "," 1,189 "," 2,415 "," 5,823 "," 2,337 "," 4,192 "," 7,071 "," 1,277 "," 1,807 ", -   ,,," 2,995 "," 7,487 "," 5,098 "," 1,902 "," 2,482 "," 5,622 ", 977 , 599 ,,,," 1,806 "," 5,072 ",700%,440%,150%,390%,330%,50%,-100%,,,150%,210%,,,,,,,,,,,,,,,
Red Sea,SD10,Hala'ib,SD10066,,, 490 , IDPs , 147 , 88 , 347 , 294 , 79 , 245 , 281 , 245 , 245 , 107 , -   , -   , -   , 217 , 231 , 58 , 188 , -   ,,, 231 , 231 ,,, -130 , -63 , -21 , -57 ,,,, 124 ,,-100%,-100%,-40%,-20%,-30%,-20%,-100%,,,120%,,,,,,,,,,,,,,,,
Red Sea,SD10,Jubayt Elma'aadin,SD10067,,, 280 , IDPs , 84 , 50 , 198 , 168 , 28 , 140 , 160 , 140 , 140 , 180 , 209 , -   , -   , 93 , -   , 25 , 82 , -   ,,, 147 , 148 ,,, -105 ,, -3 , -58 ,,,, -33 , -61 ,-100%,-100%,-50%,-100%,-10%,-40%,-100%,,,-20%,-30%,,,,,,,,,,,,,,,
Red Sea,SD10,Sawakin,SD10068,,," 6,987 ", IDPs ," 2,097 ", 403 ," 4,947 "," 4,192 ", 410 ," 3,494 "," 4,063 "," 4,892 "," 3,494 "," 1,591 "," 6,234 ", -   , -   , 533 , 999 , 307 , 999 , -   ,,, -   , -   ,,," -4,414 "," -3,193 ", -103 ," -2,495 ",,,,,,-100%,-100%,-90%,-80%,-30%,-70%,-100%,,,-100%,-100%,,,,,,,,,,,,,,,
Red Sea,SD10,Al Ganab,SD10069,,, 260 , IDPs , 26 , 47 , 184 , 195 , 25 , 130 , 149 , 130 , 130 , 212 , -   , -   , -   ," 1,911 ", -   , 368 ," 1,200 ", -   ,,," 1,200 "," 2,159 ",,," 1,727 ",, 343 ," 1,070 ",,,, 988 ,,-100%,-100%,940%,-100%,1370%,820%,-100%,,,470%,,,,,,,,,,,,,,,,
Red Sea,SD10,Haya,SD10070,,," 2,335 ", IDPs , 701 , 420 ," 1,653 "," 1,751 ", 285 ," 1,168 "," 1,337 "," 1,168 "," 1,168 "," 1,630 ", -   , -   , 276 ," 2,998 ", -   , 667 ," 1,807 ", -   ,,," 2,414 "," 2,998 ",, -144 ," 1,345 ",, 382 , 639 ,,,, 784 ,,-100%,-30%,80%,-100%,130%,50%,-100%,,,50%,,,,,,,,,,,,,,,,
Red Sea,SD10,Sinkat,SD10071,,," 7,264 ", IDPs ," 2,180 "," 1,308 "," 5,143 "," 5,448 ", 809 ," 3,632 "," 4,224 "," 5,086 "," 3,632 "," 2,646 ", -   , -   , 919 ," 1,807 ", -   ," 1,502 "," 1,807 ", -   ,,, -   ," 1,807 ",, -389 ," -3,336 ",, 693 ," -1,825 ",,,,,,-100%,-30%,-60%,-100%,90%,-50%,-100%,,,-100%,,,,,,,,,,,,,,,,
Red Sea,SD10,Agig,SD10072,,, 275 , IDPs , 28 , 50 , 195 , 165 , 26 , 138 , 157 , 138 , 138 , 229 , 266 , -   , -   , 193 , -   , 62 , 201 , -   ,,, -   , 201 ,,, -2 ,, 36 , 63 ,,,,, -65 ,-100%,-100%,0%,-100%,140%,50%,-100%,,,-100%,-20%,,,,,,,,,,,,,,,
Kassala,SD11,Halfa Aj Jadeedah,SD11052,,," 60,325 ", IDPs ," 30,163 "," 10,859 "," 42,710 "," 36,195 "," 2,271 "," 42,228 "," 35,079 "," 42,228 "," 30,163 "," 14,066 "," 36,135 ", -   , 968 ," 9,085 "," 12,460 "," 3,566 "," 10,065 ", -   ,,, -   ," 12,460 ",," -9,891 "," -33,625 "," -23,735 "," 1,295 "," -32,163 ",,,,," -23,675 ",-100%,-90%,-80%,-70%,60%,-80%,-100%,,,-100%,-70%,,,,,,,,,,,,,,,
Kassala,SD11,Madeinat Kassala,SD11053,,," 154,013 ", IDPs ," 77,007 "," 27,722 "," 109,041 "," 92,408 "," 14,586 "," 107,809 "," 89,558 "," 107,809 "," 123,210 "," 50,308 "," 145,265 ", -   ," 8,496 ", -   ," 18,132 "," 8,562 "," 18,912 ", -   ,,, -   ," 18,912 ",," -19,226 ",," -74,276 "," -6,024 "," -88,897 ",,,,," -126,353 ",-100%,-70%,-100%,-80%,-40%,-80%,-100%,,,-100%,-90%,,,,,,,,,,,,,,,
Kassala,SD11,Reifi Gharb Kassala,SD11054,,, 20 , IDPs , 2 , 4 , 14 , 12 , 2 , 10 , 11 , 10 , 10 , 18 , -   , 285 , 100 , 429 , 272 , 101 , 285 , -   ,,, 513 , 513 , 283 , 96 , 415 , 260 , 99 , 275 ,,,, 495 ,,14150%,2680%,2930%,2170%,4950%,2750%,-100%,,,2750%,,,,,,,,,,,,,,,,
Kassala,SD11,Reifi Aroma,SD11055,,," 1,645 ", IDPs , 165 , 296 ," 1,165 ", 987 , 217 , 823 , 957 , 823 , 823 , 723 ," 1,645 ", -   , -   , 939 ," 3,340 ", 819 ," 1,492 ", -   ,,," 2,310 "," 4,158 ",,, -226 ," 2,353 ", 602 , 669 ,,,," 1,587 "," 2,513 ",-100%,-100%,-20%,240%,280%,80%,-100%,,,220%,150%,,,,,,,,,,,,,,,
Kassala,SD11,Reifi Kassla,SD11056,,," 4,155 ", IDPs ," 2,078 ", 748 ," 2,942 "," 2,493 ", 407 ," 2,078 "," 2,378 "," 2,078 "," 2,078 "," 3,411 ", -   , -   , 483 ," 1,024 "," 1,308 ", 551 ," 1,555 ", -   ,,," 2,378 "," 2,799 ",, -265 ," -1,918 "," -1,185 ", 144 , -523 ,,,," -1,033 ",,-100%,-40%,-70%,-50%,40%,-30%,-100%,,,-30%,,,,,,,,,,,,,,,,
Kassala,SD11,Reifi Shamal Ad Delta,SD11057,,," 5,790 ", IDPs ," 2,895 "," 1,042 "," 4,099 "," 3,474 ", 556 ," 2,895 "," 3,367 "," 2,895 "," 2,895 ", 871 , -   , -   , 38 , 783 ," 1,227 ", 502 ," 1,227 ", -   ,,, -   ," 1,227 ",," -1,004 "," -3,316 "," -2,247 ", -54 ," -1,668 ",,,,,,-100%,-100%,-80%,-60%,-10%,-60%,-100%,,,-100%,,,,,,,,,,,,,,,,
Kassala,SD11,Reifi Hamashkureib,SD11058,,, 745 , IDPs , 75 , 115 , 527 , 559 , 97 , 373 , 433 , 522 , 373 , 380 , -   , -   , -   , 539 , 534 , 123 , 348 , -   ,,, 625 , 626 ,,, 12 , -25 , 26 , -25 ,,,, 245 ,,-100%,-100%,0%,0%,30%,-10%,-100%,,,60%,,,,,,,,,,,,,,,,
Kassala,SD11,Reifi Telkok,SD11059,,," 3,585 ", IDPs ," 1,076 ", 645 ," 2,538 "," 2,151 ", 455 ," 1,793 "," 2,085 "," 1,793 "," 1,793 "," 2,167 ", -   ," 1,932 ", 508 , 606 ," 1,307 ", 489 ," 1,227 ", -   ,,," 2,300 "," 2,484 ", 856 , -137 ," -1,932 ", -844 , 34 , -566 ,,,, 133 ,,80%,-20%,-80%,-40%,10%,-30%,-100%,,,10%,,,,,,,,,,,,,,,,
Kassala,SD11,Reifi Khashm Elgirba,SD11060,,," 8,209 ", IDPs ," 4,105 "," 1,478 "," 5,812 "," 4,925 "," 1,061 "," 4,105 "," 4,774 "," 4,105 "," 4,105 "," 1,146 ", -   , -   , -   ," 2,963 "," 3,355 "," 1,189 "," 3,355 ", -   ,,," 3,096 ", -   ,,," -2,849 "," -1,570 ", 128 , -750 ,,,," 1,950 ",,-100%,-100%,-50%,-30%,10%,-20%,-100%,,,170%,,,,,,,,,,,,,,,,
Kassala,SD11,Reifi Wad Elhilaiw,SD11061,,, -   , IDPs , -   , -   , -   , -   , -   , -   , -   , -   , -   , -   , -   , -   , 375 ," 1,260 "," 1,120 ", 248 , 700 , -   ,,, 400 ," 1,260 ",,,,,,,,,,,,,,,,,,,,,,,,,,,,,,,,,,,,,
Kassala,SD11,Reifi Nahr Atbara,SD11062,,," 4,067 ", IDPs , 407 , 732 ," 2,879 "," 2,440 ", 158 ," 2,034 "," 2,365 "," 2,848 "," 2,034 "," 3,506 ", -   , -   ," 1,068 ", -   ," 1,140 ", 979 ," 1,959 ", -   ,,," 2,209 "," 2,209 ",, 336 ,," -1,300 ", 821 , -75 ,,,," -1,297 ",,-100%,50%,-100%,-50%,520%,0%,-100%,,,-40%,,,,,,,,,,,,,,,,
Gedaref,SD12,Al Butanah,SD12073,,," 20,155 ", IDPs ," 2,016 "," 2,249 "," 14,270 "," 12,093 "," 1,448 "," 14,109 "," 11,720 "," 14,109 "," 10,078 "," 5,507 "," 18,466 ", -   , -   , -   ," 2,944 ", 860 ," 2,378 ", -   ,,," 4,280 "," 4,280 ",,,," -9,149 ", -588 ," -11,731 ",,,," -1,227 "," -14,186 ",-100%,-100%,-100%,-80%,-40%,-80%,-100%,,,-20%,-80%,,,,,,,,,,,,,,,
Gedaref,SD12,Al Fao,SD12074,,," 79,702 ", IDPs ," 39,851 "," 14,346 "," 56,429 "," 47,821 "," 7,926 "," 39,851 "," 46,347 "," 39,852 "," 39,851 "," 18,146 "," 69,954 "," 10,475 "," 5,772 "," 17,189 "," 9,603 "," 3,790 "," 14,665 ", -   ,,," 17,553 "," 18,855 "," -29,376 "," -8,574 "," -39,240 "," -38,218 "," -4,136 "," -25,186 ",,,, -593 ," -51,099 ",-70%,-60%,-70%,-80%,-50%,-60%,-100%,,,0%,-70%,,,,,,,,,,,,,,,
Gedaref,SD12,Al Fashaga,SD12075,,," 53,678 ", IDPs ," 37,575 "," 9,662 "," 38,004 "," 40,259 "," 4,503 "," 37,575 "," 31,214 "," 37,575 "," 26,839 "," 21,607 "," 39,410 "," 4,438 ", 913 ," 7,922 "," 5,793 "," 1,606 "," 4,438 ", -   ,,," 6,656 ", -   ," -33,137 "," -8,749 "," -30,082 "," -34,466 "," -2,897 "," -33,137 ",,,," -14,951 ",,-90%,-90%,-80%,-90%,-60%,-90%,-100%,,,-70%,-100%,,,,,,,,,,,,,,,
Gedaref,SD12,Al Qureisha,SD12076,,," 57,710 ", IDPs ," 5,771 "," 10,388 "," 40,859 "," 43,283 "," 4,769 "," 28,855 "," 33,559 "," 28,855 "," 28,855 "," 2,069 "," 41,592 ", -   ," 2,979 "," 4,910 ", -   ," 1,908 "," 5,274 ", -   ,,," 5,274 "," 5,274 ",," -7,409 "," -35,949 ",," -2,861 "," -23,581 ",,,," 3,205 "," -36,318 ",-100%,-70%,-90%,-100%,-60%,-80%,-100%,,,150%,-90%,,,,,,,,,,,,,,,
Gedaref,SD12,Basundah,SD12077,,," 51,406 ", IDPs ," 25,703 "," 9,253 "," 36,395 "," 30,844 "," 4,507 "," 35,984 "," 29,892 "," 35,984 "," 25,703 "," 35,836 "," 48,327 "," 19,333 "," 10,969 "," 23,586 ", -   ," 6,996 "," 23,297 ", -   ,,," 34,799 "," 34,799 "," -6,370 "," 1,716 "," -12,809 ",," 2,489 "," -12,687 ",,,," -1,037 "," -13,528 ",-20%,20%,-40%,-100%,60%,-40%,-100%,,,0%,-30%,,,,,,,,,,,,,,,
Gedaref,SD12,Al Galabat Al Gharbyah - Kassab,SD12078,,," 18,585 ", IDPs ," 9,293 "," 3,345 "," 13,158 "," 13,939 "," 1,675 "," 13,010 "," 10,807 "," 13,010 "," 9,293 "," 4,160 "," 17,259 "," 15,978 "," 10,766 "," 16,112 "," 11,990 "," 5,782 "," 15,671 ", -   ,,," 15,978 "," 16,112 "," 6,685 "," 7,421 "," 2,954 "," -1,949 "," 4,107 "," 2,661 ",,,," 11,818 "," -1,147 ",70%,220%,20%,-10%,250%,20%,-100%,,,280%,-10%,,,,,,,,,,,,,,,
Gedaref,SD12,Gala'a Al Nahal,SD12079,,," 12,202 ", IDPs ," 1,221 "," 2,196 "," 8,639 "," 7,321 ", 348 ," 8,541 "," 7,095 "," 8,542 "," 6,101 "," 3,815 "," 10,916 ", -   ," 16,181 "," 39,306 ", -   ," 10,352 "," 10,904 ", -   ,,," 15,098 "," 39,306 ",," 13,985 "," 30,667 ",," 10,004 "," 2,363 ",,,," 11,283 "," 28,390 ",-100%,640%,350%,-100%,2870%,30%,-100%,,,300%,260%,,,,,,,,,,,,,,,
Gedaref,SD12,Madeinat Al Gedaref,SD12080,,," 133,964 ", IDPs ," 66,982 "," 24,114 "," 94,847 "," 80,378 "," 15,361 "," 93,775 "," 77,900 "," 93,776 "," 107,171 "," 31,254 "," 87,694 "," 94,539 "," 36,272 "," 132,070 "," 58,236 "," 34,213 "," 94,274 ", -   ,,," 86,821 "," 170,169 "," 27,557 "," 12,159 "," 37,223 "," -22,142 "," 18,852 ", 499 ,,,," 55,567 "," 82,475 ",40%,50%,40%,-30%,120%,0%,-100%,,,180%,90%,,,,,,,,,,,,,,,
Gedaref,SD12,Wasat Al Gedaref,SD12081,,," 25,648 ", IDPs ," 12,824 "," 4,617 "," 18,159 "," 15,389 "," 1,656 "," 17,954 "," 14,914 "," 17,954 "," 12,824 "," 4,888 "," 15,776 "," 3,788 ", 92 ," 1,644 "," 2,333 "," 1,370 "," 3,426 ", -   ,,," 5,076 "," 5,076 "," -9,036 "," -4,525 "," -16,515 "," -13,056 ", -286 ," -14,528 ",,,, 188 ," -10,700 ",-70%,-100%,-90%,-80%,-20%,-80%,-100%,,,0%,-70%,,,,,,,,,,,,,,,
Gedaref,SD12,Al Mafaza,SD12082,,," 97,820 ", IDPs ," 68,474 "," 17,608 "," 69,257 "," 58,692 "," 3,662 "," 68,474 "," 56,882 "," 48,910 "," 48,910 "," 41,227 "," 74,460 ", -   ," 3,647 "," 7,542 "," 3,347 "," 1,712 "," 4,733 ", -   ,,," 2,366 "," 7,542 ",," -13,961 "," -61,715 "," -55,345 "," -1,950 "," -63,741 ",,,," -38,861 "," -66,918 ",-100%,-80%,-90%,-90%,-50%,-90%,-100%,,,-90%,-90%,,,,,,,,,,,,,,,
Gedaref,SD12,Galabat Ash-Shargiah,SD12083,,," 53,565 ", IDPs ," 26,783 "," 9,642 "," 37,924 "," 32,139 "," 4,130 "," 37,496 "," 31,148 "," 37,496 "," 26,783 "," 2,523 "," 42,911 ", -   ," 12,105 "," 17,799 "," 13,401 "," 6,856 "," 17,144 ", -   ,,," 25,263 "," 25,263 ",," 2,463 "," -20,125 "," -18,738 "," 2,726 "," -20,352 ",,,," 22,740 "," -17,648 ",-100%,30%,-50%,-60%,70%,-50%,-100%,,,900%,-40%,,,,,,,,,,,,,,,
Gedaref,SD12,Ar Rahad,SD12084,,," 64,220 ", IDPs ," 32,110 "," 11,560 "," 45,468 "," 38,532 "," 2,249 "," 44,954 "," 37,344 "," 44,954 "," 32,110 "," 37,841 "," 51,145 ", -   ," 4,961 "," 16,741 "," 13,336 "," 5,265 "," 10,904 ", -   ,,," 15,517 "," 16,741 ",," -6,599 "," -28,727 "," -25,196 "," 3,016 "," -34,050 ",,,," -22,324 "," -34,404 ",-100%,-60%,-60%,-70%,130%,-80%,-100%,,,-60%,-70%,,,,,,,,,,,,,,,
North Kordofan,SD13,Um Rawaba,SD13023,,," 41,575 ", IDPs ," 20,788 "," 7,484 "," 29,435 "," 31,181 "," 2,554 "," 29,103 "," 24,176 "," 29,103 "," 20,788 "," 22,085 "," 35,301 ", -   ," 8,914 "," 25,379 "," 27,920 "," 7,599 "," 19,485 ", -   ,,," 21,905 "," 27,920 ",," 1,431 "," -4,056 "," -3,261 "," 5,045 "," -9,618 ",,,, -180 ," -7,381 ",-100%,20%,-10%,-10%,200%,-30%,-100%,,,0%,-20%,,,,,,,,,,,,,,,
North Kordofan,SD13,Sheikan,SD13024,,," 45,562 ", IDPs ," 22,781 "," 8,201 "," 32,258 "," 34,172 "," 2,716 "," 31,893 "," 26,494 "," 31,894 "," 22,781 "," 20,879 "," 24,485 "," 49,074 "," 25,103 "," 57,985 "," 56,085 "," 12,894 "," 63,095 ", -   ,,," 48,036 "," 63,095 "," 26,293 "," 16,902 "," 25,727 "," 21,914 "," 10,178 "," 31,202 ",,,," 27,157 "," 38,610 ",120%,210%,80%,60%,370%,100%,-100%,,,130%,160%,,,,,,,,,,,,,,,
North Kordofan,SD13,Soudari,SD13025,,," 3,968 ", IDPs ," 1,984 ", 714 ," 2,809 "," 2,381 ", 239 ," 1,984 "," 2,271 "," 2,778 "," 1,984 "," 1,615 ", -   , -   ," 1,603 "," 1,984 "," 1,549 ", 730 ," 1,984 ", -   ,,, -   ," 1,984 ",, 889 , -825 , -832 , 491 , -   ,,,,,,-100%,120%,-30%,-30%,210%,0%,-100%,,,-100%,,,,,,,,,,,,,,,,
North Kordofan,SD13,Bara,SD13026,,," 32,914 ", IDPs ," 16,457 "," 5,925 "," 23,303 "," 24,686 "," 2,164 "," 23,040 "," 19,140 "," 23,041 "," 16,457 "," 15,093 "," 28,770 ", -   ," 12,847 "," 18,500 "," 22,816 "," 5,655 "," 25,462 ", -   ,,," 23,060 "," 27,672 ",," 6,923 "," -4,803 "," -1,870 "," 3,491 "," 2,422 ",,,," 7,967 "," -1,098 ",-100%,120%,-20%,-10%,160%,10%,-100%,,,50%,0%,,,,,,,,,,,,,,,
North Kordofan,SD13,Gebrat Al Sheikh,SD13027,,," 7,418 ", IDPs ," 3,709 "," 1,335 "," 5,252 "," 5,564 ", 445 ," 3,709 "," 4,314 "," 5,193 "," 3,709 "," 4,567 ", -   , -   ," 2,199 "," 5,893 "," 4,859 "," 1,204 "," 3,274 ", -   ,,," 2,728 "," 5,893 ",, 864 , 641 , -705 , 759 , -435 ,,,," -1,839 ",,-100%,60%,10%,-10%,170%,-10%,-100%,,,-40%,,,,,,,,,,,,,,,,
North Kordofan,SD13,Um Dam Haj Ahmed,SD13028,,," 15,156 ", IDPs ," 7,578 "," 2,728 "," 10,730 "," 11,367 "," 1,157 "," 7,578 "," 8,677 "," 10,609 "," 7,578 "," 4,374 "," 13,931 ", -   ," 6,202 "," 9,952 "," 9,952 "," 2,810 "," 7,641 ", -   ,,, -   ," 11,047 ",," 3,474 ", -778 ," -1,415 "," 1,653 ", 63 ,,,,," -2,884 ",-100%,130%,-10%,-10%,140%,0%,-100%,,,-100%,-20%,,,,,,,,,,,,,,,
North Kordofan,SD13,Gharb Bara,SD13029,,," 8,097 ", IDPs ," 4,049 "," 1,458 "," 5,733 "," 6,073 ", 659 ," 4,049 "," 4,635 "," 5,669 "," 4,049 "," 2,508 ", -   , -   ," 4,502 "," 9,693 "," 4,937 "," 1,980 "," 7,539 ", -   ,,," 9,334 "," 9,693 ",," 3,045 "," 3,960 "," -1,136 "," 1,321 "," 3,490 ",,,," 6,826 ",,-100%,210%,70%,-20%,200%,90%,-100%,,,270%,,,,,,,,,,,,,,,,
North Kordofan,SD13,Ar Rahad,SD13030,,," 42,037 ", IDPs ," 21,019 "," 7,567 "," 29,762 "," 37,833 "," 2,952 "," 29,426 "," 24,444 "," 29,427 "," 21,019 "," 17,668 "," 34,298 ", -   ," 7,850 "," 27,029 "," 27,263 "," 6,521 "," 15,838 ", -   ,,," 13,787 "," 27,263 ",, 283 ," -2,733 "," -10,570 "," 3,569 "," -13,588 ",,,," -3,881 "," -7,035 ",-100%,0%,-10%,-30%,120%,-50%,-100%,,,-20%,-20%,,,,,,,,,,,,,,,
Sennar,SD14,Abu Hujar,SD14037,,," 50,273 ", IDPs ," 5,028 "," 9,049 "," 35,593 "," 30,164 "," 3,078 "," 35,191 "," 29,234 "," 35,191 "," 25,137 "," 2,289 "," 50,082 ", -   , 177 , 423 , 223 , 85 , 235 , -   ,,, 181 , 423 ,," -8,872 "," -35,170 "," -29,941 "," -2,993 "," -34,956 ",,,," -2,108 "," -49,659 ",-100%,-100%,-100%,-100%,-100%,-100%,-100%,,,-90%,-100%,,,,,,,,,,,,,,,
Sennar,SD14,Sennar,SD14038,,," 146,662 ", IDPs ," 102,664 "," 26,399 "," 103,837 "," 109,997 "," 7,617 "," 102,663 "," 85,284 "," 102,664 "," 117,330 "," 26,711 "," 64,223 ", -   ," 1,130 "," 3,813 "," 3,813 "," 1,509 "," 2,496 ", -   ,,, -   , -   ,," -25,269 "," -100,024 "," -106,184 "," -6,108 "," -100,167 ",,,,,,-100%,-100%,-100%,-100%,-80%,-100%,-100%,,,-100%,-100%,,,,,,,,,,,,,,,
Sennar,SD14,Ad Dali,SD14039,,," 64,062 ", IDPs ," 32,031 "," 8,764 "," 45,356 "," 48,047 "," 4,861 "," 44,843 "," 37,252 "," 44,844 "," 32,031 "," 5,834 "," 59,937 ", -   , 549 ," 3,129 ", -   ," 1,305 "," 3,599 ", -   ,,, -   ," 3,599 ",," -8,215 "," -42,227 ",," -3,556 "," -41,244 ",,,,," -56,338 ",-100%,-90%,-90%,-100%,-70%,-90%,-100%,,,-100%,-90%,,,,,,,,,,,,,,,
Sennar,SD14,Ad Dinder,SD14040,,," 65,160 ", IDPs ," 32,580 "," 11,729 "," 46,133 "," 39,096 "," 4,040 "," 45,612 "," 37,891 "," 45,612 "," 32,580 "," 5,934 "," 56,377 ", -   ," 3,564 "," 9,742 ", -   ," 5,070 "," 9,742 ", -   ,,," 5,704 ", -   ,," -8,165 "," -36,391 ",," 1,030 "," -35,870 ",,,, -230 ,,-100%,-70%,-80%,-100%,30%,-80%,-100%,,,0%,-100%,,,,,,,,,,,,,,,
Sennar,SD14,As Suki,SD14041,,," 76,275 ", IDPs ," 38,138 "," 13,730 "," 54,003 "," 45,765 "," 6,064 "," 53,393 "," 44,354 "," 53,393 "," 38,138 "," 6,946 "," 46,162 ", -   , -   ," 5,845 ", -   ," 4,267 "," 5,845 ", -   ,,," 4,705 ", -   ,,," -48,158 ",," -1,797 "," -47,548 ",,,," -2,241 ",,-100%,-100%,-90%,-100%,-30%,-90%,-100%,,,-30%,-100%,,,,,,,,,,,,,,,
Sennar,SD14,Sharg Sennar,SD14042,,," 56,261 ", IDPs ," 28,131 "," 7,697 "," 39,833 "," 42,196 "," 4,812 "," 39,383 "," 32,716 "," 39,384 "," 28,131 "," 5,123 "," 48,818 ", -   ," 3,026 "," 3,026 ", -   ," 1,809 ", -   , -   ,,," 2,909 ", -   ,," -4,671 "," -36,807 ",," -3,003 ",,,,," -2,214 ",,-100%,-60%,-90%,-100%,-60%,-100%,-100%,,,-40%,-100%,,,,,,,,,,,,,,,
Sennar,SD14,Sinja,SD14043,,," 76,117 ", IDPs ," 38,059 "," 13,701 "," 53,891 "," 45,670 "," 4,169 "," 53,282 "," 44,262 "," 53,283 "," 38,059 "," 6,932 "," 37,358 ", -   ," 3,682 "," 7,479 "," 1,520 "," 2,713 "," 7,479 ", -   ,,," 5,753 ", -   ,," -10,019 "," -46,412 "," -44,150 "," -1,456 "," -45,803 ",,,," -1,179 ",,-100%,-70%,-90%,-100%,-30%,-90%,-100%,,,-20%,-100%,,,,,,,,,,,,,,,
Aj Jazirah,SD15,Medani Al Kubra,SD15030,,," 20,005 ", IDPs ," 14,004 "," 3,601 "," 14,164 "," 15,004 "," 1,307 "," 14,004 "," 11,633 "," 14,004 "," 10,003 "," 5,466 "," 16,661 ", -   , 551 ," 1,924 "," 2,914 ", 704 ," 1,964 ", -   ,,," 2,618 "," 3,534 ",," -3,050 "," -12,240 "," -12,090 ", -603 ," -12,040 ",,,," -2,848 "," -13,127 ",-100%,-80%,-90%,-80%,-50%,-90%,-100%,,,-50%,-80%,,,,,,,,,,,,,,,
Aj Jazirah,SD15,Janub Aj Jazirah,SD15031,,," 25,521 ", IDPs ," 17,865 "," 4,594 "," 18,069 "," 19,141 "," 1,579 "," 17,865 "," 14,841 "," 22,970 "," 12,761 "," 5,810 "," 14,185 ", -   , 688 ," 3,162 "," 2,304 ", 871 ," 1,460 ", -   ,,, -   ," 3,162 ",," -3,906 "," -14,907 "," -16,837 ", -708 ," -16,405 ",,,,," -11,023 ",-100%,-90%,-80%,-90%,-40%,-90%,-100%,,,-100%,-80%,,,,,,,,,,,,,,,
Aj Jazirah,SD15,Um Algura,SD15032,,," 33,941 ", IDPs ," 16,971 "," 6,109 "," 24,030 "," 20,365 "," 2,858 "," 23,759 "," 19,737 "," 23,760 "," 16,971 "," 7,727 "," 17,812 ", -   ," 1,749 "," 3,990 ", -   ," 2,115 "," 3,542 ", -   ,,," 1,968 "," 9,444 ",," -4,360 "," -20,040 ",, -743 ," -20,217 ",,,," -5,759 "," -8,368 ",-100%,-70%,-80%,-100%,-30%,-90%,-100%,,,-70%,-50%,,,,,,,,,,,,,,,
Aj Jazirah,SD15,Sharg Aj Jazirah,SD15033,,," 32,763 ", IDPs ," 16,382 "," 5,897 "," 23,196 "," 24,572 "," 2,293 "," 22,934 "," 19,052 "," 22,934 "," 16,382 "," 7,459 "," 15,366 ", -   , 349 ," 1,213 ", -   , 422 , 707 , -   ,,, 981 ," 1,884 ",," -5,548 "," -21,983 ",," -1,871 "," -22,227 ",,,," -6,478 "," -13,482 ",-100%,-90%,-90%,-100%,-80%,-100%,-100%,,,-90%,-90%,,,,,,,,,,,,,,,
Aj Jazirah,SD15,Al Hasahisa,SD15034,,," 39,576 ", IDPs ," 27,704 "," 7,124 "," 28,020 "," 29,682 "," 3,029 "," 27,703 "," 23,014 "," 27,703 "," 19,788 "," 9,010 "," 28,922 ", -   ," 3,827 "," 8,554 "," 18,847 "," 5,196 "," 8,665 ", -   ,,, -   , -   ,," -3,297 "," -19,466 "," -10,835 "," 2,167 "," -19,038 ",,,,,,-100%,-50%,-70%,-40%,70%,-70%,-100%,,,-100%,-100%,,,,,,,,,,,,,,,
Aj Jazirah,SD15,Al Kamlin,SD15035,,," 67,437 ", IDPs ," 47,206 "," 12,139 "," 47,745 "," 40,462 "," 3,482 "," 47,206 "," 39,214 "," 47,207 "," 33,719 "," 15,353 "," 55,764 ", -   ," 5,885 "," 23,768 "," 20,804 "," 10,021 "," 8,665 ", -   ,,," 14,669 "," 36,351 ",," -6,254 "," -23,977 "," -19,658 "," 6,539 "," -38,541 ",,,, -684 ," -19,413 ",-100%,-50%,-50%,-50%,190%,-80%,-100%,,,0%,-30%,,,,,,,,,,,,,,,
Aj Jazirah,SD15,Al Manaqil,SD15036,,," 78,131 ", IDPs ," 54,692 "," 14,064 "," 55,317 "," 58,598 "," 4,715 "," 54,692 "," 45,433 "," 54,693 "," 39,066 "," 35,004 "," 71,098 ", -   ," 1,603 "," 6,821 "," 5,913 "," 2,222 "," 3,720 ", -   ,,," 3,704 "," 6,821 ",," -12,461 "," -48,496 "," -52,685 "," -2,493 "," -50,972 ",,,," -31,300 "," -64,277 ",-100%,-90%,-90%,-90%,-50%,-90%,-100%,,,-90%,-90%,,,,,,,,,,,,,,,
Aj Jazirah,SD15,Al Qurashi,SD15037,,," 84,123 ", IDPs ," 42,062 "," 15,142 "," 59,559 "," 50,474 "," 8,030 "," 58,886 "," 48,918 "," 42,063 "," 42,062 "," 34,533 "," 49,590 ", -   ," 1,227 "," 2,814 ", -   ," 1,680 "," 2,814 ", -   ,,," 2,317 ", -   ,," -13,915 "," -56,745 ",," -6,350 "," -56,072 ",,,," -32,216 ",,-100%,-90%,-100%,-100%,-80%,-100%,-100%,,,-90%,-100%,,,,,,,,,,,,,,,
River Nile,SD16,Abu Hamad,SD16008,,," 47,265 ", IDPs ," 14,180 "," 8,508 "," 33,464 "," 16,543 "," 5,245 "," 33,086 "," 27,485 "," 33,086 "," 23,633 "," 5,629 "," 37,231 ", -   ," 7,474 "," 16,322 "," 25,499 "," 10,291 ", -   , -   ,,," 16,421 "," 25,499 ",," -1,034 "," -17,142 "," 8,956 "," 5,046 ",,,,," 10,792 "," -11,732 ",-100%,-10%,-50%,50%,100%,-100%,-100%,,,190%,-30%,,,,,,,,,,,,,,,
River Nile,SD16,Al Matama,SD16009,,," 107,773 ", IDPs ," 32,332 "," 19,399 "," 76,303 "," 64,664 "," 7,551 "," 75,441 "," 62,670 "," 75,441 "," 86,218 "," 32,494 "," 44,834 ", -   ," 2,233 "," 33,434 ", -   ," 14,593 "," 25,792 ", -   ,,," 19,702 ", -   ,," -17,166 "," -42,869 ",," 7,042 "," -49,649 ",,,," -12,792 ",,-100%,-90%,-60%,-100%,90%,-70%,-100%,,,-40%,-100%,,,,,,,,,,,,,,,
River Nile,SD16,Shendi,SD16010,,," 266,545 ", IDPs ," 79,964 "," 47,978 "," 188,714 "," 159,927 "," 18,675 "," 186,582 "," 154,996 "," 186,582 "," 213,236 "," 120,679 "," 240,503 ", -   ," 24,306 "," 57,372 ", -   ," 20,840 "," 59,312 ", -   ,,," 50,906 ", -   ,," -23,672 "," -131,342 ",," 2,165 "," -127,270 ",,,," -69,773 ",,-100%,-50%,-70%,-100%,10%,-70%,-100%,,,-60%,-100%,,,,,,,,,,,,,,,
River Nile,SD16,Ad Damar,SD16011,,," 143,830 ", IDPs ," 43,149 "," 25,889 "," 101,832 "," 86,298 "," 10,077 "," 100,681 "," 83,638 "," 100,681 "," 115,064 "," 64,989 "," 101,081 ", -   ," 6,203 "," 20,637 ", -   ," 9,854 "," 29,025 ", -   ,,," 14,190 "," 29,025 ",," -19,686 "," -81,195 ",, -223 ," -71,656 ",,,," -50,799 "," -72,056 ",-100%,-80%,-80%,-100%,0%,-70%,-100%,,,-80%,-70%,,,,,,,,,,,,,,,
River Nile,SD16,Atbara,SD16012,,," 156,069 ", IDPs ," 46,821 "," 28,092 "," 110,497 "," 93,641 "," 10,669 "," 109,248 "," 90,754 "," 109,248 "," 124,855 "," 56,125 "," 66,900 "," 53,631 "," 5,098 "," 22,885 "," 36,533 "," 13,004 "," 38,308 ", -   ,,," 29,114 "," 53,631 "," 6,810 "," -22,994 "," -87,612 "," -57,108 "," 2,335 "," -70,940 ",,,," -27,011 "," -13,269 ",10%,-80%,-80%,-60%,20%,-60%,-100%,,,-50%,-20%,,,,,,,,,,,,,,,
River Nile,SD16,Barbar,SD16013,,," 31,649 ", IDPs ," 9,495 "," 5,697 "," 22,407 "," 11,077 "," 2,163 "," 22,154 "," 18,404 "," 22,154 "," 15,825 "," 12,708 "," 27,648 ", -   ," 15,209 "," 55,114 "," 56,239 "," 20,020 "," 55,022 ", -   ,,," 41,771 "," 56,239 ",," 9,512 "," 32,707 "," 45,162 "," 17,857 "," 32,868 ",,,," 29,063 "," 28,591 ",-100%,170%,150%,410%,830%,150%,-100%,,,230%,100%,,,,,,,,,,,,,,,
River Nile,SD16,Al Buhaira,SD16014,,," 17,265 ", IDPs ," 1,727 "," 3,108 "," 12,224 "," 10,359 "," 1,916 "," 12,086 "," 10,040 "," 12,086 "," 8,633 "," 8,617 "," 12,493 ", -   , -   ," 1,086 ", -   , 685 , -   , -   ,,," 2,354 ", -   ,,," -11,138 ",," -1,231 ",,,,," -6,263 ",,-100%,-100%,-90%,-100%,-60%,-100%,-100%,,,-70%,-100%,,,,,,,,,,,,,,,
Northern,SD17,Halfa,SD17014,,," 36,214 ", IDPs ," 10,865 "," 6,519 "," 25,640 "," 21,728 "," 1,101 "," 25,350 "," 21,059 "," 25,351 "," 18,107 "," 11,917 "," 23,198 "," 33,060 "," 4,149 "," 32,182 "," 5,667 "," 7,901 "," 23,363 ", -   ,,," 22,303 "," 33,060 "," 22,195 "," -2,370 "," 6,542 "," -16,061 "," 6,800 "," -1,987 ",,,," 10,386 "," 9,862 ",200%,-40%,30%,-70%,620%,-10%,-100%,,,90%,40%,,,,,,,,,,,,,,,
Northern,SD17,Delgo,SD17015,,," 40,375 ", IDPs ," 4,038 "," 7,268 "," 28,586 "," 24,225 "," 4,386 "," 20,188 "," 23,114 "," 28,263 "," 20,188 "," 17,464 "," 34,004 ", -   ," 5,891 "," 10,145 ", -   ," 5,658 "," 10,145 ", -   ,,," 10,020 ", -   ,," -1,377 "," -18,441 ",," 1,272 "," -10,043 ",,,," -7,444 ",,-100%,-20%,-60%,-100%,30%,-50%,-100%,,,-40%,-100%,,,,,,,,,,,,,,,
Northern,SD17,Al Burgaig,SD17016,,," 59,772 ", IDPs ," 17,932 "," 10,759 "," 42,319 "," 35,863 "," 5,088 "," 29,886 "," 34,220 "," 29,887 "," 29,886 "," 14,547 "," 42,864 ", -   ," 1,672 "," 9,125 ", -   ," 9,125 ", -   , -   ,,, -   , -   ,," -9,087 "," -33,194 ",," 4,037 ",,,,,,,-100%,-80%,-80%,-100%,80%,-100%,-100%,,,-100%,-100%,,,,,,,,,,,,,,,
Northern,SD17,Dongola,SD17017,,," 56,350 ", IDPs ," 16,905 "," 10,143 "," 39,896 "," 33,810 "," 5,274 "," 28,175 "," 32,261 "," 39,445 "," 28,175 "," 27,577 "," 24,332 ", -   ," 14,710 "," 45,059 ", -   ," 15,077 "," 45,059 ", -   ,,," 25,033 "," 45,059 ",," 4,567 "," 5,163 ",," 9,803 "," 16,884 ",,,," -2,544 "," 20,727 ",-100%,50%,10%,-100%,190%,60%,-100%,,,-10%,90%,,,,,,,,,,,,,,,
Northern,SD17,Al Golid,SD17018,,," 60,442 ", IDPs ," 6,045 "," 10,880 "," 42,793 "," 36,265 "," 4,995 "," 30,221 "," 34,603 "," 42,310 "," 30,221 "," 14,597 "," 25,808 ", -   ," 6,409 "," 32,480 ", -   ," 10,203 "," 30,492 ", -   ,,," 23,716 ", -   ,," -4,471 "," -10,313 ",," 5,208 ", 271 ,,,," 9,119 ",,-100%,-40%,-20%,-100%,100%,0%,-100%,,,60%,-100%,,,,,,,,,,,,,,,
Northern,SD17,Ad Dabbah,SD17019,,," 66,310 ", IDPs ," 19,893 "," 11,936 "," 46,947 "," 39,786 "," 4,174 "," 33,155 "," 37,963 "," 46,417 "," 33,155 "," 17,728 "," 45,591 "," 82,932 "," 21,127 "," 88,856 "," 73,335 "," 19,822 "," 58,125 ", -   ,,," 70,755 "," 88,856 "," 63,039 "," 9,191 "," 41,909 "," 33,549 "," 15,648 "," 24,970 ",,,," 53,027 "," 43,265 ",320%,80%,90%,80%,370%,80%,-100%,,,300%,90%,,,,,,,,,,,,,,,
Northern,SD17,Merwoe,SD17020,,," 79,388 ", IDPs ," 23,817 "," 14,290 "," 56,207 "," 47,633 "," 4,425 "," 39,694 "," 45,449 "," 55,572 "," 39,694 "," 21,108 "," 35,177 ", -   ," 18,859 "," 51,527 ", -   ," 19,089 "," 51,527 ", -   ,,," 44,370 ", -   ,," 4,569 "," -4,680 ",," 14,664 "," 11,833 ",,,," 23,262 ",,-100%,30%,-10%,-100%,330%,30%,-100%,,,110%,-100%,,,,,,,,,,,,,,,
West Kordofan,SD18,Ghubaish,SD18021,,," 13,823 ", IDPs ," 6,912 "," 2,488 "," 9,787 "," 10,367 ", 997 ," 9,676 "," 8,038 "," 6,913 "," 6,912 "," 7,573 "," 13,316 ", -   ," 9,062 "," 13,292 "," 2,658 "," 4,074 "," 10,026 ", -   ,,," 13,292 "," 13,292 ",," 6,574 "," 3,505 "," -7,709 "," 3,077 ", 350 ,,,," 5,719 ", -24 ,-100%,260%,40%,-70%,310%,0%,-100%,,,80%,0%,,,,,,,,,,,,,,,
West Kordofan,SD18,An Nuhud,SD18022,,," 46,202 ", IDPs ," 23,101 "," 8,316 "," 32,711 "," 41,582 "," 2,733 "," 32,341 "," 26,866 "," 23,102 "," 23,101 "," 18,968 "," 43,786 ", -   ," 10,893 "," 55,912 "," 59,174 "," 13,604 "," 36,327 ", -   ,,," 25,889 "," 66,571 ",," 2,577 "," 23,201 "," 17,592 "," 10,871 "," 3,986 ",,,," 6,921 "," 22,785 ",-100%,30%,70%,40%,400%,10%,-100%,,,40%,50%,,,,,,,,,,,,,,,
West Kordofan,SD18,Abu Zabad,SD18028,,," 26,261 ", IDPs ," 13,131 "," 4,727 "," 18,593 "," 23,635 "," 1,885 "," 18,383 "," 15,271 "," 18,384 "," 13,131 "," 11,860 "," 25,043 ", -   ," 14,077 "," 24,012 "," 25,962 "," 6,435 "," 17,358 ", -   ,,," 7,289 "," 31,488 ",," 9,350 "," 5,419 "," 2,327 "," 4,550 "," -1,025 ",,,," -4,571 "," 6,445 ",-100%,200%,30%,10%,240%,-10%,-100%,,,-40%,30%,,,,,,,,,,,,,,,
West Kordofan,SD18,Wad Bandah,SD18029,,," 6,300 ", IDPs ," 3,150 "," 1,134 "," 4,460 "," 4,725 ", 384 ," 3,150 "," 3,663 "," 4,410 "," 3,150 "," 3,668 "," 5,734 ", -   ," 5,451 "," 11,242 "," 4,976 "," 2,460 "," 9,122 ", -   ,,," 6,131 "," 12,039 ",," 4,317 "," 6,782 ", 251 ," 2,076 "," 5,972 ",,,," 2,463 "," 6,305 ",-100%,380%,150%,10%,540%,190%,-100%,,,70%,110%,,,,,,,,,,,,,,,
West Kordofan,SD18,Keilak,SD18085,,," 13,758 ", IDPs ," 6,879 "," 2,476 "," 9,741 "," 8,255 ", 741 ," 6,879 "," 8,000 "," 6,880 "," 6,879 "," 10,962 "," 4,788 "," 12,613 "," 7,060 "," 13,397 "," 4,324 "," 3,313 "," 12,613 ", -   ,,," 15,015 "," 16,216 "," 5,734 "," 4,584 "," 3,656 "," -3,931 "," 2,572 "," 5,734 ",,,," 4,053 "," 11,428 ",80%,190%,40%,-50%,350%,80%,-100%,,,40%,240%,,,,,,,,,,,,,,,
West Kordofan,SD18,As Salam - WK,SD18086,,," 31,416 ", IDPs ," 15,708 "," 5,655 "," 22,243 "," 23,562 "," 1,324 "," 21,991 "," 18,269 "," 21,991 "," 15,708 "," 20,590 "," 16,848 ", -   ," 15,235 "," 23,303 "," 9,021 "," 6,912 "," 25,239 ", -   ,,," 33,827 "," 33,827 ",," 9,580 "," 1,060 "," -14,541 "," 5,588 "," 3,248 ",,,," 13,237 "," 16,979 ",-100%,170%,0%,-60%,420%,10%,-100%,,,60%,100%,,,,,,,,,,,,,,,
West Kordofan,SD18,Abyei,SD18087,,," 19,629 ", IDPs ," 13,741 "," 3,533 "," 13,897 "," 14,722 "," 1,121 "," 9,815 "," 11,061 "," 13,740 "," 9,815 "," 9,066 "," 16,744 "," 11,207 "," 5,673 "," 10,122 "," 16,632 "," 4,122 "," 8,665 ", -   ,,," 19,117 "," 19,117 "," -2,534 "," 2,140 "," -3,775 "," 1,910 "," 3,001 "," -1,150 ",,,," 10,051 "," 2,373 ",-20%,60%,-30%,10%,270%,-10%,-100%,,,110%,10%,,,,,,,,,,,,,,,
West Kordofan,SD18,As Sunut,SD18092,,," 8,359 ", IDPs ," 4,180 "," 1,505 "," 5,918 "," 5,015 ", 562 ," 4,180 "," 4,860 "," 4,180 "," 4,180 "," 4,314 "," 6,220 ", -   ," 4,367 "," 5,496 "," 5,496 "," 2,021 "," 5,496 ", -   ,,," 2,290 "," 5,496 ",," 2,862 ", -422 , 481 ," 1,459 "," 1,316 ",,,," -2,024 ", -724 ,-100%,190%,-10%,10%,260%,30%,-100%,,,-50%,-10%,,,,,,,,,,,,,,,
West Kordofan,SD18,Babanusa,SD18100,,," 34,417 ", IDPs ," 24,092 "," 6,195 "," 24,367 "," 25,813 "," 3,289 "," 24,092 "," 20,013 "," 17,209 "," 17,209 "," 27,581 "," 31,116 ", -   ," 12,240 "," 17,325 "," 6,653 "," 5,098 "," 13,861 ", -   ,,," 24,163 "," 24,163 ",," 6,045 "," -7,042 "," -19,160 "," 1,809 "," -10,231 ",,,," -3,418 "," -6,953 ",-100%,100%,-30%,-70%,60%,-40%,-100%,,,-10%,-20%,,,,,,,,,,,,,,,
West Kordofan,SD18,Al Lagowa,SD18102,,," 19,972 ", IDPs ," 9,986 "," 3,595 "," 14,140 "," 14,979 "," 1,153 "," 13,980 "," 11,614 "," 13,981 "," 9,986 "," 15,894 "," 19,571 ", -   ," 8,521 "," 19,627 "," 5,294 "," 4,057 "," 14,612 ", -   ,,," 19,852 "," 19,852 ",," 4,926 "," 5,487 "," -9,685 "," 2,904 ", 632 ,,,," 3,958 ", 281 ,-100%,140%,40%,-60%,250%,0%,-100%,,,20%,0%,,,,,,,,,,,,,,,
West Kordofan,SD18,Al Dibab,SD18103,,," 21,146 ", IDPs ," 10,573 "," 3,806 "," 14,971 "," 15,860 "," 3,236 "," 14,802 "," 12,296 "," 10,574 "," 10,573 "," 15,597 "," 18,283 ", -   ," 9,075 "," 18,033 "," 5,410 "," 4,146 "," 10,514 ", -   ,,," 20,286 "," 20,287 ",," 5,269 "," 3,062 "," -10,450 ", 910 ," -4,288 ",,,," 4,689 "," 2,004 ",-100%,140%,20%,-70%,30%,-30%,-100%,,,30%,10%,,,,,,,,,,,,,,,
West Kordofan,SD18,Al Idia,SD18104,,," 96,705 ", IDPs ," 48,353 "," 17,407 "," 68,467 "," 87,035 "," 6,614 "," 67,694 "," 56,234 "," 67,694 "," 48,353 "," 39,683 "," 90,168 ", -   ," 26,451 "," 59,463 "," 52,856 "," 12,151 "," 45,375 ", -   ,,," 59,463 "," 59,463 ",," 9,044 "," -9,004 "," -34,179 "," 5,537 "," -22,319 ",,,," 19,780 "," -30,705 ",-100%,50%,-10%,-40%,80%,-30%,-100%,,,50%,-30%,,,,,,,,,,,,,,,
West Kordofan,SD18,Al Khiwai,SD18105,,," 9,038 ", IDPs ," 4,519 "," 1,627 "," 6,399 "," 6,779 ", 557 ," 4,519 "," 5,256 "," 4,520 "," 4,519 "," 1,754 ", -   , -   ," 5,774 "," 12,289 "," 10,132 "," 2,511 "," 9,558 ", -   ,,," 10,809 "," 12,289 ",," 4,147 "," 5,890 "," 3,354 "," 1,954 "," 5,039 ",,,," 9,055 ",,-100%,250%,90%,50%,350%,110%,-100%,,,520%,,,,,,,,,,,,,,,,
West Kordofan,SD18,Al Meiram,SD18106,,," 8,023 ", IDPs ," 4,012 "," 1,444 "," 5,680 "," 7,221 "," 1,054 "," 4,012 "," 4,666 "," 5,616 "," 4,012 "," 5,917 ", -   , -   ," 2,635 "," 9,886 "," 8,787 "," 2,020 "," 5,492 ", -   ,,," 9,593 "," 9,886 ",," 1,191 "," 4,206 "," 1,566 ", 966 ," 1,480 ",,,," 3,676 ",,-100%,80%,70%,20%,90%,40%,-100%,,,60%,,,,,,,,,,,,,,,,
Khartoum,SD01,Jebel Awlia,SD01001,,," 1,244,104 ", Non-displaced , -   ," 223,939 "," 494,223 "," 416,439 "," 105,557 "," 283,502 "," 196,608 "," 122,566 "," 502,413 "," 113,294 "," 467,675 ", -   ," 226,903 "," 527,755 "," 802,222 "," 176,298 "," 728,757 ", -   ,,," 14,489 "," 344,256 ",," 2,964 "," 33,532 "," 385,783 "," 70,741 "," 445,255 ",,,," -98,805 "," -123,419 ",,0%,10%,90%,70%,160%,-100%,,,-90%,-30%,,,,,,,,,,,,,,,
Khartoum,SD01,Um Bada,SD01002,,," 1,552,820 ", Non-displaced , -   ," 279,508 "," 860,591 "," 517,345 "," 72,550 "," 274,068 "," 244,660 "," 151,174 "," 391,526 "," 347,518 "," 411,468 ", -   ," 199,862 "," 788,163 "," 885,718 "," 194,648 "," 572,946 ", -   ,,, -   ," 460,712 ",," -79,646 "," -72,428 "," 368,373 "," 122,098 "," 298,878 ",,,,," 49,244 ",,-30%,-10%,70%,170%,110%,-100%,,,-100%,10%,,,,,,,,,,,,,,,
Khartoum,SD01,Bahri,SD01003,,," 427,773 ", Non-displaced , -   ," 76,999 "," 195,737 "," 152,352 "," 31,634 "," 103,052 "," 70,375 "," 94,887 "," 262,711 "," 77,910 "," 158,128 ", -   ," 32,467 "," 139,713 "," 106,112 "," 40,175 "," 118,864 ", -   ,,," 19,811 "," 67,348 ",," -44,532 "," -56,024 "," -46,240 "," 8,541 "," 15,812 ",,,," -58,099 "," -90,780 ",,-60%,-30%,-30%,30%,20%,-100%,,,-70%,-60%,,,,,,,,,,,,,,,
Khartoum,SD01,Sharg An Neel,SD01004,,," 966,137 ", Non-displaced , -   ," 173,905 "," 428,358 "," 329,821 "," 61,704 "," 174,275 "," 154,624 "," 99,958 "," 395,370 "," 175,963 "," 228,990 ", -   ," 172,635 "," 408,984 "," 420,583 "," 142,568 "," 420,583 ", -   ,,," 52,726 "," 362,332 ",," -1,270 "," -19,374 "," 90,762 "," 80,864 "," 246,308 ",,,," -123,237 "," 133,342 ",,0%,0%,30%,130%,140%,-100%,,,-70%,60%,,,,,,,,,,,,,,,
Khartoum,SD01,Karrari,SD01005,,," 1,155,786 ", Non-displaced , -   ," 208,042 "," 464,801 "," 242,458 "," 49,820 "," 207,912 "," 184,611 "," 118,681 "," 472,001 "," 105,251 "," 388,737 ", -   ," 147,954 "," 514,806 "," 514,806 "," 145,486 "," 428,791 ", -   ,,," 23,913 "," 258,264 ",," -60,088 "," 50,005 "," 272,348 "," 95,666 "," 220,879 ",,,," -81,338 "," -130,473 ",,-30%,10%,110%,190%,110%,-100%,,,-80%,-30%,,,,,,,,,,,,,,,
Khartoum,SD01,Um Durman,SD01006,,," 340,839 ", Non-displaced , -   ," 61,351 "," 193,999 "," 117,754 "," 14,303 "," 79,898 "," 54,973 "," 36,306 "," 207,356 "," 77,596 "," 89,365 ", -   ," 48,741 "," 125,406 "," 137,263 "," 46,548 "," 137,263 ", -   ,,, -   ," 96,403 ",," -12,610 "," -68,593 "," 19,509 "," 32,245 "," 57,365 ",,,,," 7,038 ",,-20%,-40%,20%,230%,70%,-100%,,,-100%,10%,,,,,,,,,,,,,,,
Khartoum,SD01,Khartoum,SD01007,,," 93,628 ", Non-displaced , -   ," 16,853 "," 57,771 "," 36,033 "," 4,575 "," 24,189 "," 16,217 "," 12,715 "," 58,953 "," 21,316 "," 20,212 ", -   ," 6,852 "," 10,459 "," 24,748 "," 6,105 "," 25,290 ", -   ,,," 5,939 "," 15,734 ",," -10,001 "," -47,312 "," -11,285 "," 1,530 "," 1,101 ",,,," -15,377 "," -4,478 ",,-60%,-80%,-30%,30%,0%,-100%,,,-70%,-20%,,,,,,,,,,,,,,,
North Darfur,SD02,Dar As Salam,SD02113,,," 30,263 ", Non-displaced , -   ," 5,447 "," 28,188 "," 21,184 "," 5,212 "," 10,592 "," 6,322 "," 11,199 "," 7,566 "," 19,904 "," 29,791 ", -   ," 11,627 "," 27,526 "," 19,684 "," 5,976 "," 16,004 ", -   ,,, -   ," 27,526 ",," 6,180 ", -662 ," -1,500 ", 764 ," 5,412 ",,,,," -2,265 ",,110%,0%,-10%,10%,50%,-100%,,,-100%,-10%,,,,,,,,,,,,,,,
North Darfur,SD02,Al Fasher,SD02114,,," 206,744 ", Non-displaced , -   ," 37,214 "," 206,744 "," 131,617 "," 33,228 "," 85,066 "," 51,558 "," 66,759 "," 134,096 "," 84,136 "," 141,961 ", -   ," 121,856 "," 292,269 "," 230,721 "," 58,045 "," 212,908 ", -   ,,," 99,616 "," 292,269 ",," 84,642 "," 85,525 "," 99,104 "," 24,817 "," 127,842 ",,,," 15,480 "," 150,308 ",,230%,40%,80%,70%,150%,-100%,,,20%,110%,,,,,,,,,,,,,,,
North Darfur,SD02,Al Koma,SD02116,,," 33,474 ", Non-displaced , -   ," 6,025 "," 21,330 "," 19,751 "," 4,781 "," 5,440 "," 4,951 "," 1,910 "," 4,854 "," 9,241 "," 11,970 ", -   ," 2,425 "," 6,092 "," 5,310 "," 1,239 "," 4,646 ", -   ,,," 1,991 "," 6,092 ",," -3,600 "," -15,238 "," -14,441 "," -3,542 ", -794 ,,,," -7,250 "," -5,878 ",,-60%,-70%,-70%,-70%,-10%,-100%,,,-80%,-50%,,,,,,,,,,,,,,,
North Darfur,SD02,Al Malha,SD02117,,," 127,505 ", Non-displaced , -   ," 22,951 "," 67,791 "," 44,391 "," 17,519 "," 16,720 "," 16,075 "," 1,401 "," 13,689 "," 1,246 "," 95,980 ", -   ," 5,278 "," 12,683 "," 3,540 "," 2,753 "," 10,324 ", -   ,,, 819 ," 12,683 ",," -17,673 "," -55,108 "," -40,851 "," -14,766 "," -6,396 ",,,, -427 ," -83,297 ",,-80%,-80%,-90%,-80%,-40%,-100%,,,-30%,-90%,,,,,,,,,,,,,,,
North Darfur,SD02,As Serief,SD02118,,," 80,309 ", Non-displaced , -   ," 14,456 "," 46,539 "," 20,638 "," 10,917 "," 11,673 "," 10,920 "," 3,588 ", -   ," 9,042 "," 45,397 ", -   ," 26,825 "," 60,645 "," 16,730 "," 13,013 "," 48,795 ", -   ,,," 39,563 "," 60,645 ",," 12,369 "," 14,106 "," -3,908 "," 2,096 "," 37,122 ",,,," 30,521 "," 15,248 ",,90%,30%,-20%,20%,320%,-100%,,,340%,30%,,,,,,,,,,,,,,,
North Darfur,SD02,At Tawisha,SD02119,,," 147,230 ", Non-displaced , -   ," 26,501 "," 70,210 "," 30,127 "," 28,913 "," 18,648 "," 23,273 "," 1,512 "," 15,015 "," 1,725 "," 17,401 ", -   ," 51,530 "," 102,749 "," 30,444 "," 23,680 "," 83,566 ", -   ,,," 86,118 "," 102,749 ",," 25,029 "," 32,539 ", 317 ," -5,233 "," 64,918 ",,,," 84,393 "," 85,348 ",,90%,50%,0%,-20%,350%,-100%,,,4890%,490%,,,,,,,,,,,,,,,
North Darfur,SD02,Um Baru,SD02120,,," 162,709 ", Non-displaced , -   ," 29,288 "," 70,844 "," 33,018 "," 9,549 "," 20,509 "," 19,936 "," 5,005 "," 16,475 ", 231 ," 88,127 ", -   ," 52,273 "," 113,487 "," 31,671 "," 24,635 "," 90,350 ", -   ,,," 12,909 "," 113,487 ",," 22,985 "," 42,643 "," -1,347 "," 15,086 "," 69,841 ",,,," 12,678 "," 25,360 ",,80%,60%,0%,160%,340%,-100%,,,5490%,30%,,,,,,,,,,,,,,,
North Darfur,SD02,Kebkabiya,SD02124,,," 162,730 ", Non-displaced , -   ," 29,291 "," 117,870 "," 84,246 "," 19,327 "," 42,925 "," 34,726 "," 18,870 "," 28,657 "," 78,613 "," 98,803 ", -   ," 4,931 "," 13,961 "," 10,778 "," 2,896 "," 13,961 ", -   ,,," 13,260 "," 12,720 ",," -24,360 "," -103,909 "," -73,468 "," -16,431 "," -28,964 ",,,," -65,353 "," -86,083 ",,-80%,-90%,-90%,-90%,-70%,-100%,,,-80%,-90%,,,,,,,,,,,,,,,
North Darfur,SD02,Kelemando,SD02126,,," 22,246 ", Non-displaced , -   ," 4,004 "," 16,932 "," 12,237 "," 3,060 "," 6,208 "," 3,862 "," 2,835 "," 4,209 "," 3,791 "," 11,784 ", -   ," 26,428 "," 74,236 "," 21,185 "," 16,479 "," 61,790 ", -   ,,," 19,703 "," 69,734 ",," 22,424 "," 57,304 "," 8,948 "," 13,419 "," 55,582 ",,,," 15,912 "," 57,950 ",,560%,340%,70%,440%,900%,-100%,,,420%,490%,,,,,,,,,,,,,,,
North Darfur,SD02,Kutum,SD02128,,," 122,856 ", Non-displaced , -   ," 22,114 "," 122,856 "," 85,999 "," 14,926 "," 43,000 "," 25,662 "," 45,459 "," 30,714 "," 109,172 "," 74,758 ", -   ," 10,464 "," 24,125 "," 6,514 "," 5,066 "," 24,426 ", -   ,,," 14,073 "," 22,614 ",," -11,650 "," -98,731 "," -79,485 "," -9,860 "," -18,574 ",,,," -95,099 "," -52,144 ",,-50%,-80%,-90%,-70%,-40%,-100%,,,-90%,-70%,,,,,,,,,,,,,,,
North Darfur,SD02,Melit,SD02129,,," 191,855 ", Non-displaced , -   ," 34,534 "," 117,714 "," 80,620 "," 27,731 "," 41,761 "," 35,282 "," 31,094 "," 26,203 "," 33,903 "," 93,607 ", -   ," 56,397 "," 142,543 "," 36,690 "," 28,539 "," 128,864 ", -   ,,," 87,557 "," 142,543 ",," 21,863 "," 24,829 "," -43,930 ", 808 ," 87,103 ",,,," 53,654 "," 48,936 ",,60%,20%,-50%,0%,210%,-100%,,,160%,50%,,,,,,,,,,,,,,,
North Darfur,SD02,Saraf Omra,SD02133,,," 172,070 ", Non-displaced , -   ," 30,973 "," 115,268 "," 80,838 "," 23,389 "," 41,489 "," 34,225 "," 34,229 "," 26,959 "," 70,603 "," 144,235 ", -   ," 31,222 "," 116,021 "," 32,574 "," 25,337 "," 82,327 ", -   ,,," 99,182 "," 116,021 ",, 249 , 753 ," -48,264 "," 1,948 "," 40,838 ",,,," 28,579 "," -28,214 ",,0%,0%,-60%,10%,100%,-100%,,,40%,-20%,,,,,,,,,,,,,,,
North Darfur,SD02,Um Kadadah,SD02136,,," 149,816 ", Non-displaced , -   ," 26,967 "," 92,808 "," 63,736 "," 22,392 "," 32,980 "," 21,612 "," 24,862 "," 20,778 "," 33,537 "," 79,048 ", -   ," 50,161 "," 103,676 "," 70,846 "," 21,505 "," 103,676 ", -   ,,," 11,331 "," 100,221 ",," 23,194 "," 10,868 "," 7,110 ", -887 ," 70,696 ",,,," -22,206 "," 21,173 ",,90%,10%,10%,0%,210%,-100%,,,-70%,30%,,,,,,,,,,,,,,,
North Darfur,SD02,Kernoi,SD02168,,," 143,535 ", Non-displaced , -   ," 25,836 "," 62,640 "," 47,960 "," 19,080 "," 18,142 "," 17,623 "," 7,388 "," 14,594 "," 1,479 "," 72,805 ", -   ," 48,137 "," 105,105 "," 29,453 "," 22,910 "," 83,533 ", -   ,,," 2,383 "," 105,105 ",," 22,301 "," 42,465 "," -18,507 "," 3,830 "," 65,391 ",,,, 904 ," 32,300 ",,90%,70%,-40%,20%,360%,-100%,,,60%,40%,,,,,,,,,,,,,,,
North Darfur,SD02,Al Lait,SD02169,,," 155,896 ", Non-displaced , -   ," 28,061 "," 86,101 "," 63,420 "," 26,474 "," 23,533 "," 21,806 "," 12,005 "," 20,444 "," 20,987 "," 123,777 ", -   ," 46,826 "," 108,940 "," 89,821 "," 22,597 "," 79,378 ", -   ,,," 108,940 "," 90,784 ",," 18,765 "," 22,839 "," 26,401 "," -3,877 "," 55,845 ",,,," 87,953 "," -32,993 ",,70%,30%,40%,-10%,240%,-100%,,,420%,-30%,,,,,,,,,,,,,,,
North Darfur,SD02,Tawila,SD02170,,, -   , Non-displaced , -   , -   , -   , -   , -   , -   , -   , -   , -   , -   , -   , -   ," 15,770 "," 53,455 "," 50,537 "," 11,793 "," 31,586 ", -   ,,, -   ," 53,455 ",,,,,,,,,,,,,,,,,,,,,,,,,,,,,,,,,,,,,
North Darfur,SD02,At Tina,SD02171,,," 46,834 ", Non-displaced , -   ," 8,430 "," 22,168 "," 11,252 "," 6,281 "," 6,527 "," 6,173 "," 5,933 "," 5,491 "," 7,217 "," 36,057 ", -   , 319 ," 26,016 "," 11,562 "," 8,994 "," 24,089 ", -   ,,," 1,947 "," 26,016 ",," -8,111 "," 3,848 ", 310 ," 2,713 "," 17,562 ",,,," -5,270 "," -10,041 ",,-100%,20%,0%,40%,270%,-100%,,,-70%,-30%,,,,,,,,,,,,,,,
South Darfur,SD03,Al Radoum,SD03141,,," 81,813 ", Non-displaced , -   ," 15,085 "," 51,999 "," 44,945 "," 4,617 "," 16,316 "," 14,275 "," 10,266 "," 15,389 "," 13,594 "," 58,250 ", -   ," 4,567 "," 16,045 "," 4,352 "," 3,385 "," 9,066 ", -   ,,, -   ," 16,045 ",," -10,518 "," -35,954 "," -40,593 "," -1,232 "," -7,250 ",,,,," -42,205 ",,-70%,-70%,-90%,-30%,-40%,-100%,,,-100%,-70%,,,,,,,,,,,,,,,
South Darfur,SD03,Ed Al Fursan,SD03143,,," 178,995 ", Non-displaced , -   ," 32,219 "," 89,334 "," 71,479 "," 11,744 "," 37,193 "," 24,722 "," 13,312 ", -   ," 20,124 "," 110,577 ", -   ," 18,088 "," 40,723 "," 34,264 "," 10,661 "," 28,554 ", -   ,,," 32,561 "," 39,975 ",," -14,131 "," -48,611 "," -37,215 "," -1,083 "," -8,639 ",,,," 12,437 "," -70,602 ",,-40%,-50%,-50%,-10%,-20%,-100%,,,60%,-60%,,,,,,,,,,,,,,,
South Darfur,SD03,Kas,SD03144,,," 171,331 ", Non-displaced , -   ," 30,840 "," 163,519 "," 113,504 "," 19,508 "," 56,925 "," 34,275 "," 101,838 "," 40,227 "," 108,483 "," 124,336 ", -   ," 36,147 "," 113,852 "," 87,853 "," 26,668 "," 70,723 ", -   ,,," 23,040 "," 104,481 ",," 5,308 "," -49,667 "," -25,651 "," 7,160 "," 13,798 ",,,," -85,443 "," -19,855 ",,20%,-30%,-20%,40%,20%,-100%,,,-80%,-20%,,,,,,,,,,,,,,,
South Darfur,SD03,Mershing,SD03145,,, 525 , Non-displaced , -   , 95 , 525 , 420 , 39 , 184 , 141 , 337 , 131 , 279 , 317 , -   ," 2,668 "," 6,946 "," 6,946 "," 1,621 "," 4,341 ", -   ,,," 4,675 "," 6,689 ",," 2,574 "," 6,421 "," 6,526 "," 1,582 "," 4,157 ",,,," 4,396 "," 6,372 ",,2720%,1220%,1550%,4060%,2260%,-100%,,,1580%,2010%,,,,,,,,,,,,,,,
South Darfur,SD03,Um Dafoug,SD03146,,," 64,669 ", Non-displaced , -   ," 11,640 "," 30,483 "," 15,411 "," 2,514 "," 8,969 "," 8,494 "," 4,155 "," 7,529 "," 5,737 "," 49,696 ", -   ," 18,910 ", -   ," 11,576 "," 9,005 "," 24,081 ", -   ,,," 2,495 "," 24,081 ",," 7,270 ",," -3,835 "," 6,491 "," 15,112 ",,,," -3,242 "," -25,615 ",,60%,-100%,-20%,260%,170%,-100%,,,-60%,-50%,,,,,,,,,,,,,,,
South Darfur,SD03,Sharg Aj Jabal,SD03147,,, -   , Non-displaced , -   , -   , -   , -   , -   , -   , -   , -   , -   , -   , -   , -   ," 27,036 "," 157,965 "," 123,492 "," 31,067 "," 115,910 ", -   ,,," 52,006 "," 157,965 ",,,,,,,,,,,,,,,,,,,,,,,,,,,,,,,,,,,,,
South Darfur,SD03,Tulus,SD03149,,," 351,078 ", Non-displaced , -   ," 63,194 "," 188,153 "," 123,542 "," 37,392 "," 46,482 "," 44,571 "," 20,257 ", -   ," 4,415 "," 108,104 ", -   ," 57,110 "," 252,684 ", -   ," 57,950 "," 154,409 ", -   ,,," 164,341 "," 252,684 ",," -6,084 "," 64,531 ",," 20,558 "," 107,927 ",,,," 159,926 "," 144,580 ",,-10%,30%,-100%,50%,230%,-100%,,,3620%,130%,,,,,,,,,,,,,,,
South Darfur,SD03,Al Wihda,SD03150,,," 44,313 ", Non-displaced , -   ," 7,976 "," 26,162 "," 16,083 "," 3,619 "," 8,445 "," 5,741 "," 10,198 "," 5,023 "," 5,889 "," 15,857 ", -   ," 15,254 "," 39,265 "," 12,048 "," 9,035 "," 35,139 ", -   ,,," 39,265 "," 38,653 ",," 7,278 "," 13,103 "," -4,035 "," 5,416 "," 26,694 ",,,," 33,376 "," 22,796 ",,90%,50%,-30%,150%,320%,-100%,,,570%,140%,,,,,,,,,,,,,,,
South Darfur,SD03,Nitega,SD03151,,, 189 , Non-displaced , -   , 34 , 189 , 151 , 24 , 66 , 40 , 72 , -   , 155 , 142 , -   ," 39,245 "," 107,711 "," 86,916 "," 20,282 "," 53,871 ", -   ,,," 58,849 "," 107,711 ",," 39,211 "," 107,522 "," 86,765 "," 20,258 "," 53,805 ",,,," 58,694 "," 107,569 ",,115330%,56890%,57380%,84410%,81520%,-100%,,,37870%,75620%,,,,,,,,,,,,,,,
South Darfur,SD03,Gereida,SD03153,,, 916 , Non-displaced , -   , 165 , 853 , 641 , 84 , 321 , 191 , 340 , 229 , 827 , 916 , -   ," 51,018 "," 124,558 "," 34,306 "," 26,685 "," 100,058 ", -   ,,," 65,972 "," 124,558 ",," 50,853 "," 123,705 "," 33,665 "," 26,601 "," 99,737 ",,,," 65,145 "," 123,642 ",,30840%,14500%,5250%,31670%,31070%,-100%,,,7880%,13500%,,,,,,,,,,,,,,,
South Darfur,SD03,Shattaya,SD03154,,," 6,230 ", Non-displaced , -   ," 1,121 "," 3,429 "," 3,115 ", 885 , 779 , 759 , 593 , -   , 396 ," 3,204 ", -   ," 58,900 "," 141,149 "," 128,318 "," 29,944 "," 79,304 ", -   ,,," 123,268 "," 141,149 ",," 57,779 "," 137,720 "," 125,203 "," 29,059 "," 78,525 ",,,," 122,872 "," 137,945 ",,5150%,4020%,4020%,3280%,10080%,-100%,,,31030%,4310%,,,,,,,,,,,,,,,
South Darfur,SD03,As Sunta,SD03156,,," 87,312 ", Non-displaced , -   ," 15,716 "," 81,327 "," 61,118 "," 5,295 "," 30,559 "," 18,237 "," 32,308 "," 21,828 "," 30,137 "," 82,615 ", -   ," 1,850 "," 9,348 "," 2,640 "," 2,053 "," 7,699 ", -   ,,," 9,898 "," 9,348 ",," -13,866 "," -71,979 "," -58,478 "," -3,242 "," -22,860 ",,,," -20,239 "," -73,267 ",,-90%,-90%,-100%,-60%,-70%,-100%,,,-70%,-90%,,,,,,,,,,,,,,,
South Darfur,SD03,Kubum,SD03157,,," 223,528 ", Non-displaced , -   ," 40,235 "," 99,894 "," 77,128 "," 19,039 "," 29,078 "," 28,018 "," 23,739 "," 23,717 "," 6,180 "," 94,849 ", -   ," 66,821 "," 157,055 "," 41,664 "," 32,408 "," 86,500 ", -   ,,," 105,073 "," 157,055 ",," 26,586 "," 57,161 "," -35,464 "," 13,369 "," 57,422 ",,,," 98,893 "," 62,206 ",,70%,60%,-50%,70%,200%,-100%,,,1600%,70%,,,,,,,,,,,,,,,
South Darfur,SD03,Rehaid Albirdi,SD03158,,," 225,716 ", Non-displaced , -   ," 40,629 "," 108,499 "," 85,816 "," 10,475 "," 44,859 "," 30,158 "," 29,867 "," 27,165 "," 65,343 "," 112,906 ", -   ," 59,536 "," 110,368 "," 18,821 "," 29,279 "," 77,711 ", -   ,,," 68,191 "," 129,800 ",," 18,907 "," 1,869 "," -66,995 "," 18,804 "," 32,852 ",,,," 2,848 "," 16,894 ",,50%,0%,-80%,180%,70%,-100%,,,0%,10%,,,,,,,,,,,,,,,
South Darfur,SD03,Kateila,SD03159,,," 128,883 ", Non-displaced , -   ," 23,199 "," 71,076 "," 40,873 "," 9,426 "," 30,103 "," 19,455 "," 24,108 "," 19,358 "," 26,925 "," 88,216 ", -   ," 29,177 "," 95,928 "," 61,829 "," 19,238 "," 51,525 ", -   ,,," 60,617 "," 95,928 ",," 5,978 "," 24,852 "," 20,956 "," 9,812 "," 21,422 ",,,," 33,692 "," 7,712 ",,30%,30%,50%,100%,70%,-100%,,,130%,10%,,,,,,,,,,,,,,,
South Darfur,SD03,Buram,SD03161,,," 55,740 ", Non-displaced , -   ," 10,033 "," 51,919 "," 39,018 "," 3,724 "," 19,509 "," 11,643 "," 20,625 "," 13,935 "," 33,704 "," 44,352 ", -   ," 3,949 "," 17,942 "," 5,023 "," 3,907 "," 10,466 ", -   ,,," 18,315 "," 15,822 ",," -6,084 "," -33,977 "," -33,995 ", 183 ," -9,043 ",,,," -15,389 "," -28,530 ",,-60%,-70%,-90%,0%,-50%,-100%,,,-50%,-60%,,,,,,,,,,,,,,,
South Darfur,SD03,Beliel,SD03162,,, -   , Non-displaced , -   , -   , -   , -   , -   , -   , -   , -   , -   , -   , -   , -   ," 15,635 "," 30,130 "," 24,151 "," 9,519 "," 25,408 ", -   ,,, -   ," 30,130 ",,,,,,,,,,,,,,,,,,,,,,,,,,,,,,,,,,,,,
South Darfur,SD03,Nyala Shimal,SD03164,,," 167,630 ", Non-displaced , -   ," 30,173 "," 167,630 "," 117,341 "," 17,564 "," 75,434 "," 45,019 "," 62,024 "," 41,908 "," 121,625 "," 86,011 ", -   ," 10,826 "," 25,053 "," 28,162 "," 6,572 "," 24,641 ", -   ,,," 11,245 "," 27,215 ",," -19,347 "," -142,577 "," -89,179 "," -10,992 "," -50,793 ",,,," -110,380 "," -58,796 ",,-60%,-90%,-80%,-60%,-70%,-100%,,,-90%,-70%,,,,,,,,,,,,,,,
South Darfur,SD03,As Salam - SD,SD03166,,," 90,347 ", Non-displaced , -   ," 16,263 "," 59,943 "," 35,827 "," 7,397 "," 18,655 "," 12,419 "," 13,053 "," 11,473 "," 13,902 "," 42,596 ", -   ," 18,806 "," 24,535 "," 36,629 "," 8,893 "," 32,777 ", -   ,,," 14,959 "," 35,724 ",," 2,544 "," -35,408 ", 802 ," 1,496 "," 14,122 ",,,," 1,057 "," -6,872 ",,20%,-60%,0%,20%,80%,-100%,,,10%,-20%,,,,,,,,,,,,,,,
South Darfur,SD03,Nyala Janoub,SD03167,,, -   , Non-displaced , -   , -   , -   , -   , -   , -   , -   , -   , -   , -   , -   , -   ," 14,575 "," 33,188 "," 34,396 "," 8,027 "," 21,498 ", -   ,,," 9,594 "," 36,206 ",,,,,,,,,,,,,,,,,,,,,,,,,,,,,,,,,,,,,
South Darfur,SD03,Damso,SD03172,,," 171,825 ", Non-displaced , -   ," 30,929 "," 77,503 "," 60,031 "," 17,201 "," 22,603 "," 21,711 "," 18,800 ", -   ," 8,287 "," 123,831 ", -   ," 14,836 "," 23,836 "," 33,691 "," 26,206 "," 70,190 ", -   ,,," 65,763 "," 70,190 ",," -16,093 "," -53,667 "," -26,340 "," 9,005 "," 47,587 ",,,," 57,476 "," -53,641 ",,-50%,-70%,-40%,50%,210%,-100%,,,690%,-40%,,,,,,,,,,,,,,,
West Darfur,SD04,Beida,SD04111,,," 62,033 ", Non-displaced , -   ," 11,166 "," 30,468 "," 21,620 "," 7,982 "," 11,399 "," 7,826 "," 6,750 "," 6,669 "," 6,482 "," 22,788 ", -   , -   , -   , -   , -   , -   , -   ,,, -   , -   ,,,,,,,,,,,,,-100%,-100%,-100%,-100%,-100%,-100%,,,-100%,-100%,,,,,,,,,,,,,,,
West Darfur,SD04,Ag Geneina,SD04115,,," 124,721 ", Non-displaced , -   ," 22,450 "," 93,142 "," 67,036 "," 13,487 "," 34,066 "," 21,282 "," 55,174 "," 22,963 "," 26,461 "," 92,567 ", -   , 126 , 306 , 256 , 105 , 152 , -   ,,, 73 , 306 ,," -22,324 "," -92,836 "," -66,780 "," -13,382 "," -33,914 ",,,," -26,388 "," -92,261 ",,-100%,-100%,-100%,-100%,-100%,-100%,,,-100%,-100%,,,,,,,,,,,,,,,
West Darfur,SD04,Foro Baranga,SD04121,,," 23,442 ", Non-displaced , -   ," 4,220 "," 16,062 "," 11,329 "," 2,860 "," 5,802 "," 3,701 "," 4,898 "," 3,801 "," 8,236 "," 16,687 ", -   , 459 , 839 , 758 , 222 , 616 , -   ,,, 445 , 839 ,," -3,761 "," -15,223 "," -10,571 "," -2,638 "," -5,186 ",,,," -7,791 "," -15,848 ",,-90%,-90%,-90%,-90%,-90%,-100%,,,-90%,-90%,,,,,,,,,,,,,,,
West Darfur,SD04,Habila - WD,SD04122,,," 17,721 ", Non-displaced , -   ," 3,190 "," 16,506 "," 12,405 "," 2,281 "," 6,202 "," 3,701 "," 11,344 ", -   ," 11,297 "," 17,230 ", -   , 186 , 558 , 716 , 173 , 676 , -   ,,, 563 , 716 ,," -3,004 "," -15,948 "," -11,689 "," -2,108 "," -5,526 ",,,," -10,734 "," -16,514 ",,-90%,-100%,-90%,-90%,-90%,-100%,,,-100%,-100%,,,,,,,,,,,,,,,
West Darfur,SD04,Jebel Moon,SD04123,,, -   , Non-displaced , -   , -   , -   , -   , -   , -   , -   , -   , -   , -   , -   , -   , 332 ," 1,175 ", 987 , 222 , 536 , -   ,,, 360 ," 1,175 ",,,,,,,,,,,,,,,,,,,,,,,,,,,,,,,,,,,,,
West Darfur,SD04,Kereneik,SD04125,,," 87,273 ", Non-displaced , -   ," 15,709 "," 62,170 "," 44,262 "," 9,814 "," 22,587 "," 14,269 "," 35,390 ", -   ," 30,240 "," 65,034 ", -   , 708 ," 2,393 "," 2,082 ", 505 ," 1,940 ", -   ,,," 1,228 "," 2,393 ",," -15,001 "," -59,777 "," -42,180 "," -9,309 "," -20,647 ",,,," -29,012 "," -62,641 ",,-100%,-100%,-100%,-90%,-90%,-100%,,,-100%,-100%,,,,,,,,,,,,,,,
West Darfur,SD04,Kulbus,SD04127,,, -   , Non-displaced , -   , -   , -   , -   , -   , -   , -   , -   , -   , -   , -   , -   , 254 , -   , 195 , 147 , 178 , -   ,,, 45 , 564 ,,,,,,,,,,,,,,,,,,,,,,,,,,,,,,,,,,,,,
West Darfur,SD04,Sirba,SD04134,,," 27,348 ", Non-displaced , -   ," 4,923 "," 26,843 "," 18,728 "," 2,956 "," 9,376 "," 5,615 "," 9,813 "," 6,668 "," 11,006 "," 17,468 ", -   , 419 ," 1,516 ", 421 , 316 , 426 , -   ,,, 512 ," 1,516 ",," -4,504 "," -25,327 "," -18,307 "," -2,640 "," -8,950 ",,,," -10,494 "," -15,952 ",,-90%,-90%,-100%,-90%,-100%,-100%,,,-100%,-90%,,,,,,,,,,,,,,,
East Darfur,SD05,Adila,SD05139,,," 208,971 ", Non-displaced , -   ," 37,615 "," 110,482 "," 89,885 "," 18,985 "," 46,467 "," 30,378 "," 35,407 "," 29,380 "," 33,899 "," 77,359 ", -   ," 62,127 "," 73,620 ", -   ," 38,989 "," 102,595 ", -   ,,," 48,012 "," 102,595 ",," 24,512 "," -36,862 ",," 20,004 "," 56,128 ",,,," 14,113 "," 25,236 ",,70%,-30%,-100%,110%,120%,-100%,,,40%,30%,,,,,,,,,,,,,,,
East Darfur,SD05,Abu Jabrah,SD05140,,," 140,401 ", Non-displaced , -   ," 25,272 "," 70,901 "," 64,304 "," 9,562 "," 23,622 "," 15,236 "," 26,699 ", -   ," 43,540 "," 97,621 ", -   ," 43,201 "," 127,113 "," 64,737 "," 26,366 "," 70,619 ", -   ,,," 110,699 "," 127,113 ",," 17,929 "," 56,212 ", 433 ," 16,804 "," 46,997 ",,,," 67,159 "," 29,492 ",,70%,80%,0%,180%,200%,-100%,,,150%,30%,,,,,,,,,,,,,,,
East Darfur,SD05,Ad Du'ayn,SD05142,,," 62,149 ", Non-displaced , -   ," 11,187 "," 40,077 "," 34,182 "," 4,999 "," 21,752 "," 12,982 "," 39,776 "," 15,537 "," 42,447 "," 45,698 ", -   ," 19,250 "," 52,465 "," 28,998 "," 11,810 "," 44,285 ", -   ,,," 36,425 "," 45,550 ",," 8,063 "," 12,388 "," -5,184 "," 6,811 "," 22,533 ",,,," -6,022 ", -148 ,,70%,30%,-20%,140%,100%,-100%,,,-10%,0%,,,,,,,,,,,,,,,
East Darfur,SD05,Shia'ria,SD05148,,," 120,603 ", Non-displaced , -   ," 21,709 "," 69,130 "," 84,422 "," 25,086 "," 42,211 "," 25,192 "," 44,625 "," 30,151 "," 86,508 "," 120,603 ", -   ," 28,330 "," 114,490 "," 43,473 "," 25,695 "," 68,821 ", -   ,,," 41,891 "," 122,500 ",," 6,622 "," 45,360 "," -40,949 ", 609 ," 26,610 ",,,," -44,617 "," 1,897 ",,30%,70%,-50%,0%,60%,-100%,,,-50%,0%,,,,,,,,,,,,,,,
East Darfur,SD05,Al Firdous,SD05152,,," 170,076 ", Non-displaced , -   ," 30,614 "," 96,353 "," 56,456 "," 11,207 "," 40,984 "," 26,299 "," 61,169 ", -   ," 34,917 "," 139,305 ", -   ," 5,901 "," 141,282 "," 102,577 "," 31,915 "," 119,673 ", -   ,,," 33,242 "," 141,282 ",," -24,713 "," 44,929 "," 46,121 "," 20,708 "," 78,689 ",,,," -1,675 "," 1,977 ",,-80%,50%,80%,180%,190%,-100%,,,0%,0%,,,,,,,,,,,,,,,
East Darfur,SD05,Abu Karinka,SD05155,,," 271,900 ", Non-displaced , -   ," 48,942 "," 109,841 "," 107,068 "," 22,979 "," 39,846 "," 26,570 "," 19,691 "," 34,220 "," 35,557 "," 132,147 ", -   ," 87,820 "," 239,419 "," 101,209 "," 50,790 "," 153,115 ", -   ,,," 208,709 "," 239,419 ",," 38,878 "," 129,578 "," -5,859 "," 27,811 "," 113,269 ",,,," 173,152 "," 107,272 ",,80%,120%,-10%,120%,280%,-100%,,,490%,80%,,,,,,,,,,,,,,,
East Darfur,SD05,Bahr Al Arab,SD05160,,," 302,850 ", Non-displaced , -   ," 54,513 "," 131,953 "," 90,397 "," 35,533 "," 48,509 "," 31,649 "," 26,224 "," 43,068 "," 66,229 "," 239,247 ", -   ," 90,859 "," 254,000 "," 76,373 "," 56,577 "," 205,591 ", -   ,,," 130,243 "," 254,000 ",," 36,346 "," 122,047 "," -14,024 "," 21,044 "," 157,082 ",,,," 64,014 "," 14,753 ",,70%,90%,-20%,60%,320%,-100%,,,100%,10%,,,,,,,,,,,,,,,
East Darfur,SD05,Assalaya,SD05163,,," 237,095 ", Non-displaced , -   ," 42,677 "," 103,084 "," 89,543 "," 17,380 "," 33,455 "," 31,538 "," 15,828 ", -   ," 27,225 "," 175,010 ", -   ," 73,243 "," 222,036 "," 74,604 "," 44,096 "," 165,346 ", -   ,,," 148,415 "," 222,036 ",," 30,566 "," 118,952 "," -14,939 "," 26,716 "," 131,891 ",,,," 121,190 "," 47,026 ",,70%,120%,-20%,150%,390%,-100%,,,450%,30%,,,,,,,,,,,,,,,
East Darfur,SD05,Yassin,SD05165,,," 71,747 ", Non-displaced , -   ," 12,915 "," 46,266 "," 39,461 "," 7,581 "," 17,937 "," 10,705 "," 12,915 ", -   ," 37,850 "," 68,576 ", -   ," 30,543 "," 72,172 "," 26,711 "," 19,788 "," 74,197 ", -   ,,," 40,278 "," 74,197 ",," 17,629 "," 25,906 "," -12,750 "," 12,207 "," 56,260 ",,,," 2,428 "," 5,621 ",,140%,60%,-30%,160%,310%,-100%,,,10%,10%,,,,,,,,,,,,,,,
Central Darfur,SD06,Azum,SD06110,,, -   , Non-displaced , -   , -   , -   , -   , -   , -   , -   , -   , -   , -   , -   , -   ," 3,132 "," 4,814 "," 6,667 "," 1,500 "," 4,167 ", -   ,,, 347 ," 6,667 ",,,,,,,,,,,,,,,,,,,,,,,,,,,,,,,,,,,,,
Central Darfur,SD06,Bendasi,SD06112,,," 41,658 ", Non-displaced , -   ," 7,498 "," 36,269 "," 24,301 "," 3,940 "," 12,282 "," 7,558 "," 5,793 "," 8,444 "," 17,224 "," 38,243 ", -   ," 12,387 "," 25,328 "," 8,350 "," 6,262 "," 22,879 ", -   ,,," 9,785 "," 30,615 ",," 4,889 "," -10,941 "," -15,951 "," 2,322 "," 10,597 ",,,," -7,439 "," -7,628 ",,70%,-30%,-70%,60%,90%,-100%,,,-40%,-20%,,,,,,,,,,,,,,,
Central Darfur,SD06,Mukjar,SD06130,,," 15,932 ", Non-displaced , -   ," 2,990 "," 15,932 "," 11,152 "," 1,507 "," 5,576 "," 3,328 "," 2,869 "," 3,983 "," 3,340 "," 15,932 ", -   ," 4,672 "," 9,578 "," 3,932 "," 2,949 "," 6,768 ", -   ,,," 1,706 "," 9,578 ",," 1,682 "," -6,354 "," -7,220 "," 1,442 "," 1,192 ",,,," -1,634 "," -6,354 ",,60%,-40%,-60%,100%,20%,-100%,,,-50%,-40%,,,,,,,,,,,,,,,
Central Darfur,SD06,Gharb Jabal Marrah,SD06131,,," 32,249 ", Non-displaced , -   ," 5,805 "," 27,728 "," 22,574 "," 2,930 "," 11,287 "," 6,736 "," 11,933 "," 8,062 "," 12,839 "," 32,249 ", -   ," 13,567 "," 30,731 "," 13,671 "," 6,558 "," 25,506 ", -   ,,, -   ," 29,878 ",," 7,762 "," 3,003 "," -8,903 "," 3,628 "," 14,219 ",,,,," -2,371 ",,130%,10%,-40%,120%,130%,-100%,,,-100%,-10%,,,,,,,,,,,,,,,
Central Darfur,SD06,Shamal Jabal Marrah,SD06132,,, -   , Non-displaced , -   , -   , -   , -   , -   , -   , -   , -   , -   , -   , -   , -   ," 7,738 "," 17,019 "," 16,499 "," 4,798 "," 13,327 ", -   ,,, -   ," 17,019 ",,,,,,,,,,,,,,,,,,,,,,,,,,,,,,,,,,,,,
Central Darfur,SD06,Um Dukhun,SD06135,,," 37,755 ", Non-displaced , -   ," 6,796 "," 37,755 "," 26,429 "," 3,571 "," 13,214 "," 7,886 "," 13,971 "," 9,439 "," 18,444 "," 37,687 ", -   ," 11,975 "," 19,296 "," 3,922 "," 6,947 "," 27,014 ", -   ,,," 3,216 "," 32,031 ",," 5,179 "," -18,459 "," -22,507 "," 3,376 "," 13,800 ",,,," -15,228 "," -5,656 ",,80%,-50%,-90%,90%,100%,-100%,,,-80%,-20%,,,,,,,,,,,,,,,
Central Darfur,SD06,Wadi Salih,SD06137,,, -   , Non-displaced , -   , -   , -   , -   , -   , -   , -   , -   , -   , -   , -   , -   ," 5,752 "," 10,397 "," 11,121 "," 2,502 "," 9,731 ", -   ,,," 2,224 "," 11,121 ",,,,,,,,,,,,,,,,,,,,,,,,,,,,,,,,,,,,,
Central Darfur,SD06,Zalingi,SD06138,,, -   , Non-displaced , -   , -   , -   , -   , -   , -   , -   , -   , -   , -   , -   , -   ," 11,818 "," 29,555 "," 25,003 "," 6,225 "," 17,292 ", -   ,,," 4,803 "," 30,434 ",,,,,,,,,,,,,,,,,,,,,,,,,,,,,,,,,,,,,
Central Darfur,SD06,Wasat Jabal Marrah,SD06139,,, -   , Non-displaced , -   , -   , -   , -   , -   , -   , -   , -   , -   , -   , -   , -   ," 11,179 "," 27,977 "," 9,707 "," 5,673 "," 22,061 ", -   ,,, -   ," 24,267 ",,,,,,,,,,,,,,,,,,,,,,,,,,,,,,,,,,,,,
South Kordofan,SD07,Abu Jubayhah,SD07088,,," 85,881 ", Non-displaced , -   ," 15,459 "," 55,732 "," 53,479 "," 8,255 "," 26,919 "," 16,376 "," 26,846 "," 18,779 "," 33,561 "," 81,216 ", -   ," 32,553 "," 69,638 "," 63,594 "," 16,011 "," 61,575 ", -   ,,," 69,638 "," 60,836 ",," 17,094 "," 13,906 "," 10,115 "," 7,756 "," 34,656 ",,,," 36,077 "," -20,380 ",,110%,20%,20%,90%,130%,-100%,,,110%,-30%,,,,,,,,,,,,,,,
South Kordofan,SD07,Talawdi,SD07089,,, -   , Non-displaced , -   , -   , -   , -   , -   , -   , -   , -   , -   , -   , -   , -   , 177 , 759 , 759 , 283 , 681 , -   ,,, 394 , 560 ,,,,,,,,,,,,,,,,,,,,,,,,,,,,,,,,,,,,,
South Kordofan,SD07,Abassiya,SD07090,,," 26,911 ", Non-displaced , -   ," 4,844 "," 19,282 "," 18,838 "," 2,487 "," 9,419 "," 5,621 "," 9,959 "," 6,728 "," 23,298 "," 26,806 ", -   ," 10,988 "," 21,823 "," 13,037 "," 5,011 "," 19,268 ", -   ,,," 5,505 "," 5,505 ",," 6,144 "," 2,541 "," -5,801 "," 2,524 "," 9,849 ",,,," -17,793 "," -21,301 ",,130%,10%,-30%,100%,100%,-100%,,,-80%,-80%,,,,,,,,,,,,,,,
South Kordofan,SD07,Um Durein,SD07091,,," 71,757 ", Non-displaced , -   ," 12,916 "," 33,851 "," 23,680 "," 4,426 "," 8,970 "," 8,740 "," 3,589 "," 7,176 "," 9,802 "," 32,818 ", -   ," 13,610 "," 60,130 "," 42,879 "," 13,008 "," 35,733 ", -   ,,," 49,662 "," 55,728 ",, 694 ," 26,279 "," 19,199 "," 8,582 "," 26,763 ",,,," 39,860 "," 22,910 ",,10%,80%,80%,190%,300%,-100%,,,410%,70%,,,,,,,,,,,,,,,
South Kordofan,SD07,Ar Rashad,SD07093,,," 24,631 ", Non-displaced , -   ," 4,434 "," 16,866 "," 16,347 "," 2,292 "," 8,198 "," 4,935 "," 4,122 "," 5,795 "," 11,206 "," 20,656 ", -   ," 6,675 "," 19,688 "," 11,753 "," 4,517 "," 17,371 ", -   ,,, -   ," 6,770 ",," 2,242 "," 2,822 "," -4,594 "," 2,225 "," 9,173 ",,,,," -13,886 ",,50%,20%,-30%,100%,110%,-100%,,,-100%,-70%,,,,,,,,,,,,,,,
South Kordofan,SD07,Al Quoz,SD07094,,," 68,881 ", Non-displaced , -   ," 12,399 "," 38,970 "," 26,047 "," 2,497 "," 13,622 "," 9,170 "," 9,012 "," 8,233 "," 5,045 "," 34,142 ", -   ," 11,687 "," 52,947 "," 14,157 "," 10,737 "," 41,291 ", -   ,,," 19,662 "," 49,602 ",, -712 ," 13,977 "," -11,890 "," 8,240 "," 27,669 ",,,," 14,617 "," 15,460 ",,-10%,40%,-50%,330%,200%,-100%,,,290%,50%,,,,,,,,,,,,,,,
South Kordofan,SD07,Dilling,SD07095,,," 72,814 ", Non-displaced , -   ," 13,107 "," 51,777 "," 40,645 "," 2,768 "," 20,601 "," 12,779 "," 19,270 "," 29,431 "," 16,621 "," 65,309 ", -   ," 33,609 "," 75,529 "," 19,290 "," 14,630 "," 56,263 ", -   ,,," 13,978 "," 75,529 ",," 20,503 "," 23,752 "," -21,355 "," 11,862 "," 35,662 ",,,," -2,643 "," 10,220 ",,160%,50%,-50%,430%,170%,-100%,,,-20%,20%,,,,,,,,,,,,,,,
South Kordofan,SD07,Heiban,SD07096,,," 138,054 ", Non-displaced , -   ," 24,850 "," 65,126 "," 45,558 "," 8,515 "," 17,257 "," 12,010 "," 6,904 "," 13,805 "," 18,858 "," 102,037 ", -   ," 45,510 "," 96,272 "," 82,519 "," 25,034 "," 96,272 ", -   ,,," 66,474 "," 59,098 ",," 20,660 "," 31,146 "," 36,961 "," 16,519 "," 79,015 ",,,," 47,616 "," -42,939 ",,80%,50%,80%,190%,460%,-100%,,,250%,-40%,,,,,,,,,,,,,,,
South Kordofan,SD07,Ar Reif Ash Shargi,SD07097,,, 477 , Non-displaced , -   , 86 , 410 , 262 , 29 , 167 , 100 , 178 , 119 , 369 , 364 , -   ," 2,149 "," 5,082 "," 5,082 "," 1,156 "," 4,447 ", -   ,,," 5,029 "," 3,851 ",," 2,063 "," 4,672 "," 4,820 "," 1,127 "," 4,280 ",,,," 4,660 "," 3,487 ",,2400%,1140%,1840%,3890%,2560%,-100%,,,1260%,960%,,,,,,,,,,,,,,,
South Kordofan,SD07,Kadugli,SD07098,,, 240 , Non-displaced , -   , 51 , 132 , 79 , 15 , 42 , 29 , 25 , 60 , 8 , 92 , -   ," 4,178 "," 10,310 "," 9,164 "," 2,085 "," 10,310 ", -   ,,," 3,510 "," 10,310 ",," 4,127 "," 10,178 "," 9,085 "," 2,070 "," 10,268 ",,,," 3,502 "," 10,218 ",,8090%,7710%,11470%,13800%,24450%,-100%,,,43780%,11100%,,,,,,,,,,,,,,,
South Kordofan,SD07,Al Buram,SD07099,,," 97,552 ", Non-displaced , -   ," 17,559 "," 46,019 "," 32,192 "," 6,017 "," 12,194 "," 8,487 "," 4,879 "," 9,755 "," 17,767 "," 44,616 ", -   ," 30,589 "," 87,464 "," 11,663 "," 17,692 "," 68,035 ", -   ,,," 17,819 "," 87,464 ",," 13,030 "," 41,445 "," -20,529 "," 11,675 "," 55,841 ",,,, 52 ," 42,848 ",,70%,90%,-60%,190%,460%,-100%,,,0%,100%,,,,,,,,,,,,,,,
South Kordofan,SD07,Habila - SK,SD07103,,, 483 , Non-displaced , -   , 87 , 415 , 386 , 24 , 169 , 101 , 180 , 121 , 411 , 423 , -   ," 9,704 "," 22,307 "," 17,083 "," 4,191 "," 15,972 ", -   ,,," 9,682 "," 22,307 ",," 9,617 "," 21,892 "," 16,697 "," 4,167 "," 15,803 ",,,," 9,271 "," 21,884 ",,11070%,5270%,4320%,17360%,9350%,-100%,,,2260%,5170%,,,,,,,,,,,,,,,
South Kordofan,SD07,Abu Kershola,SD07104,,," 22,620 ", Non-displaced , -   ," 4,072 "," 17,828 "," 12,441 ", 540 ," 7,917 "," 4,725 "," 8,370 "," 5,655 "," 13,778 "," 19,483 ", -   ," 11,114 "," 26,787 "," 21,671 "," 5,456 "," 20,983 ", -   ,,," 12,462 "," 26,787 ",," 7,042 "," 8,959 "," 9,230 "," 4,916 "," 13,066 ",,,," -1,316 "," 7,304 ",,170%,50%,70%,910%,170%,-100%,,,-10%,40%,,,,,,,,,,,,,,,
South Kordofan,SD07,Al Leri,SD07105,,," 20,027 ", Non-displaced , -   ," 4,506 "," 11,639 "," 9,707 "," 1,837 "," 3,550 "," 3,169 "," 2,092 ", -   ," 7,217 "," 14,318 ", -   , 550 ," 9,381 "," 5,341 "," 2,846 "," 7,817 ", -   ,,," 8,143 "," 8,530 ",," -3,956 "," -2,258 "," -4,366 "," 1,009 "," 4,267 ",,,, 926 ," -5,788 ",,-90%,-20%,-40%,50%,120%,-100%,,,10%,-40%,,,,,,,,,,,,,,,
South Kordofan,SD07,At Tadamon - SK,SD07106,,," 47,426 ", Non-displaced , -   ," 8,537 "," 13,704 "," 16,719 "," 4,337 "," 6,289 "," 4,306 "," 5,303 "," 5,176 "," 4,204 "," 26,164 ", -   ," 13,781 "," 31,736 "," 14,456 "," 7,703 "," 21,144 ", -   ,,," 11,362 "," 32,574 ",," 5,244 "," 18,032 "," -2,263 "," 3,366 "," 14,855 ",,,," 7,158 "," 6,410 ",,60%,130%,-10%,80%,240%,-100%,,,170%,20%,,,,,,,,,,,,,,,
South Kordofan,SD07,Delami,SD07107,,," 10,367 ", Non-displaced , -   ," 1,866 "," 6,746 "," 5,190 ", 427 ," 2,651 "," 1,680 "," 2,303 "," 1,754 "," 3,211 "," 5,691 ", -   ," 4,014 "," 2,998 "," 2,333 "," 1,769 "," 6,803 ", -   ,,," 3,645 "," 6,803 ",," 2,148 "," -3,748 "," -2,857 "," 1,342 "," 4,152 ",,,, 434 ," 1,112 ",,120%,-60%,-60%,310%,160%,-100%,,,10%,20%,,,,,,,,,,,,,,,
South Kordofan,SD07,Ghadeer,SD07108,,, -   , Non-displaced , -   , -   , -   , -   , -   , -   , -   , -   , -   , -   , -   , -   ," 7,439 "," 15,785 "," 7,694 "," 3,961 "," 15,230 ", -   ,,," 18,649 "," 14,142 ",,,,,,,,,,,,,,,,,,,,,,,,,,,,,,,,,,,,,
Blue Nile,SD08,Baw,SD08104,,," 55,855 ", Non-displaced , -   ," 10,054 "," 49,763 "," 28,836 "," 3,692 "," 13,291 "," 7,999 "," 19,190 "," 26,582 "," 45,885 "," 50,035 ", -   , -   , -   , -   , -   , -   , -   ,,, -   , -   ,,,,,,,,,,,,,-100%,-100%,-100%,-100%,-100%,-100%,,,-100%,-100%,,,,,,,,,,,,,,,
Blue Nile,SD08,Ed Damazine,SD08105,,," 151,601 ", Non-displaced , -   ," 27,288 "," 121,867 "," 75,733 "," 11,632 "," 49,237 "," 21,260 "," 50,087 "," 34,623 "," 78,510 "," 90,670 ", -   ," 55,426 "," 132,946 "," 114,233 "," 32,445 "," 129,181 ", -   ,,," 125,490 "," 119,954 ",," 28,138 "," 11,079 "," 38,500 "," 20,813 "," 79,944 ",,,," 46,980 "," 29,284 ",,100%,10%,50%,180%,160%,-100%,,,60%,30%,,,,,,,,,,,,,,,
Blue Nile,SD08,Al Kurmuk,SD08106,,," 62,972 ", Non-displaced , -   ," 11,335 "," 39,649 "," 18,811 "," 5,151 "," 14,128 "," 9,217 "," 10,871 "," 8,961 "," 18,939 "," 30,371 ", -   ," 14,928 "," 72,451 "," 15,905 "," 13,551 "," 47,727 ", -   ,,," 69,368 "," 72,451 ",," 3,593 "," 32,802 "," -2,906 "," 8,400 "," 33,599 ",,,," 50,429 "," 42,080 ",,30%,80%,-20%,160%,240%,-100%,,,270%,140%,,,,,,,,,,,,,,,
Blue Nile,SD08,Ar Rusayris,SD08107,,," 72,608 ", Non-displaced , -   ," 13,069 "," 49,531 "," 32,363 "," 6,394 "," 15,448 "," 13,282 "," 20,918 ", -   ," 9,228 "," 52,698 ", -   ," 22,833 "," 97,561 "," 36,198 "," 19,501 ", -   , -   ,,," 75,624 "," 66,549 ",," 9,764 "," 48,030 "," 3,835 "," 13,107 ",,,,," 66,396 "," 13,851 ",,70%,100%,10%,200%,-100%,-100%,,,720%,30%,,,,,,,,,,,,,,,
Blue Nile,SD08,At Tadamon - BN,SD08108,,," 62,704 ", Non-displaced , -   ," 11,287 "," 37,978 "," 20,115 "," 4,468 "," 14,760 "," 9,521 "," 11,910 "," 9,516 "," 19,019 "," 44,127 ", -   , -   , -   , -   , -   , -   , -   ,,, -   , -   ,,,,,,,,,,,,,-100%,-100%,-100%,-100%,-100%,-100%,,,-100%,-100%,,,,,,,,,,,,,,,
Blue Nile,SD08,Geisan,SD08109,,," 43,348 ", Non-displaced , -   ," 7,803 "," 27,969 "," 20,498 "," 3,273 "," 13,500 "," 8,223 "," 13,415 "," 9,404 "," 23,268 "," 24,930 ", -   ," 12,126 "," 42,102 "," 37,136 "," 9,531 "," 27,107 ", -   ,,," 33,560 "," 32,528 ",," 4,323 "," 14,133 "," 16,639 "," 6,258 "," 13,607 ",,,," 10,292 "," 7,598 ",,60%,50%,80%,190%,100%,-100%,,,40%,30%,,,,,,,,,,,,,,,
Blue Nile,SD08,Wad Al Mahi,SD08110,,," 33,405 ", Non-displaced , -   ," 9,236 "," 22,158 "," 14,270 "," 2,806 "," 6,886 "," 4,255 "," 4,491 ", -   ," 9,579 "," 26,407 ", -   ," 9,635 "," 23,355 "," 26,881 "," 7,877 "," 31,361 ", -   ,,," 2,466 "," 35,842 ",, 399 ," 1,197 "," 12,611 "," 5,071 "," 24,475 ",,,," -7,113 "," 9,435 ",,0%,10%,90%,180%,360%,-100%,,,-70%,40%,,,,,,,,,,,,,,,
White Nile,SD09,Ad Diwaim,SD09044,,," 460,840 ", Non-displaced , -   ," 82,951 "," 167,022 "," 183,671 "," 27,824 "," 95,590 "," 63,565 "," 67,265 "," 58,892 "," 69,628 "," 183,437 ", -   ," 152,856 "," 362,928 "," 324,851 "," 88,063 "," 231,617 ", -   ,,," 57,482 "," 217,833 ",," 69,905 "," 195,906 "," 141,180 "," 60,239 "," 136,027 ",,,," -12,146 "," 34,396 ",,80%,120%,80%,220%,140%,-100%,,,-20%,20%,,,,,,,,,,,,,,,
White Nile,SD09,Um Rimta,SD09045,,," 181,987 ", Non-displaced , -   ," 32,758 "," 60,558 "," 64,810 "," 5,520 "," 34,097 "," 16,632 "," 20,825 "," 20,127 "," 7,663 "," 98,695 ", -   ," 49,549 "," 115,492 "," 122,392 "," 28,023 "," 45,897 ", -   ,,, -   ," 136,238 ",," 16,791 "," 54,934 "," 57,582 "," 22,503 "," 11,800 ",,,,," 37,543 ",,50%,90%,90%,410%,30%,-100%,,,-100%,40%,,,,,,,,,,,,,,,
White Nile,SD09,Rabak,SD09046,,," 374,181 ", Non-displaced , -   ," 67,353 "," 193,561 "," 125,124 "," 22,004 "," 90,626 "," 58,087 "," 75,063 "," 58,970 "," 150,769 "," 181,426 ", -   ," 63,423 "," 214,588 "," 214,588 "," 72,534 "," 116,426 ", -   ,,," 105,598 "," 204,886 ",," -3,930 "," 21,027 "," 89,464 "," 50,530 "," 25,800 ",,,," -45,171 "," 23,460 ",,-10%,10%,70%,230%,30%,-100%,,,-30%,10%,,,,,,,,,,,,,,,
White Nile,SD09,Kosti,SD09047,,," 345,034 ", Non-displaced , -   ," 62,106 "," 183,917 "," 143,376 "," 18,522 "," 97,565 "," 43,235 "," 44,877 "," 66,376 "," 97,027 "," 148,777 ", -   ," 63,294 "," 220,399 "," 220,399 "," 70,419 "," 115,332 ", -   ,,," 139,487 "," 82,193 ",," 1,188 "," 36,482 "," 77,023 "," 51,897 "," 17,767 ",,,," 42,460 "," -66,584 ",,0%,20%,50%,280%,20%,-100%,,,40%,-40%,,,,,,,,,,,,,,,
White Nile,SD09,Tendalti,SD09048,,," 216,332 ", Non-displaced , -   ," 38,940 "," 82,180 "," 50,049 "," 11,977 "," 41,250 "," 28,037 "," 13,338 "," 24,540 "," 13,957 "," 110,513 ", -   ," 56,559 "," 152,942 "," 82,698 "," 40,374 "," 66,123 ", -   ,,," 32,561 "," 192,506 ",," 17,619 "," 70,762 "," 32,649 "," 28,397 "," 24,873 ",,,," 18,604 "," 81,993 ",,50%,90%,70%,240%,60%,-100%,,,130%,70%,,,,,,,,,,,,,,,
White Nile,SD09,As Salam / Ar Rawat,SD09049,,, -   , Non-displaced , -   , -   , -   , -   , -   , -   , -   , -   , -   , -   , -   , -   ," 15,711 "," 37,908 "," 51,155 "," 15,137 "," 24,792 ", -   ,,," 69,927 "," 65,344 ",,,,,,,,,,,,,,,,,,,,,,,,,,,,,,,,,,,,,
White Nile,SD09,Al Gitaina,SD09050,,," 356,653 ", Non-displaced , -   ," 64,198 "," 189,204 "," 123,799 "," 17,586 "," 65,301 "," 44,877 "," 38,421 "," 38,140 "," 18,015 "," 52,070 ", -   ," 55,506 "," 154,630 "," 154,630 "," 53,613 "," 84,781 ", -   ,,, -   ," 141,136 ",," -8,692 "," -34,574 "," 30,831 "," 36,027 "," 19,480 ",,,,," 89,066 ",,-10%,-20%,20%,200%,30%,-100%,,,-100%,170%,,,,,,,,,,,,,,,
White Nile,SD09,Aj Jabalain,SD09051,,," 225,999 ", Non-displaced , -   ," 40,680 "," 161,928 "," 124,299 "," 8,163 "," 79,100 "," 33,719 "," 40,680 ", -   ," 184,424 "," 225,140 ", -   ," 43,094 "," 136,189 "," 136,189 "," 34,506 "," 94,190 ", -   ,,," 94,190 "," 96,808 ",," 2,414 "," -25,739 "," 11,890 "," 26,343 "," 15,090 ",,,," -90,234 "," -128,332 ",,10%,-20%,10%,320%,20%,-100%,,,-50%,-60%,,,,,,,,,,,,,,,
White Nile,SD09,Guli,SD09052,,," 223,531 ", Non-displaced , -   ," 40,236 "," 86,811 "," 83,585 "," 12,559 "," 43,762 "," 21,098 "," 14,628 ", -   ," 28,754 "," 113,578 ", -   ," 8,242 "," 112,387 "," 105,104 "," 42,002 "," 112,387 ", -   ,,," 68,110 ", -   ,," -31,994 "," 25,576 "," 21,519 "," 29,443 "," 68,625 ",,,," 39,356 ",,,-80%,30%,30%,230%,160%,-100%,,,140%,-100%,,,,,,,,,,,,,,,
Red Sea,SD10,Dordieb,SD10063,,," 75,935 ", Non-displaced , -   ," 13,668 "," 27,204 "," 15,593 "," 8,406 "," 9,637 "," 6,678 "," 3,949 ", -   ," 8,093 "," 41,121 ", -   ," 1,769 "," 15,139 ", -   ," 11,617 "," 22,708 ", -   ,,," 25,952 "," 54,165 ",," -11,899 "," -12,065 ",," 3,211 "," 13,071 ",,,," 17,859 "," 13,044 ",,-90%,-40%,-100%,40%,140%,-100%,,,220%,30%,,,,,,,,,,,,,,,
Red Sea,SD10,Port Sudan,SD10064,,," 353,192 ", Non-displaced , -   ," 63,575 "," 111,099 "," 160,850 "," 30,393 "," 106,915 "," 65,463 "," 104,437 "," 73,981 "," 177,697 "," 139,785 ", -   ," 57,381 "," 106,033 ", -   ," 54,300 "," 106,033 ", -   ,,," 38,249 "," 14,152 ",," -6,194 "," -5,066 ",," 23,907 ", -882 ,,,," -139,448 "," -125,633 ",,-10%,0%,-100%,80%,0%,-100%,,,-80%,-90%,,,,,,,,,,,,,,,
Red Sea,SD10,Tawkar,SD10065,,," 218,303 ", Non-displaced , -   ," 39,295 "," 77,945 "," 44,513 "," 27,055 "," 27,593 "," 26,802 "," 11,234 ", -   ," 1,199 "," 162,177 ", -   ," 58,937 "," 105,703 "," 105,703 "," 32,193 "," 48,089 ", -   ,,," 26,553 "," 105,703 ",," 19,643 "," 27,758 "," 61,191 "," 5,138 "," 20,496 ",,,," 25,354 "," -56,474 ",,50%,40%,140%,20%,70%,-100%,,,2110%,-30%,,,,,,,,,,,,,,,
Red Sea,SD10,Hala'ib,SD10066,,," 33,394 ", Non-displaced , -   ," 6,011 "," 13,322 "," 6,889 "," 5,362 "," 4,249 "," 2,942 "," 1,748 ", -   , 362 ," 28,428 ", -   , -   ," 19,368 "," 15,921 "," 5,159 "," 10,084 ", -   ,,," 15,038 "," 10,404 ",,," 6,046 "," 9,032 ", -203 ," 5,835 ",,,," 14,676 "," -18,024 ",,-100%,50%,130%,0%,140%,-100%,,,4050%,-60%,,,,,,,,,,,,,,,
Red Sea,SD10,Jubayt Elma'aadin,SD10067,,," 128,899 ", Non-displaced , -   ," 23,202 "," 50,784 "," 25,901 "," 12,878 "," 16,155 "," 11,236 "," 6,492 ", -   ," 32,104 "," 71,406 ", -   , -   ," 71,963 ", -   ," 19,579 "," 38,271 ", -   ,,," 31,600 "," 63,262 ",,," 21,179 ",," 6,701 "," 22,116 ",,,, -504 ," -8,144 ",,-100%,40%,-100%,50%,140%,-100%,,,0%,-10%,,,,,,,,,,,,,,,
Red Sea,SD10,Sawakin,SD10068,,," 107,455 ", Non-displaced , -   ," 6,189 "," 17,918 "," 24,255 "," 6,309 "," 14,419 "," 13,776 "," 6,401 ", -   ," 3,309 "," 72,777 ", -   , -   ," 28,585 "," 32,155 "," 16,449 "," 32,155 ", -   ,,, -   , -   ,,," 10,667 "," 7,900 "," 10,140 "," 17,736 ",,,,,,,-100%,60%,30%,160%,120%,-100%,,,-100%,-100%,,,,,,,,,,,,,,,
Red Sea,SD10,Al Ganab,SD10069,,," 152,306 ", Non-displaced , -   ," 27,415 "," 59,952 "," 50,350 "," 14,883 "," 19,068 "," 13,266 "," 7,648 ", -   ," 5,363 "," 76,329 ", -   , -   ," 119,960 ", -   ," 23,114 "," 45,183 ", -   ,,," 106,233 "," 111,737 ",,," 60,008 ",," 8,231 "," 26,115 ",,,," 100,870 "," 35,408 ",,-100%,100%,-100%,60%,140%,-100%,,,1880%,50%,,,,,,,,,,,,,,,
Red Sea,SD10,Haya,SD10070,,," 353,177 ", Non-displaced , -   ," 63,572 "," 97,670 "," 117,337 "," 43,119 "," 44,414 "," 30,859 "," 17,937 ", -   ," 28,127 "," 191,292 ", -   ," 22,233 "," 178,970 ", -   ," 53,813 "," 48,089 ", -   ,,," 178,970 "," 178,970 ",," -41,339 "," 81,300 ",," 10,694 "," 3,675 ",,,," 150,843 "," -12,322 ",,-70%,80%,-100%,20%,10%,-100%,,,540%,-10%,,,,,,,,,,,,,,,
Red Sea,SD10,Sinkat,SD10071,,," 229,434 ", Non-displaced , -   ," 41,298 "," 83,501 "," 78,671 "," 25,546 "," 29,678 "," 28,641 "," 12,513 ", -   ," 2,911 "," 120,853 ", -   ," 21,475 "," 48,089 ", -   ," 35,088 "," 48,089 ", -   ,,, -   ," 46,480 ",," -19,823 "," -35,412 ",," 9,542 "," 18,411 ",,,,," -74,373 ",,-50%,-40%,-100%,40%,60%,-100%,,,-100%,-60%,,,,,,,,,,,,,,,
Red Sea,SD10,Agig,SD10072,,," 102,899 ", Non-displaced , -   ," 18,522 "," 44,586 "," 20,667 "," 9,649 "," 12,894 "," 8,967 "," 5,178 ", -   ," 21,965 "," 73,726 ", -   , -   ," 49,259 ", -   ," 15,724 "," 30,736 ", -   ,,, -   ," 49,259 ",,," 4,673 ",," 6,075 "," 17,842 ",,,,," -24,467 ",,-100%,10%,-100%,60%,140%,-100%,,,-100%,-30%,,,,,,,,,,,,,,,
Kassala,SD11,Halfa Aj Jadeedah,SD11052,,," 308,604 ", Non-displaced , -   ," 55,549 "," 127,102 "," 83,266 "," 11,617 "," 64,779 "," 42,949 "," 46,249 ", -   ," 30,655 "," 117,907 ", -   ," 15,771 "," 148,033 "," 148,033 "," 58,112 "," 98,404 ", -   ,,, -   ," 147,368 ",," -39,778 "," 20,931 "," 64,767 "," 46,495 "," 33,625 ",,,,," 29,461 ",,-70%,20%,80%,400%,50%,-100%,,,-100%,20%,,,,,,,,,,,,,,,
Kassala,SD11,Madeinat Kassala,SD11053,,," 412,844 ", Non-displaced , -   ," 74,312 "," 195,681 "," 142,233 "," 39,098 "," 102,080 "," 65,129 "," 42,805 "," 66,855 "," 78,475 "," 329,956 ", -   ," 80,625 ", -   ," 216,940 "," 81,248 "," 216,940 ", -   ,,, -   ," 33,019 ",," 6,313 ",," 74,707 "," 42,150 "," 114,860 ",,,,," -296,937 ",,10%,-100%,50%,110%,110%,-100%,,,-100%,-90%,,,,,,,,,,,,,,,
Kassala,SD11,Reifi Gharb Kassala,SD11054,,," 117,443 ", Non-displaced , -   ," 21,140 "," 36,940 "," 23,496 "," 12,002 "," 14,683 "," 10,219 "," 5,877 ", -   ," 5,277 "," 61,890 ", -   ," 21,692 "," 92,684 "," 58,771 "," 21,836 "," 36,964 ", -   ,,," 34,179 "," 103,345 ",, 552 ," 55,744 "," 35,275 "," 9,834 "," 22,281 ",,,," 28,902 "," 41,455 ",,0%,150%,150%,80%,150%,-100%,,,550%,70%,,,,,,,,,,,,,,,
Kassala,SD11,Reifi Aroma,SD11055,,," 141,426 ", Non-displaced , -   ," 25,457 "," 56,132 "," 28,864 "," 18,655 "," 17,885 "," 17,370 "," 7,288 ", -   ," 2,960 "," 105,086 ", -   , -   ," 30,386 "," 108,054 "," 26,479 "," 44,839 ", -   ,,," 38,098 "," 99,646 ",,," -25,746 "," 79,190 "," 7,824 "," 26,954 ",,,," 35,138 "," -5,440 ",,-100%,-50%,270%,40%,150%,-100%,,,1190%,-10%,,,,,,,,,,,,,,,
Kassala,SD11,Reifi Kassla,SD11056,,," 211,938 ", Non-displaced , -   ," 38,149 "," 85,778 "," 45,051 "," 20,761 "," 27,444 "," 18,913 "," 11,589 ", -   ," 33,031 "," 102,949 ", -   ," 30,759 "," 65,196 "," 98,992 "," 35,076 "," 98,992 ", -   ,,," 74,244 "," 44,744 ",," -7,390 "," -20,582 "," 53,941 "," 14,315 "," 71,548 ",,,," 41,213 "," -58,205 ",,-20%,-20%,120%,70%,260%,-100%,,,120%,-60%,,,,,,,,,,,,,,,
Kassala,SD11,Reifi Shamal Ad Delta,SD11057,,," 125,318 ", Non-displaced , -   ," 22,557 "," 56,251 "," 27,090 "," 12,039 "," 16,389 "," 15,767 "," 7,021 ", -   , 871 ," 67,503 ", -   , 663 ," 13,762 "," 14,938 "," 8,821 "," 14,938 ", -   ,,, -   ," 14,938 ",," -21,894 "," -42,489 "," -12,152 "," -3,218 "," -1,451 ",,,,," -52,565 ",,-100%,-80%,-40%,-30%,-10%,-100%,,,-100%,-80%,,,,,,,,,,,,,,,
Kassala,SD11,Reifi Hamashkureib,SD11058,,," 312,051 ", Non-displaced , -   ," 48,306 "," 147,493 "," 103,249 "," 40,343 "," 39,099 "," 38,073 "," 29,851 ", -   ," 7,582 "," 168,164 ", -   , -   ," 254,389 "," 252,355 "," 58,139 "," 92,165 ", -   ,,," 295,344 "," 295,344 ",,," 106,896 "," 149,106 "," 17,796 "," 53,066 ",,,," 287,762 "," 127,180 ",,-100%,70%,140%,40%,140%,-100%,,,3800%,80%,,,,,,,,,,,,,,,
Kassala,SD11,Reifi Telkok,SD11059,,," 349,087 ", Non-displaced , -   ," 62,836 "," 138,392 "," 71,072 "," 44,284 "," 44,084 "," 42,830 "," 34,153 ", -   ," 2,167 "," 162,746 ", -   ," 63,610 "," 75,907 "," 163,794 "," 61,267 "," 100,122 ", -   ,,," 237,384 "," 237,384 ",, 774 ," -62,485 "," 92,722 "," 16,983 "," 56,038 ",,,," 235,217 "," 74,638 ",,0%,-50%,130%,40%,130%,-100%,,,10850%,50%,,,,,,,,,,,,,,,
Kassala,SD11,Reifi Khashm Elgirba,SD11060,,," 126,306 ", Non-displaced , -   ," 22,735 "," 52,574 "," 34,744 "," 16,330 "," 19,175 "," 17,744 "," 9,840 "," 16,695 "," 4,510 "," 62,696 ", -   , -   ," 63,188 "," 71,528 "," 25,344 "," 71,528 ", -   ,,," 1,555 ", -   ,,," 10,614 "," 36,784 "," 9,014 "," 52,353 ",,,," -2,955 ",,,-100%,20%,110%,60%,270%,-100%,,,-70%,-100%,,,,,,,,,,,,,,,
Kassala,SD11,Reifi Wad Elhilaiw,SD11061,,," 35,641 ", Non-displaced , -   ," 6,415 "," 17,876 "," 19,603 "," 2,612 "," 8,910 "," 7,444 "," 13,189 ", -   ," 8,555 "," 35,580 ", -   ," 46,935 "," 146,300 "," 140,000 "," 31,004 "," 51,505 ", -   ,,," 14,583 "," 146,300 ",," 40,520 "," 128,424 "," 120,397 "," 28,392 "," 42,595 ",,,," 6,028 "," 110,720 ",,630%,720%,610%,1090%,480%,-100%,,,70%,310%,,,,,,,,,,,,,,,
Kassala,SD11,Reifi Nahr Atbara,SD11062,,," 203,196 ", Non-displaced , -   ," 36,575 "," 64,956 "," 42,063 "," 7,879 "," 25,908 "," 25,103 "," 20,425 ", -   ," 40,881 "," 112,160 ", -   ," 41,257 ", -   ," 42,336 "," 37,805 "," 42,336 ", -   ,,," 36,581 "," 42,336 ",," 4,682 ",, 273 ," 29,926 "," 16,428 ",,,," -4,300 "," -69,824 ",,10%,-100%,0%,380%,60%,-100%,,,-10%,-60%,,,,,,,,,,,,,,,
Gedaref,SD12,Al Butanah,SD12073,,," 135,392 ", Non-displaced , -   ," 15,110 "," 47,357 "," 33,542 "," 9,725 "," 26,925 "," 18,099 "," 9,173 "," 16,310 "," 5,045 "," 104,991 ", -   , -   , -   ," 87,766 "," 25,656 "," 70,893 ", -   ,,," 120,781 "," 120,781 ",,,," 54,225 "," 15,931 "," 43,968 ",,,," 115,736 "," 15,790 ",,-100%,-100%,160%,160%,160%,-100%,,,2290%,20%,,,,,,,,,,,,,,,
Gedaref,SD12,Al Fao,SD12074,,," 350,672 ", Non-displaced , -   ," 63,121 "," 114,542 "," 98,032 "," 34,870 "," 53,798 "," 49,653 "," 27,897 "," 47,023 "," 18,146 "," 200,193 ", -   ," 98,592 "," 293,611 "," 164,021 "," 64,750 "," 246,790 ", -   ,,," 193,656 "," 269,849 ",," 35,471 "," 179,069 "," 65,989 "," 29,880 "," 192,992 ",,,," 175,510 "," 69,656 ",,60%,160%,70%,90%,360%,-100%,,,970%,30%,,,,,,,,,,,,,,,
Gedaref,SD12,Al Fashaga,SD12075,,," 10,923 ", Non-displaced , -   ," 1,966 "," 6,261 "," 7,646 ", 916 ," 3,823 "," 2,281 "," 4,044 "," 2,731 "," 4,397 "," 8,020 ", -   ," 3,420 "," 21,712 "," 21,712 "," 6,019 "," 9,979 ", -   ,,," 2,376 ", -   ,," 1,454 "," 15,451 "," 14,066 "," 5,103 "," 6,156 ",,,," -2,021 ",,,70%,250%,180%,560%,160%,-100%,,,-50%,-100%,,,,,,,,,,,,,,,
Gedaref,SD12,Al Qureisha,SD12076,,," 165,018 ", Non-displaced , -   ," 29,703 "," 75,181 "," 75,809 "," 13,636 "," 27,842 "," 25,124 "," 15,756 ", -   ," 4,377 "," 83,941 ", -   ," 46,783 "," 77,114 ", -   ," 29,975 "," 45,520 ", -   ,,," 6,762 "," 77,114 ",," 17,080 "," 1,933 ",," 16,339 "," 17,678 ",,,," 2,385 "," -6,827 ",,60%,0%,-100%,120%,60%,-100%,,,50%,-10%,,,,,,,,,,,,,,,
Gedaref,SD12,Basundah,SD12077,,," 83,327 ", Non-displaced , -   ," 14,999 "," 44,280 "," 34,462 "," 7,305 "," 23,480 "," 14,577 "," 21,903 "," 15,960 "," 40,545 "," 64,521 ", -   ," 24,340 "," 52,337 ", -   ," 15,524 "," 42,899 ", -   ,,," 52,889 "," 80,195 ",," 9,341 "," 8,057 ",," 8,219 "," 19,419 ",,,," 12,344 "," 15,674 ",,60%,20%,-100%,110%,80%,-100%,,,30%,20%,,,,,,,,,,,,,,,
Gedaref,SD12,Al Galabat Al Gharbyah - Kassab,SD12078,,," 176,853 ", Non-displaced , -   ," 31,834 "," 67,888 "," 65,120 "," 15,935 "," 34,146 "," 23,131 "," 21,826 "," 20,425 "," 5,312 "," 128,148 ", -   ," 64,069 "," 95,884 "," 71,352 "," 34,410 "," 95,085 ", -   ,,," 37,067 "," 95,884 ",," 32,236 "," 27,996 "," 6,232 "," 18,475 "," 60,939 ",,,," 31,755 "," -32,264 ",,100%,40%,10%,120%,180%,-100%,,,600%,-30%,,,,,,,,,,,,,,,
Gedaref,SD12,Gala'a Al Nahal,SD12079,,," 128,689 ", Non-displaced , -   ," 23,164 "," 43,629 "," 30,009 "," 3,668 "," 24,656 "," 16,736 "," 8,023 ", -   ," 17,273 "," 67,981 ", -   ," 40,410 "," 98,158 ", -   ," 25,853 "," 100,016 ", -   ,,," 29,767 "," 95,258 ",," 17,246 "," 54,529 ",," 22,185 "," 75,360 ",,,," 12,494 "," 27,277 ",,70%,120%,-100%,600%,310%,-100%,,,70%,40%,,,,,,,,,,,,,,,
Gedaref,SD12,Madeinat Al Gedaref,SD12080,,," 529,976 ", Non-displaced , -   ," 95,396 "," 201,332 "," 152,883 "," 60,769 "," 116,190 "," 76,216 "," 87,191 "," 73,093 "," 40,196 "," 229,651 ", -   ," 108,579 "," 395,348 "," 174,326 "," 102,414 "," 168,694 ", -   ,,," 149,822 "," 458,456 ",," 13,183 "," 194,016 "," 21,443 "," 41,645 "," 52,504 ",,,," 109,626 "," 228,805 ",,10%,100%,10%,70%,50%,-100%,,,270%,100%,,,,,,,,,,,,,,,
Gedaref,SD12,Wasat Al Gedaref,SD12081,,," 209,841 ", Non-displaced , -   ," 37,771 "," 74,367 "," 53,296 "," 13,555 "," 42,386 "," 28,378 "," 14,702 ", -   ," 19,951 "," 79,687 ", -   ," 2,686 "," 48,002 "," 66,362 "," 40,026 "," 66,362 ", -   ,,, -   ," 66,362 ",," -35,085 "," -26,365 "," 13,066 "," 26,471 "," 23,976 ",,,,," -13,325 ",,-90%,-40%,20%,200%,60%,-100%,,,-100%,-20%,,,,,,,,,,,,,,,
Gedaref,SD12,Al Mafaza,SD12082,,," 92,865 ", Non-displaced , -   ," 16,716 "," 46,576 "," 51,076 "," 3,476 "," 32,503 "," 19,397 "," 16,717 ", -   ," 39,139 "," 70,689 ", -   ," 39,399 "," 81,481 "," 36,163 "," 18,504 "," 51,130 ", -   ,,," 67,239 "," 81,409 ",," 22,683 "," 34,905 "," -14,913 "," 15,028 "," 18,627 ",,,," 28,100 "," 10,720 ",,140%,70%,-30%,430%,60%,-100%,,,70%,20%,,,,,,,,,,,,,,,
Gedaref,SD12,Galabat Ash-Shargiah,SD12083,,," 206,360 ", Non-displaced , -   ," 37,145 "," 83,247 "," 66,095 "," 15,909 "," 48,524 "," 31,310 "," 39,113 ", -   ," 3,340 "," 116,230 ", -   ," 67,510 "," 99,268 "," 74,739 "," 38,242 "," 63,342 ", -   ,,," 2,201 "," 99,268 ",," 30,365 "," 16,021 "," 8,644 "," 22,333 "," 14,818 ",,,," -1,139 "," -16,962 ",,80%,20%,10%,140%,30%,-100%,,,-30%,-10%,,,,,,,,,,,,,,,
Gedaref,SD12,Ar Rahad,SD12084,,," 267,413 ", Non-displaced , -   ," 48,134 "," 88,125 "," 75,960 "," 9,364 "," 58,036 "," 38,164 "," 43,066 ", -   ," 42,789 "," 139,759 ", -   ," 47,108 "," 158,971 "," 126,635 "," 49,991 "," 45,520 ", -   ,,," 79,975 "," 158,971 ",," -1,026 "," 70,846 "," 50,675 "," 40,627 "," -12,516 ",,,," 37,186 "," 19,212 ",,0%,80%,70%,430%,-20%,-100%,,,90%,10%,,,,,,,,,,,,,,,
North Kordofan,SD13,Um Rawaba,SD13023,,," 563,891 ", Non-displaced , -   ," 101,500 "," 235,425 "," 201,815 "," 34,644 "," 106,121 "," 72,384 "," 65,266 "," 62,766 "," 25,629 "," 278,523 ", -   ," 123,390 "," 351,281 "," 386,456 "," 105,187 "," 280,965 ", -   ,,," 231,497 "," 361,234 ",," 21,890 "," 115,856 "," 184,641 "," 70,543 "," 174,844 ",,,," 205,868 "," 82,711 ",,20%,50%,90%,200%,160%,-100%,,,800%,30%,,,,,,,,,,,,,,,
North Kordofan,SD13,Sheikan,SD13024,,," 838,843 ", Non-displaced , -   ," 150,992 "," 417,689 "," 297,768 "," 50,011 "," 156,706 "," 107,101 "," 95,265 "," 223,867 "," 104,073 "," 260,621 ", -   ," 301,956 "," 697,476 "," 674,623 "," 155,092 "," 584,917 ", -   ,,," 293,726 "," 507,148 ",," 150,964 "," 279,787 "," 376,855 "," 105,081 "," 428,211 ",,,," 189,653 "," 246,527 ",,100%,70%,130%,210%,270%,-100%,,,180%,90%,,,,,,,,,,,,,,,
North Kordofan,SD13,Soudari,SD13025,,," 422,578 ", Non-displaced , -   ," 76,064 "," 150,666 "," 85,904 "," 25,514 "," 53,318 "," 37,011 "," 41,240 "," 42,853 "," 1,615 "," 221,819 ", -   ," 174,784 "," 210,850 "," 168,892 "," 79,548 "," 210,850 ", -   ,,, -   ," 210,850 ",," 98,720 "," 60,184 "," 82,988 "," 54,034 "," 157,532 ",,,,," -10,969 ",,130%,40%,100%,210%,300%,-100%,,,-100%,0%,,,,,,,,,,,,,,,
North Kordofan,SD13,Bara,SD13026,,," 304,691 ", Non-displaced , -   ," 54,844 "," 143,786 "," 113,060 "," 20,035 "," 59,238 "," 40,055 "," 38,248 "," 35,542 "," 19,005 "," 159,215 ", -   ," 132,290 "," 190,510 "," 234,948 "," 58,232 "," 284,644 ", -   ,,," 229,926 "," 184,716 ",," 77,446 "," 46,724 "," 121,888 "," 38,197 "," 225,406 ",,,," 210,921 "," 25,501 ",,140%,30%,110%,190%,380%,-100%,,,1110%,20%,,,,,,,,,,,,,,,
North Kordofan,SD13,Gebrat Al Sheikh,SD13027,,," 350,181 ", Non-displaced , -   ," 63,033 "," 126,042 "," 118,288 "," 21,019 "," 44,694 "," 43,294 "," 35,299 "," 36,124 "," 4,540 "," 169,830 ", -   ," 120,759 "," 356,421 "," 266,803 "," 66,127 "," 179,504 ", -   ,,," 49,937 "," 356,421 ",," 57,727 "," 230,379 "," 148,515 "," 45,108 "," 134,810 ",,,," 45,397 "," 186,591 ",,90%,180%,130%,210%,300%,-100%,,,1000%,110%,,,,,,,,,,,,,,,
North Kordofan,SD13,Um Dam Haj Ahmed,SD13028,,," 224,872 ", Non-displaced , -   ," 40,477 "," 102,633 "," 79,815 "," 17,171 "," 30,004 "," 20,506 "," 25,535 "," 24,761 "," 7,064 "," 119,493 ", -   ," 93,473 "," 149,993 "," 166,494 "," 42,355 "," 114,424 ", -   ,,, -   ," 116,623 ",," 52,996 "," 47,360 "," 86,679 "," 25,184 "," 84,420 ",,,,," -2,870 ",,130%,50%,110%,150%,280%,-100%,,,-100%,0%,,,,,,,,,,,,,,,
North Kordofan,SD13,Gharb Bara,SD13029,,," 288,803 ", Non-displaced , -   ," 51,985 "," 127,746 "," 98,278 "," 23,493 "," 37,105 "," 25,626 "," 29,650 ", -   ," 9,446 "," 111,275 ", -   ," 123,631 "," 279,900 "," 135,575 "," 54,399 "," 206,028 ", -   ,,," 220,459 "," 279,900 ",," 71,646 "," 152,154 "," 37,297 "," 30,906 "," 168,923 ",,,," 211,013 "," 168,625 ",,140%,120%,40%,130%,460%,-100%,,,2230%,150%,,,,,,,,,,,,,,,
North Kordofan,SD13,Ar Rahad,SD13030,,," 240,793 ", Non-displaced , -   ," 43,343 "," 108,630 "," 133,356 "," 16,908 "," 49,698 "," 33,090 "," 65,192 ", -   ," 30,739 "," 123,528 ", -   ," 54,787 "," 188,654 "," 190,287 "," 45,509 "," 172,979 ", -   ,,," 58,223 "," 190,287 ",," 11,444 "," 80,024 "," 56,931 "," 28,601 "," 123,281 ",,,," 27,484 "," 66,759 ",,30%,70%,40%,170%,250%,-100%,,,90%,50%,,,,,,,,,,,,,,,
Sennar,SD14,Abu Hujar,SD14037,,," 208,059 ", Non-displaced , -   ," 37,451 "," 89,890 "," 61,187 "," 12,740 "," 46,198 "," 30,212 "," 35,148 "," 29,195 "," 9,473 "," 167,865 ", -   ," 67,121 "," 173,000 "," 84,500 "," 32,354 "," 94,099 ", -   ,,," 60,531 "," 173,000 ",," 29,670 "," 83,110 "," 23,313 "," 19,614 "," 47,901 ",,,," 51,058 "," 5,135 ",,80%,90%,40%,150%,100%,-100%,,,540%,0%,,,,,,,,,,,,,,,
Sennar,SD14,Sennar,SD14038,,," 418,208 ", Non-displaced , -   ," 75,278 "," 295,219 "," 191,539 "," 21,720 "," 98,505 "," 63,536 "," 79,518 "," 140,722 "," 76,168 "," 128,945 ", -   ," 51,289 "," 173,097 "," 173,097 "," 68,485 "," 105,530 ", -   ,,, -   , -   ,," -23,989 "," -122,122 "," -18,442 "," 46,765 "," 7,025 ",,,,,,,-30%,-40%,-10%,220%,10%,-100%,,,-100%,-100%,,,,,,,,,,,,,,,
Sennar,SD14,Ad Dali,SD14039,,," 111,970 ", Non-displaced , -   ," 15,318 "," 64,734 "," 60,653 "," 8,496 "," 30,806 "," 19,216 "," 28,258 "," 20,807 "," 10,197 "," 84,481 ", -   ," 6,305 "," 35,936 ", -   ," 14,989 "," 41,325 ", -   ,,, -   ," 41,325 ",," -9,013 "," -28,798 ",," 6,493 "," 10,519 ",,,,," -43,156 ",,-60%,-40%,-100%,80%,30%,-100%,,,-100%,-50%,,,,,,,,,,,,,,,
Sennar,SD14,Ad Dinder,SD14040,,," 296,978 ", Non-displaced , -   ," 53,456 "," 166,536 "," 83,242 "," 18,416 "," 63,894 "," 42,106 "," 46,952 "," 39,918 "," 27,044 "," 167,371 ", -   ," 33,459 "," 115,363 ", -   ," 47,595 "," 115,363 ", -   ,,," 20,996 ", -   ,," -19,997 "," -51,173 ",," 29,179 "," 51,469 ",,,," -6,048 ",,,-40%,-30%,-100%,160%,80%,-100%,,,-20%,-100%,,,,,,,,,,,,,,,
Sennar,SD14,As Suki,SD14041,,," 358,198 ", Non-displaced , -   ," 64,476 "," 191,297 "," 107,456 "," 28,475 "," 80,593 "," 52,539 "," 62,172 "," 51,170 "," 32,620 "," 146,727 ", -   , -   ," 109,058 ", -   ," 45,299 "," 115,363 ", -   ,,, -   , -   ,,," -82,239 ",," 16,824 "," 34,770 ",,,,,,,-100%,-40%,-100%,60%,40%,-100%,,,-100%,-100%,,,,,,,,,,,,,,,
Sennar,SD14,Sharg Sennar,SD14042,,," 358,837 ", Non-displaced , -   ," 49,089 "," 175,185 "," 139,233 "," 30,690 "," 72,642 "," 48,605 "," 49,566 "," 44,323 "," 32,677 "," 243,101 ", -   ," 102,568 "," 102,568 ", -   ," 61,312 ", -   , -   ,,," 28,174 ", -   ,," 53,479 "," -72,617 ",," 30,622 ",,,,," -4,503 ",,,110%,-40%,-100%,100%,-100%,-100%,,,-10%,-100%,,,,,,,,,,,,,,,
Sennar,SD14,Sinja,SD14043,,," 242,266 ", Non-displaced , -   ," 43,608 "," 131,839 "," 75,094 "," 13,270 "," 55,717 "," 36,136 "," 43,951 "," 35,644 "," 22,062 "," 82,013 ", -   ," 45,706 "," 92,838 "," 18,872 "," 33,673 "," 92,838 ", -   ,,," 38,416 ", -   ,," 2,098 "," -39,001 "," -56,222 "," 20,403 "," 37,121 ",,,," 16,354 ",,,0%,-30%,-70%,150%,70%,-100%,,,70%,-100%,,,,,,,,,,,,,,,
Aj Jazirah,SD15,Medani Al Kubra,SD15030,,," 237,113 ", Non-displaced , -   ," 42,680 "," 130,540 "," 86,487 "," 15,495 "," 45,393 "," 30,820 "," 28,653 "," 64,846 "," 64,778 "," 116,532 ", -   ," 61,613 "," 215,033 "," 325,642 "," 78,636 "," 120,422 ", -   ,,," 84,222 "," 306,574 ",," 18,933 "," 84,493 "," 239,155 "," 63,141 "," 75,029 ",,,," 19,444 "," 190,042 ",,40%,60%,280%,410%,170%,-100%,,,30%,160%,,,,,,,,,,,,,,,
Aj Jazirah,SD15,Janub Aj Jazirah,SD15031,,," 777,875 ", Non-displaced , -   ," 140,018 "," 407,498 "," 265,467 "," 48,143 "," 140,275 "," 96,809 "," 80,418 "," 200,393 "," 177,093 "," 242,709 ", -   ," 102,035 "," 469,104 "," 469,104 "," 129,321 "," 120,422 ", -   ,,, -   ," 469,104 ",," -37,983 "," 61,606 "," 203,637 "," 81,178 "," -19,853 ",,,,," 226,395 ",,-30%,20%,80%,170%,-10%,-100%,,,-100%,90%,,,,,,,,,,,,,,,
Aj Jazirah,SD15,Um Algura,SD15032,,," 330,804 ", Non-displaced , -   ," 59,545 "," 183,833 "," 78,461 "," 27,860 "," 64,041 "," 43,352 "," 41,093 "," 38,352 "," 75,312 "," 133,264 ", -   ," 4,358 "," 9,941 ", -   ," 5,271 "," 14,706 ", -   ,,," 5,882 "," 11,803 ",," -55,187 "," -173,892 ",," -22,589 "," -49,335 ",,,," -69,430 "," -121,461 ",,-90%,-90%,-100%,-80%,-80%,-100%,,,-90%,-90%,,,,,,,,,,,,,,,
Aj Jazirah,SD15,Sharg Aj Jazirah,SD15033,,," 631,345 ", Non-displaced , -   ," 113,642 "," 336,062 "," 220,147 "," 44,185 "," 116,068 "," 79,675 "," 68,755 "," 67,919 "," 143,733 "," 168,913 ", -   ," 35,990 "," 125,207 ", -   ," 43,565 "," 121,560 ", -   ,,," 50,650 "," 194,496 ",," -77,652 "," -210,855 ",, -620 ," 5,492 ",,,," -93,083 "," 25,583 ",,-70%,-60%,-100%,0%,0%,-100%,,,-60%,20%,,,,,,,,,,,,,,,
Aj Jazirah,SD15,Al Hasahisa,SD15034,,," 852,888 ", Non-displaced , -   ," 153,520 "," 462,001 "," 304,450 "," 65,289 "," 160,132 "," 109,295 "," 98,119 "," 94,612 "," 194,171 "," 361,863 ", -   ," 111,581 "," 249,364 "," 587,316 "," 151,470 "," 120,422 ", -   ,,, -   , -   ,," -41,939 "," -212,637 "," 282,866 "," 86,181 "," -39,710 ",,,,,,,-30%,-50%,90%,130%,-20%,-100%,,,-100%,-100%,,,,,,,,,,,,,,,
Aj Jazirah,SD15,Al Kamlin,SD15035,,," 592,270 ", Non-displaced , -   ," 106,609 "," 331,032 "," 142,057 "," 30,581 "," 115,449 "," 78,011 "," 74,814 "," 69,342 "," 134,837 "," 293,413 ", -   ," 63,234 "," 255,373 "," 223,527 "," 107,671 "," 120,422 ", -   ,,," 27,948 "," 390,571 ",," -43,375 "," -75,659 "," 81,470 "," 77,090 "," 4,973 ",,,," -106,889 "," 97,158 ",,-40%,-20%,60%,250%,0%,-100%,,,-80%,30%,,,,,,,,,,,,,,,
Aj Jazirah,SD15,Al Manaqil,SD15036,,," 807,270 ", Non-displaced , -   ," 145,309 "," 378,197 "," 296,677 "," 48,711 "," 155,593 "," 105,452 "," 99,198 "," 93,002 "," 86,120 "," 435,954 ", -   ," 107,525 "," 457,443 "," 396,595 "," 149,034 "," 200,703 ", -   ,,," 99,806 "," 349,819 ",," -37,784 "," 79,246 "," 99,918 "," 100,323 "," 45,110 ",,,," 13,686 "," -86,135 ",,-30%,20%,30%,210%,30%,-100%,,,20%,-20%,,,,,,,,,,,,,,,
Aj Jazirah,SD15,Al Qurashi,SD15037,,," 503,687 ", Non-displaced , -   ," 90,664 "," 247,862 "," 130,307 "," 48,078 "," 102,930 "," 68,706 "," 71,088 "," 63,041 "," 54,459 "," 185,126 ", -   ," 71,124 "," 200,703 ", -   ," 97,409 "," 200,703 ", -   ,,, -   , -   ,," -19,540 "," -47,159 ",," 49,331 "," 97,773 ",,,,,,,-20%,-20%,-100%,100%,90%,-100%,,,-100%,-100%,,,,,,,,,,,,,,,
River Nile,SD16,Abu Hamad,SD16008,,," 136,442 ", Non-displaced , -   ," 24,560 "," 41,501 "," 27,670 "," 15,141 "," 32,282 "," 20,801 "," 13,067 "," 20,848 "," 7,577 "," 75,967 ", -   ," 28,464 "," 62,159 "," 97,109 "," 39,193 ", -   , -   ,,," 51,312 "," 97,109 ",," 3,904 "," 20,658 "," 69,439 "," 24,052 ",,,,," 43,735 "," 21,142 ",,20%,50%,250%,160%,-100%,-100%,,,580%,30%,,,,,,,,,,,,,,,
River Nile,SD16,Al Matama,SD16009,,," 137,862 ", Non-displaced , -   ," 24,815 "," 53,439 "," 65,311 "," 9,659 "," 42,995 "," 26,181 "," 42,753 "," 29,960 "," 33,617 "," 51,697 ", -   ," 7,158 "," 107,164 ", -   ," 46,773 "," 137,778 ", -   ,,," 60,396 ", -   ,," -17,657 "," 53,725 ",," 37,114 "," 94,783 ",,,," 26,779 ",,,-70%,100%,-100%,380%,220%,-100%,,,80%,-100%,,,,,,,,,,,,,,,
River Nile,SD16,Shendi,SD16010,,," 223,515 ", Non-displaced , -   ," 40,233 "," 128,119 "," 122,933 "," 15,660 "," 78,230 "," 46,688 "," 82,702 "," 55,879 "," 101,197 "," 201,678 ", -   ," 87,183 "," 205,785 ", -   ," 74,749 "," 219,336 ", -   ,,," 73,395 ", -   ,," 46,950 "," 77,666 ",," 59,089 "," 141,106 ",,,," -27,802 ",,,120%,60%,-100%,380%,180%,-100%,,,-30%,-100%,,,,,,,,,,,,,,,
River Nile,SD16,Ad Damar,SD16011,,," 277,277 ", Non-displaced , -   ," 49,910 "," 109,165 "," 106,267 "," 19,428 "," 73,930 "," 46,415 "," 66,267 "," 49,504 "," 80,290 "," 152,866 ", -   ," 52,714 "," 175,292 ", -   ," 83,696 "," 144,458 ", -   ,,," 37,930 "," 40,088 ",," 2,804 "," 66,127 ",," 64,268 "," 70,528 ",,,," -42,360 "," -112,778 ",,10%,60%,-100%,330%,100%,-100%,,,-50%,-70%,,,,,,,,,,,,,,,
River Nile,SD16,Atbara,SD16012,,," 106,672 ", Non-displaced , -   ," 19,201 "," 51,886 "," 56,173 "," 7,293 "," 36,086 "," 21,661 "," 37,511 "," 25,598 "," 36,251 "," 44,342 ", -   ," 15,086 "," 67,723 "," 68,018 "," 38,484 "," 68,018 ", -   ,,," 12,423 "," 25,801 ",," -4,115 "," 15,837 "," 11,845 "," 31,191 "," 31,932 ",,,," -23,828 "," -18,541 ",,-20%,30%,20%,430%,90%,-100%,,,-70%,-40%,,,,,,,,,,,,,,,
River Nile,SD16,Barbar,SD16013,,," 149,929 ", Non-displaced , -   ," 26,987 "," 33,731 "," 26,443 "," 10,248 "," 30,850 "," 20,556 "," 10,924 "," 18,946 "," 13,242 "," 82,137 ", -   ," 34,687 "," 78,952 "," 78,952 "," 45,660 "," 78,952 ", -   ,,," 24,776 "," 47,720 ",," 7,700 "," 45,221 "," 52,509 "," 35,412 "," 48,102 ",,,," 11,534 "," -34,417 ",,30%,130%,200%,350%,160%,-100%,,,90%,-40%,,,,,,,,,,,,,,,
River Nile,SD16,Al Buhaira,SD16014,,," 49,210 ", Non-displaced , -   ," 8,858 "," 15,345 "," 16,585 "," 5,460 "," 11,983 "," 7,671 "," 4,967 ", -   ," 10,141 "," 25,806 ", -   , -   ," 21,527 ", -   ," 13,573 ", -   , -   ,,," 27,144 ", -   ,,," 6,182 ",," 8,113 ",,,,," 17,003 ",,,-100%,40%,-100%,150%,-100%,-100%,,,170%,-100%,,,,,,,,,,,,,,,
Northern,SD17,Halfa,SD17014,,," 48,229 ", Non-displaced , -   ," 8,681 "," 21,545 "," 22,438 "," 1,466 "," 14,836 "," 9,057 "," 7,164 "," 10,305 "," 13,814 "," 27,510 ", -   ," 4,316 "," 14,741 "," 5,896 "," 8,221 "," 14,741 ", -   ,,," 4,586 "," 7,400 ",," -4,365 "," -6,804 "," -16,542 "," 6,755 ", -95 ,,,," -9,228 "," -20,110 ",,-50%,-30%,-70%,460%,0%,-100%,,,-70%,-70%,,,,,,,,,,,,,,,
Northern,SD17,Delgo,SD17015,,," 64,043 ", Non-displaced , -   ," 11,528 "," 22,955 "," 26,967 "," 6,955 "," 13,062 "," 8,087 "," 17,211 ", -   ," 18,573 "," 44,948 ", -   ," 10,492 "," 30,114 ", -   ," 10,076 "," 30,114 ", -   ,,," 6,923 ", -   ,," -1,036 "," 7,159 ",," 3,121 "," 17,052 ",,,," -11,650 ",,,-10%,30%,-100%,40%,130%,-100%,,,-60%,-100%,,,,,,,,,,,,,,,
Northern,SD17,Al Burgaig,SD17016,,," 131,474 ", Non-displaced , -   ," 23,665 "," 42,762 "," 47,492 "," 11,191 "," 24,005 "," 15,205 "," 14,450 ", -   ," 19,749 "," 71,277 ", -   ," 3,957 "," 21,597 ", -   ," 21,597 ", -   , -   ,,, -   , -   ,," -19,708 "," -21,165 ",," 10,406 ",,,,,,,,-80%,-50%,-100%,90%,-100%,-100%,,,-100%,-100%,,,,,,,,,,,,,,,
Northern,SD17,Dongola,SD17017,,," 220,474 ", Non-displaced , -   ," 39,685 "," 64,344 "," 66,356 "," 20,633 "," 35,510 "," 23,138 "," 38,441 "," 31,588 "," 38,902 "," 64,557 ", -   ," 34,792 "," 63,877 ", -   ," 35,662 "," 63,877 ", -   ,,," 31,085 "," 61,366 ",," -4,893 ", -467 ,," 15,029 "," 28,367 ",,,," -7,817 "," -3,191 ",,-10%,0%,-100%,70%,80%,-100%,,,-20%,0%,,,,,,,,,,,,,,,
Northern,SD17,Al Golid,SD17018,,," 121,518 ", Non-displaced , -   ," 21,873 "," 47,257 "," 45,668 "," 10,042 "," 22,820 "," 14,369 "," 14,013 ", -   ," 18,088 "," 40,204 ", -   ," 12,254 "," 34,982 ", -   ," 19,510 "," 34,982 ", -   ,,," 19,434 ", -   ,," -9,619 "," -12,275 ",," 9,468 "," 12,162 ",,,," 1,346 ",,,-40%,-30%,-100%,90%,50%,-100%,,,10%,-100%,,,,,,,,,,,,,,,
Northern,SD17,Ad Dabbah,SD17019,,," 219,659 ", Non-displaced , -   ," 39,539 "," 86,439 "," 67,415 "," 13,826 "," 35,845 "," 23,284 "," 19,707 ", -   ," 30,683 "," 103,570 ", -   ," 38,141 "," 160,415 "," 132,395 "," 35,785 "," 105,747 ", -   ,,," 12,833 "," 77,149 ",," -1,398 "," 73,976 "," 64,980 "," 21,959 "," 69,902 ",,,," -17,850 "," -26,421 ",,0%,90%,100%,160%,200%,-100%,,,-60%,-30%,,,,,,,,,,,,,,,
Northern,SD17,Merwoe,SD17020,,," 231,113 ", Non-displaced , -   ," 41,600 "," 93,325 "," 74,148 "," 12,881 "," 38,863 "," 25,071 "," 21,931 "," 35,080 "," 24,232 "," 72,071 ", -   ," 36,092 "," 103,583 ", -   ," 36,532 "," 103,583 ", -   ,,," 59,082 ", -   ,," -5,508 "," 10,258 ",," 23,651 "," 64,720 ",,,," 34,850 ",,,-10%,10%,-100%,180%,170%,-100%,,,140%,-100%,,,,,,,,,,,,,,,
West Kordofan,SD18,Ghubaish,SD18021,,," 208,523 ", Non-displaced , -   ," 37,534 "," 88,314 "," 76,066 "," 15,050 "," 39,922 "," 27,106 "," 25,205 "," 23,793 "," 21,929 "," 118,540 ", -   ," 89,562 "," 131,365 "," 26,273 "," 40,267 "," 106,691 ", -   ,,," 38,771 "," 131,365 ",," 52,028 "," 43,051 "," -49,793 "," 25,217 "," 66,769 ",,,," 16,842 "," 12,825 ",,140%,50%,-70%,170%,170%,-100%,,,80%,10%,,,,,,,,,,,,,,,
West Kordofan,SD18,An Nuhud,SD18022,,," 358,068 ", Non-displaced , -   ," 64,452 "," 171,134 "," 192,777 "," 21,186 "," 70,678 "," 47,601 "," 46,616 "," 42,678 "," 18,807 "," 205,463 ", -   ," 48,535 "," 249,127 "," 263,661 "," 60,613 "," 228,276 ", -   ,,," 13,732 "," 263,661 ",," -15,917 "," 77,993 "," 70,884 "," 39,427 "," 157,598 ",,,," -5,075 "," 58,198 ",,-20%,50%,40%,190%,220%,-100%,,,-30%,30%,,,,,,,,,,,,,,,
West Kordofan,SD18,Abu Zabad,SD18028,,," 150,252 ", Non-displaced , -   ," 27,045 "," 81,210 "," 83,112 "," 10,785 "," 30,953 "," 20,619 "," 21,596 "," 19,018 "," 22,091 "," 89,947 ", -   ," 62,644 "," 106,850 "," 115,530 "," 28,634 "," 108,983 ", -   ,,," 76,223 "," 115,530 ",," 35,599 "," 25,640 "," 32,418 "," 17,849 "," 78,030 ",,,," 54,132 "," 25,583 ",,130%,30%,40%,170%,250%,-100%,,,250%,30%,,,,,,,,,,,,,,,
West Kordofan,SD18,Wad Bandah,SD18029,,," 220,258 ", Non-displaced , -   ," 39,646 "," 88,626 "," 75,017 "," 13,429 "," 28,320 "," 27,376 "," 11,835 "," 22,972 "," 10,058 "," 149,829 ", -   ," 90,626 "," 186,904 "," 82,732 "," 40,903 "," 152,180 ", -   ,,," 104,249 "," 186,904 ",," 50,980 "," 98,278 "," 7,715 "," 27,474 "," 123,860 ",,,," 94,191 "," 37,075 ",,130%,110%,10%,200%,440%,-100%,,,940%,20%,,,,,,,,,,,,,,,
West Kordofan,SD18,Keilak,SD18085,,," 99,548 ", Non-displaced , -   ," 17,919 "," 50,202 "," 26,949 "," 5,359 "," 14,958 "," 13,876 "," 7,595 "," 12,972 "," 22,657 "," 22,136 ", -   ," 39,602 "," 75,142 "," 24,256 "," 18,588 "," 70,746 ", -   ,,," 90,958 "," 77,476 ",," 21,683 "," 24,940 "," -2,693 "," 13,229 "," 55,788 ",,,," 68,301 "," 55,340 ",,120%,50%,-10%,250%,370%,-100%,,,300%,250%,,,,,,,,,,,,,,,
West Kordofan,SD18,As Salam - WK,SD18086,,," 185,215 ", Non-displaced , -   ," 33,339 "," 90,412 "," 71,855 "," 7,809 "," 37,490 "," 25,084 "," 25,576 "," 22,874 "," 23,323 "," 61,432 ", -   ," 77,216 "," 118,108 "," 45,719 "," 35,035 "," 95,248 ", -   ,,," 147,290 "," 153,977 ",," 43,877 "," 27,696 "," -26,136 "," 27,226 "," 57,758 ",,,," 123,967 "," 92,545 ",,130%,30%,-40%,350%,150%,-100%,,,530%,150%,,,,,,,,,,,,,,,
West Kordofan,SD18,Abyei,SD18087,,, -   , Non-displaced , -   , -   , -   , -   , -   , -   , -   , -   , -   , -   , -   , -   ," 1,132 "," 2,020 "," 3,319 ", 823 ," 2,237 ", -   ,,," 1,867 "," 3,319 ",,,,,,,,,,,,,,,,,,,,,,,,,,,,,,,,,,,,,
West Kordofan,SD18,As Sunut,SD18092,,," 243,958 ", Non-displaced , -   ," 43,912 "," 88,747 "," 51,717 "," 16,406 "," 31,540 "," 30,442 "," 13,286 "," 25,650 "," 16,829 "," 135,949 ", -   ," 100,728 "," 177,493 "," 152,137 "," 46,633 "," 177,493 ", -   ,,," 91,068 "," 177,493 ",," 56,816 "," 88,746 "," 100,420 "," 30,227 "," 145,953 ",,,," 74,239 "," 41,544 ",,130%,100%,190%,180%,460%,-100%,,,440%,30%,,,,,,,,,,,,,,,
West Kordofan,SD18,Babanusa,SD18100,,," 40,224 ", Non-displaced , -   ," 7,240 "," 39,602 "," 27,645 "," 3,843 "," 13,836 "," 8,281 "," 7,062 "," 19,767 "," 31,136 "," 35,801 ", -   ," 18,321 "," 25,933 "," 9,958 "," 7,631 "," 20,747 ", -   ,,," 32,082 "," 29,875 ",," 11,081 "," -13,669 "," -17,687 "," 3,788 "," 6,911 ",,,, 946 ," -5,926 ",,150%,-30%,-60%,100%,50%,-100%,,,0%,-20%,,,,,,,,,,,,,,,
West Kordofan,SD18,Al Lagowa,SD18102,,," 126,874 ", Non-displaced , -   ," 22,837 "," 72,942 "," 49,000 "," 7,327 "," 25,576 "," 17,132 "," 17,355 "," 15,579 "," 31,228 "," 76,624 ", -   ," 50,083 "," 115,363 "," 31,116 "," 23,845 "," 90,755 ", -   ,,," 92,293 "," 99,429 ",," 27,246 "," 42,421 "," -17,884 "," 16,518 "," 65,179 ",,,," 61,065 "," 22,805 ",,120%,60%,-40%,230%,250%,-100%,,,200%,30%,,,,,,,,,,,,,,,
West Kordofan,SD18,Al Dibab,SD18103,,," 93,423 ", Non-displaced , -   ," 16,816 "," 52,277 "," 38,654 "," 14,298 "," 20,049 "," 13,220 "," 7,422 ", -   ," 16,141 "," 52,503 ", -   ," 39,427 "," 78,342 "," 23,502 "," 18,011 "," 48,964 ", -   ,,," 88,134 "," 88,134 ",," 22,611 "," 26,065 "," -15,152 "," 3,713 "," 28,915 ",,,," 71,993 "," 35,631 ",,130%,50%,-40%,30%,140%,-100%,,,450%,70%,,,,,,,,,,,,,,,
West Kordofan,SD18,Al Idia,SD18104,,," 285,601 ", Non-displaced , -   ," 51,408 "," 157,930 "," 160,736 "," 19,537 "," 60,443 "," 39,992 "," 43,576 "," 37,528 "," 33,418 "," 171,041 ", -   ," 135,941 "," 328,484 "," 271,642 "," 62,449 "," 237,687 ", -   ,,," 288,620 "," 328,484 ",," 84,533 "," 170,554 "," 110,906 "," 42,912 "," 177,244 ",,,," 255,202 "," 157,443 ",,160%,110%,70%,220%,290%,-100%,,,760%,90%,,,,,,,,,,,,,,,
West Kordofan,SD18,Al Khiwai,SD18105,,," 151,723 ", Non-displaced , -   ," 27,310 "," 62,568 "," 53,413 "," 9,345 "," 20,096 "," 19,267 "," 8,763 "," 16,529 "," 1,754 "," 80,603 ", -   ," 61,774 "," 135,916 "," 108,390 "," 26,864 "," 102,248 ", -   ,,," 77,599 "," 135,916 ",," 34,464 "," 73,348 "," 54,977 "," 17,519 "," 82,152 ",,,," 75,845 "," 55,313 ",,130%,120%,100%,190%,410%,-100%,,,4320%,70%,,,,,,,,,,,,,,,
West Kordofan,SD18,Al Meiram,SD18106,,," 62,835 ", Non-displaced , -   ," 11,310 "," 36,076 "," 36,392 "," 8,257 "," 9,927 "," 9,097 "," 5,299 "," 8,771 "," 15,361 "," 41,909 ", -   ," 15,261 "," 60,989 "," 50,893 "," 11,700 "," 31,808 ", -   ,,," 38,435 "," 60,989 ",," 3,951 "," 24,913 "," 14,502 "," 3,443 "," 21,881 ",,,," 23,074 "," 19,080 ",,30%,70%,40%,40%,220%,-100%,,,150%,50%,,,,,,,,,,,,,,,
Khartoum,SD01,Jebel Awlia,SD01001,,," 6,270 ", Refugees ,," 277,117 "," 847,308 "," 508,047 "," 71,930 "," 269,419 "," 241,092 "," 146,258 "," 384,884 "," 344,494 "," 405,086 ", -   , -   , -   , -   , -   , -   ," 6,981 ",,, -   , -   ,,,,,,," -234,111 ",,,,,,-100%,-100%,-100%,-100%,-100%,-100%,,,-100%,-100%,,,,,,,,,,,,,,,
Khartoum,SD01,Um Bada,SD01002,,," 3,422 ", Refugees ,," 71,557 "," 171,907 "," 131,187 "," 29,398 "," 89,446 "," 62,254 "," 75,534 "," 238,522 "," 72,403 "," 138,844 ", -   , -   , -   , -   , -   , -   ," 3,809 ",,, -   , -   ,,,,,,," -58,445 ",,,,,,-100%,-100%,-100%,-100%,-100%,-90%,,,-100%,-100%,,,,,,,,,,,,,,,
Khartoum,SD01,Bahri,SD01003,,," 2,356 ", Refugees ,," 168,555 "," 404,935 "," 309,018 "," 59,806 "," 163,873 "," 146,643 "," 88,961 "," 374,567 "," 170,550 "," 216,445 ", -   , -   , -   , -   , -   , -   ," 2,622 ",,, -   , -   ,,,,,,," -144,021 ",,,,,,-100%,-100%,-100%,-100%,-100%,-100%,,,-100%,-100%,,,,,,,,,,,,,,,
Khartoum,SD01,Sharg An Neel,SD01004,,," 5,778 ", Refugees ,," 202,230 "," 441,668 "," 224,700 "," 48,429 "," 196,612 "," 175,940 "," 106,733 "," 449,400 "," 102,311 "," 369,353 ", -   , -   , -   , -   , -   , -   ," 6,432 ",,, -   , -   ,,,,,,," -169,508 ",,,,,,-100%,-100%,-100%,-100%,-100%,-100%,,,-100%,-100%,,,,,,,,,,,,,,,
Khartoum,SD01,Karrari,SD01005,,," 13,833 ", Refugees ,," 58,784 "," 179,736 "," 107,770 "," 13,704 "," 73,480 "," 51,142 "," 31,027 "," 195,946 "," 74,349 "," 82,764 ", -   , -   , -   , -   , -   , -   ," 17,232 ",,, -   , -   ,,,,,,," -33,910 ",,,,,,-100%,-100%,-100%,-100%,-100%,-70%,,,-100%,-100%,,,,,,,,,,,,,,,
Khartoum,SD01,Um Durman,SD01006,,," 2,543 ", Refugees ,," 14,355 "," 43,891 "," 26,317 "," 3,896 "," 17,943 "," 12,489 "," 7,578 "," 47,849 "," 18,156 "," 15,337 ", -   , -   , -   , -   , -   , -   ," 2,831 ",,, -   , -   ,,,,,,," -9,658 ",,,,,,-100%,-100%,-100%,-100%,-100%,-80%,,,-100%,-100%,,,,,,,,,,,,,,,
Khartoum,SD01,Khartoum,SD01007,,," 7,496 ", Refugees ,, -   , -   , -   , -   , -   , -   , -   , -   , -   , -   , -   , -   , -   , -   , -   , -   ," 7,793 ",,, -   , -   ,,,,,,,,,,,,,,,,,,,,,,,,,,,,,,,,,,,,,
North Darfur,SD02,Dar As Salam,SD02113,,, 1 , Refugees ,," 6,375 "," 35,415 "," 11,687 "," 5,692 "," 7,968 "," 5,546 "," 3,366 "," 14,166 "," 4,979 "," 14,435 ", -   , -   , -   , -   , -   , -   , -   ,,, -   , -   ,,,,,,,,,,,,,-100%,-100%,-100%,-100%,-100%,-100%,,,-100%,-100%,,,,,,,,,,,,,,,
North Darfur,SD02,Al Fasher,SD02114,,," 1,273 ", Refugees ,," 4,217 "," 11,973 "," 11,715 "," 3,346 "," 2,929 "," 2,853 ", 704 ," 2,343 ", 164 ," 6,714 ", -   , -   , -   , -   , -   , -   ," 1,409 ",,, -   , -   ,,,,,,," -1,444 ",,,,,,-100%,-100%,-100%,-100%,-100%,-50%,,,-100%,-100%,,,,,,,,,,,,,,,
North Darfur,SD02,Al Koma,SD02116,,, -   , Refugees ,," 21,825 "," 61,965 "," 40,013 "," 16,660 "," 15,156 "," 14,768 "," 1,213 "," 12,125 ", -   ," 89,725 ", -   , -   , -   , -   , -   , -   , -   ,,, -   , -   ,,,,,,,,,,,,,-100%,-100%,-100%,-100%,-100%,-100%,,,,-100%,,,,,,,,,,,,,,,
North Darfur,SD02,Al Malha,SD02117,,, -   , Refugees ,," 12,102 "," 34,360 "," 13,447 "," 9,139 "," 8,404 "," 8,189 "," 2,018 ", -   , -   ," 33,500 ", -   , -   , -   , -   , -   , -   , -   ,,, -   , -   ,,,,,,,,,,,,,-100%,-100%,-100%,-100%,-100%,-100%,,,,-100%,,,,,,,,,,,,,,,
North Darfur,SD02,As Serief,SD02118,,, -   , Refugees ,," 26,151 "," 68,537 "," 29,057 "," 28,530 "," 18,161 "," 22,751 "," 1,453 "," 14,528 "," 1,025 "," 16,986 ", -   , -   , -   , -   , -   , -   , -   ,,, -   , -   ,,,,,,,,,,,,,-100%,-100%,-100%,-100%,-100%,-100%,,,-100%,-100%,,,,,,,,,,,,,,,
North Darfur,SD02,At Tawisha,SD02119,,, 1 , Refugees ,," 29,043 "," 69,772 "," 32,270 "," 9,469 "," 20,169 "," 19,652 "," 4,841 "," 16,135 ", -   ," 86,791 ", -   , -   , -   , -   , -   , -   , -   ,,, -   , -   ,,,,,,,,,,,,,-100%,-100%,-100%,-100%,-100%,-100%,,,,-100%,,,,,,,,,,,,,,,
North Darfur,SD02,Um Baru,SD02120,,, -   , Refugees ,," 14,432 "," 40,974 "," 26,458 "," 9,522 "," 14,031 "," 12,555 "," 4,009 "," 8,018 "," 17,566 "," 34,302 ", -   , -   , -   , -   , -   , -   , -   ,,, -   , -   ,,,,,,,,,,,,,-100%,-100%,-100%,-100%,-100%,-100%,,,-100%,-100%,,,,,,,,,,,,,,,
North Darfur,SD02,Kebkabiya,SD02124,,, -   , Refugees ,," 1,623 "," 4,607 "," 2,975 "," 1,240 "," 1,577 "," 1,098 ", 452 , 901 , 57 ," 3,202 ", -   , -   , -   , -   , -   , -   , -   ,,, -   , -   ,,,,,,,,,,,,,-100%,-100%,-100%,-100%,-100%,-100%,,,-100%,-100%,,,,,,,,,,,,,,,
North Darfur,SD02,Kelemando,SD02126,,, -   , Refugees ,, -   , -   , -   , -   , -   , -   , -   , -   , -   , -   , -   , -   , -   , -   , -   , -   , -   ,,, -   , -   ,,,,,,,,,,,,,,,,,,,,,,,,,,,,,,,,,,,,,
North Darfur,SD02,Kutum,SD02128,,, -   , Refugees ,," 26,114 "," 74,142 "," 47,875 "," 20,969 "," 25,388 "," 22,719 "," 13,784 "," 14,508 "," 10,076 "," 58,915 ", -   , -   , -   , -   , -   , -   , -   ,,, -   , -   ,,,,,,,,,,,,,-100%,-100%,-100%,-100%,-100%,-100%,,,-100%,-100%,,,,,,,,,,,,,,,
North Darfur,SD02,Melit,SD02129,,, -   , Refugees ,," 19,270 "," 54,712 "," 35,329 "," 14,552 "," 18,735 "," 16,765 "," 10,172 "," 10,706 "," 18,084 "," 79,223 ", -   , -   , -   , -   , -   , -   , -   ,,, -   , -   ,,,,,,,,,,,,,-100%,-100%,-100%,-100%,-100%,-100%,,,-100%,-100%,,,,,,,,,,,,,,,
North Darfur,SD02,Saraf Omra,SD02133,,, -   , Refugees ,," 20,012 "," 56,817 "," 36,688 "," 16,617 "," 19,456 "," 13,541 "," 10,564 "," 11,118 "," 14,249 "," 48,357 ", -   , -   , -   , -   , -   , -   , -   ,,, -   , -   ,,,,,,,,,,,,,-100%,-100%,-100%,-100%,-100%,-100%,,,-100%,-100%,,,,,,,,,,,,,,,
North Darfur,SD02,Um Kadadah,SD02136,,, -   , Refugees ,," 25,547 "," 61,375 "," 46,837 "," 18,866 "," 17,741 "," 17,287 "," 7,098 "," 14,193 "," 1,043 "," 71,332 ", -   , -   , -   , -   , -   , -   , -   ,,, -   , -   ,,,,,,,,,,,,,-100%,-100%,-100%,-100%,-100%,-100%,,,-100%,-100%,,,,,,,,,,,,,,,
North Darfur,SD02,Kernoi,SD02168,,, -   , Refugees ,," 22,236 "," 58,276 "," 40,766 "," 20,978 "," 15,442 "," 15,046 "," 6,178 "," 12,353 ", 750 ," 91,414 ", -   , -   , -   , -   , -   , -   , -   ,,, -   , -   ,,,,,,,,,,,,,-100%,-100%,-100%,-100%,-100%,-100%,,,-100%,-100%,,,,,,,,,,,,,,,
North Darfur,SD02,Al Lait,SD02169,,," 18,347 ", Refugees ,, -   , -   , -   , -   , -   , -   , -   , -   , -   , -   , -   , -   , -   , -   , -   , -   ," 19,773 ",,, -   , -   ,,,,,,,,,,,,,,,,,,,,,,,,,,,,,,,,,,,,,
North Darfur,SD02,Tawila,SD02170,,, -   , Refugees ,," 7,461 "," 17,924 "," 8,290 "," 5,559 "," 5,181 "," 5,048 "," 3,939 "," 4,145 "," 2,658 "," 30,672 ", -   , -   , -   , -   , -   , -   , -   ,,, -   , -   ,,,,,,,,,,,,,-100%,-100%,-100%,-100%,-100%,-100%,,,-100%,-100%,,,,,,,,,,,,,,,
North Darfur,SD02,At Tina,SD02171,,, -   , Refugees ,," 6,675 "," 15,173 "," 12,237 "," 2,043 "," 4,635 "," 4,516 "," 1,855 "," 3,708 "," 1,775 "," 17,646 ", -   , -   , -   , -   , -   , -   , -   ,,, -   , -   ,,,,,,,,,,,,,-100%,-100%,-100%,-100%,-100%,-100%,,,-100%,-100%,,,,,,,,,,,,,,,
South Darfur,SD03,Al Radoum,SD03141,,," 8,766 ", Refugees ,," 26,182 "," 62,899 "," 48,000 "," 9,544 "," 25,454 "," 17,716 "," 7,274 ", -   ," 2,086 "," 77,811 ", -   , -   , -   , -   , -   , -   ," 9,885 ",,, -   , -   ,,,,,,," -7,831 ",,,,,,-100%,-100%,-100%,-100%,-100%,-40%,,,-100%,-100%,,,,,,,,,,,,,,,
South Darfur,SD03,Ed Al Fursan,SD03143,,, -   , Refugees ,," 3,127 "," 9,561 "," 5,733 "," 1,978 "," 3,040 "," 2,116 "," 3,303 "," 1,737 "," 6,302 "," 7,236 ", -   , -   , -   , -   , -   , -   , -   ,,, -   , -   ,,,,,,,,,,,,,-100%,-100%,-100%,-100%,-100%,-100%,,,-100%,-100%,,,,,,,,,,,,,,,
South Darfur,SD03,Kas,SD03144,,, -   , Refugees ,, -   , -   , -   , -   , -   , -   , -   , -   , -   , -   , -   , -   , -   , -   , -   , -   , -   ,,, -   , -   ,,,,,,,,,,,,,,,,,,,,,,,,,,,,,,,,,,,,,
South Darfur,SD03,Mershing,SD03145,,, -   , Refugees ,," 10,366 "," 24,904 "," 11,518 "," 2,238 "," 7,199 "," 7,015 "," 2,880 "," 5,759 ", 448 ," 42,617 ", -   , -   , -   , -   , -   , -   , -   ,,, -   , -   ,,,,,,,,,,,,,-100%,-100%,-100%,-100%,-100%,-100%,,,-100%,-100%,,,,,,,,,,,,,,,
South Darfur,SD03,Um Dafoug,SD03146,,," 3,183 ", Refugees ,, -   , -   , -   , -   , -   , -   , -   , -   , -   , -   , -   , -   , -   , -   , -   , -   ," 3,215 ",,, -   , -   ,,,,,,,,,,,,,,,,,,,,,,,,,,,,,,,,,,,,,
South Darfur,SD03,Sharg Aj Jabal,SD03147,,, -   , Refugees ,," 59,455 "," 168,802 "," 109,000 "," 35,179 "," 41,288 "," 40,231 "," 16,517 ", -   , -   ," 96,966 ", -   , -   , -   , -   , -   , -   , -   ,,, -   , -   ,,,,,,,,,,,,,-100%,-100%,-100%,-100%,-100%,-100%,,,,-100%,,,,,,,,,,,,,,,
South Darfur,SD03,Tulus,SD03149,,, -   , Refugees ,," 7,266 "," 22,217 "," 13,321 "," 3,297 "," 7,064 "," 4,917 "," 7,672 "," 4,037 "," 3,770 "," 13,456 ", -   , -   , -   , -   , -   , -   , -   ,,, -   , -   ,,,,,,,,,,,,,-100%,-100%,-100%,-100%,-100%,-100%,,,-100%,-100%,,,,,,,,,,,,,,,
South Darfur,SD03,Al Wihda,SD03150,,, -   , Refugees ,, -   , -   , -   , -   , -   , -   , -   , -   , -   , -   , -   , -   , -   , -   , -   , -   , -   ,,, -   , -   ,,,,,,,,,,,,,,,,,,,,,,,,,,,,,,,,,,,,,
South Darfur,SD03,Nitega,SD03151,,, -   , Refugees ,, -   , -   , -   , -   , -   , -   , -   , -   , -   , -   , -   , -   , -   , -   , -   , -   , -   ,,, -   , -   ,,,,,,,,,,,,,,,,,,,,,,,,,,,,,,,,,,,,,
South Darfur,SD03,Gereida,SD03153,,, -   , Refugees ,," 1,121 "," 3,429 "," 3,115 ", 885 , 779 , 759 , 593 , -   , 396 ," 3,204 ", -   , -   , -   , -   , -   , -   , -   ,,, -   , -   ,,,,,,,,,,,,,-100%,-100%,-100%,-100%,-100%,-100%,,,-100%,-100%,,,,,,,,,,,,,,,
South Darfur,SD03,Shattaya,SD03154,,, -   , Refugees ,, -   , -   , -   , -   , -   , -   , -   , -   , -   , -   , -   , -   , -   , -   , -   , -   , -   ,,, -   , -   ,,,,,,,,,,,,,,,,,,,,,,,,,,,,,,,,,,,,,
South Darfur,SD03,As Sunta,SD03156,,, -   , Refugees ,," 38,599 "," 92,729 "," 70,765 "," 18,265 "," 26,805 "," 26,119 "," 20,374 "," 21,444 "," 1,627 "," 88,034 ", -   , -   , -   , -   , -   , -   , -   ,,, -   , -   ,,,,,,,,,,,,,-100%,-100%,-100%,-100%,-100%,-100%,,,-100%,-100%,,,,,,,,,,,,,,,
South Darfur,SD03,Kubum,SD03157,,, -   , Refugees ,," 35,117 "," 84,365 "," 64,381 "," 9,054 "," 34,142 "," 23,762 "," 18,535 "," 19,510 "," 46,809 "," 87,754 ", -   , -   , -   , -   , -   , -   , -   ,,, -   , -   ,,,,,,,,,,,,,-100%,-100%,-100%,-100%,-100%,-100%,,,-100%,-100%,,,,,,,,,,,,,,,
South Darfur,SD03,Rehaid Albirdi,SD03158,,, -   , Refugees ,," 15,435 "," 37,081 "," 17,150 "," 6,271 "," 15,006 "," 10,445 "," 8,148 "," 8,575 "," 10,134 "," 45,980 ", -   , -   , -   , -   , -   , -   , -   ,,, -   , -   ,,,,,,,,,,,,,-100%,-100%,-100%,-100%,-100%,-100%,,,-100%,-100%,,,,,,,,,,,,,,,
South Darfur,SD03,Kateila,SD03159,,, -   , Refugees ,, -   , -   , -   , -   , -   , -   , -   , -   , -   , -   , -   , -   , -   , -   , -   , -   , -   ,,, -   , -   ,,,,,,,,,,,,,,,,,,,,,,,,,,,,,,,,,,,,,
South Darfur,SD03,Buram,SD03161,,, 540 , Refugees ,, -   , -   , -   , -   , -   , -   , -   , -   , -   , -   , -   , -   , -   , -   , -   , -   , 547 ,,, -   , -   ,,,,,,,,,,,,,,,,,,,,,,,,,,,,,,,,,,,,,
South Darfur,SD03,Beliel,SD03162,,," 4,341 ", Refugees ,, -   , -   , -   , -   , -   , -   , -   , -   , -   , -   , -   , -   , -   , -   , -   , -   ," 3,701 ",,, -   , -   ,,,,,,,,,,,,,,,,,,,,,,,,,,,,,,,,,,,,,
South Darfur,SD03,Nyala Shimal,SD03164,,, -   , Refugees ,," 13,338 "," 43,693 "," 24,452 "," 6,067 "," 12,967 "," 9,025 "," 7,040 "," 7,410 "," 4,037 "," 30,415 ", -   , -   , -   , -   , -   , -   , -   ,,, -   , -   ,,,,,,,,,,,,,-100%,-100%,-100%,-100%,-100%,-100%,,,-100%,-100%,,,,,,,,,,,,,,,
South Darfur,SD03,As Salam - SD,SD03166,,, -   , Refugees ,, -   , -   , -   , -   , -   , -   , -   , -   , -   , -   , -   , -   , -   , -   , -   , -   , -   ,,, -   , -   ,,,,,,,,,,,,,,,,,,,,,,,,,,,,,,,,,,,,,
South Darfur,SD03,Nyala Janoub,SD03167,,," 4,139 ", Refugees ,," 29,309 "," 70,412 "," 53,733 "," 16,301 "," 20,354 "," 19,832 "," 15,470 ", -   ," 4,862 "," 115,227 ", -   , -   , -   , -   , -   , -   ," 3,439 ",,, -   , -   ,,,,,,," -16,393 ",,,,,,-100%,-100%,-100%,-100%,-100%,-80%,,,-100%,-100%,,,,,,,,,,,,,,,
South Darfur,SD03,Damso,SD03172,,," 1,596 ", Refugees ,," 10,607 "," 27,799 "," 19,446 "," 7,582 "," 10,312 "," 7,177 "," 5,599 "," 5,893 "," 4,059 "," 20,788 ", -   , -   , -   , -   , -   , -   ," 1,620 ",,, -   , -   ,,,,,,," -5,557 ",,,,,,-100%,-100%,-100%,-100%,-100%,-80%,,,-100%,-100%,,,,,,,,,,,,,,,
West Darfur,SD04,Beida,SD04111,,, -   , Refugees ,," 9,860 "," 27,996 "," 18,077 "," 5,924 "," 9,587 "," 6,672 "," 10,410 "," 5,478 "," 2,721 "," 27,785 ", -   , -   , -   , -   , -   , -   , -   ,,, -   , -   ,,,,,,,,,,,,,-100%,-100%,-100%,-100%,-100%,-100%,,,-100%,-100%,,,,,,,,,,,,,,,
West Darfur,SD04,Ag Geneina,SD04115,,, 241 , Refugees ,," 2,472 "," 7,018 "," 4,532 "," 1,676 "," 2,403 "," 1,672 "," 1,305 "," 1,373 "," 3,240 "," 7,283 ", -   , -   , -   , -   , -   , -   , -   ,,, -   , -   ,,,,,,,,,,,,,-100%,-100%,-100%,-100%,-100%,-100%,,,-100%,-100%,,,,,,,,,,,,,,,
West Darfur,SD04,Foro Baranga,SD04121,,, -   , Refugees ,, -   , -   , -   , -   , -   , -   , -   , -   , -   , -   , -   , -   , -   , -   , -   , -   , -   ,,, -   , -   ,,,,,,,,,,,,,,,,,,,,,,,,,,,,,,,,,,,,,
West Darfur,SD04,Habila - WD,SD04122,,, 53 , Refugees ,, -   , -   , -   , -   , -   , -   , -   , -   , -   , -   , -   , -   , -   , -   , -   , -   , -   ,,, -   , -   ,,,,,,,,,,,,,,,,,,,,,,,,,,,,,,,,,,,,,
West Darfur,SD04,Jebel Moon,SD04123,,, -   , Refugees ,," 8,187 "," 23,244 "," 15,009 "," 5,115 "," 7,960 "," 5,540 "," 8,643 ", -   ," 4,450 "," 24,286 ", -   , -   , -   , -   , -   , -   , -   ,,, -   , -   ,,,,,,,,,,,,,-100%,-100%,-100%,-100%,-100%,-100%,,,-100%,-100%,,,,,,,,,,,,,,,
West Darfur,SD04,Kereneik,SD04125,,, -   , Refugees ,, -   , -   , -   , -   , -   , -   , -   , -   , -   , -   , -   , -   , -   , -   , -   , -   , -   ,,, -   , -   ,,,,,,,,,,,,,,,,,,,,,,,,,,,,,,,,,,,,,
West Darfur,SD04,Kulbus,SD04127,,, -   , Refugees ,, 202 , 618 , 371 , 121 , 197 , 137 , 108 , 112 , -   , 400 , -   , -   , -   , -   , -   , -   , -   ,,, -   , -   ,,,,,,,,,,,,,-100%,-100%,-100%,-100%,-100%,-100%,,,,-100%,,,,,,,,,,,,,,,
West Darfur,SD04,Sirba,SD04134,,, -   , Refugees ,," 27,435 "," 65,910 "," 50,298 "," 13,847 "," 26,673 "," 18,565 "," 14,481 "," 15,242 "," 9,759 "," 46,114 ", -   , -   , -   , -   , -   , -   , -   ,,, -   , -   ,,,,,,,,,,,,,-100%,-100%,-100%,-100%,-100%,-100%,,,-100%,-100%,,,,,,,,,,,,,,,
East Darfur,SD05,Adila,SD05139,,," 2,763 ", Refugees ,," 16,529 "," 36,100 "," 30,304 "," 6,254 "," 11,479 "," 7,989 "," 8,725 ", -   , -   ," 49,658 ", -   , -   , -   , -   , -   , -   ," 2,721 ",,, -   , -   ,,,,,,," -5,268 ",,,,,,-100%,-100%,-100%,-100%,-100%,-70%,,,,-100%,,,,,,,,,,,,,,,
East Darfur,SD05,Abu Jabrah,SD05140,,," 4,607 ", Refugees ,, -   , -   , -   , -   , -   , -   , -   , -   , -   , -   , -   , -   , -   , -   , -   , -   ," 4,536 ",,, -   , -   ,,,,,,,,,,,,,,,,,,,,,,,,,,,,,,,,,,,,,
East Darfur,SD05,Ad Du'ayn,SD05142,,, -   , Refugees ,, -   , -   , -   , -   , -   , -   , -   , -   , -   , -   , -   , -   , -   , -   , -   , -   , -   ,,, -   , -   ,,,,,,,,,,,,,,,,,,,,,,,,,,,,,,,,,,,,,
East Darfur,SD05,Shia'ria,SD05148,,, -   , Refugees ,," 19,073 "," 45,820 "," 21,192 "," 6,982 "," 18,543 "," 12,906 "," 20,134 ", -   ," 2,373 "," 76,638 ", -   , -   , -   , -   , -   , -   , -   ,,, -   , -   ,,,,,,,,,,,,,-100%,-100%,-100%,-100%,-100%,-100%,,,-100%,-100%,,,,,,,,,,,,,,,
East Darfur,SD05,Al Firdous,SD05152,,," 4,333 ", Refugees ,," 40,506 "," 79,618 "," 74,261 "," 19,018 "," 28,129 "," 19,577 "," 11,253 "," 22,503 "," 1,614 "," 95,735 ", -   , -   , -   , -   , -   , -   ," 4,266 ",,, -   , -   ,,,,,,," -15,311 ",,,,,,-100%,-100%,-100%,-100%,-100%,-80%,,,-100%,-100%,,,,,,,,,,,,,,,
East Darfur,SD05,Abu Karinka,SD05155,,," 1,788 ", Refugees ,," 39,173 "," 76,999 "," 43,526 "," 25,534 "," 27,204 "," 18,934 "," 10,883 "," 21,763 "," 2,431 "," 156,456 ", -   , -   , -   , -   , -   , -   ," 1,760 ",,, -   , -   ,,,,,,," -17,174 ",,,,,,-100%,-100%,-100%,-100%,-100%,-90%,,,-100%,-100%,,,,,,,,,,,,,,,
East Darfur,SD05,Bahr Al Arab,SD05160,,," 17,660 ", Refugees ,," 37,179 "," 81,199 "," 68,162 "," 15,141 "," 25,819 "," 25,158 "," 10,329 ", -   ," 3,225 "," 145,862 ", -   , -   , -   , -   , -   , -   ," 19,604 ",,, -   , -   ,,,,,,," -5,554 ",,,,,,-100%,-100%,-100%,-100%,-100%,-20%,,,-100%,-100%,,,,,,,,,,,,,,,
East Darfur,SD05,Assalaya,SD05163,,," 5,204 ", Refugees ,, -   , -   , -   , -   , -   , -   , -   , -   , -   , -   , -   , -   , -   , -   , -   , -   ," 6,781 ",,, -   , -   ,,,,,,,,,,,,,,,,,,,,,,,,,,,,,,,,,,,,,
East Darfur,SD05,Yassin,SD05165,,, 928 , Refugees ,, -   , -   , -   , -   , -   , -   , -   , -   , -   , -   , -   , -   , -   , -   , -   , -   , 914 ,,, -   , -   ,,,,,,,,,,,,,,,,,,,,,,,,,,,,,,,,,,,,,
Central Darfur,SD06,Azum,SD06110,,," 3,389 ", Refugees ,," 2,364 "," 7,744 "," 4,334 "," 1,242 "," 2,298 "," 1,600 ", 658 ," 1,313 ", 117 ," 9,718 ", -   , -   , -   , -   , -   , -   ," 3,591 ",,, -   , -   ,,,,,,," 1,991 ",,,,,,-100%,-100%,-100%,-100%,-100%,120%,,,-100%,-100%,,,,,,,,,,,,,,,
Central Darfur,SD06,Bendasi,SD06112,,, -   , Refugees ,, -   , -   , -   , -   , -   , -   , -   , -   , -   , -   , -   , -   , -   , -   , -   , -   , -   ,,, -   , -   ,,,,,,,,,,,,,,,,,,,,,,,,,,,,,,,,,,,,,
Central Darfur,SD06,Mukjar,SD06130,,, 6 , Refugees ,, -   , -   , -   , -   , -   , -   , -   , -   , -   , -   , -   , -   , -   , -   , -   , -   , -   ,,, -   , -   ,,,,,,,,,,,,,,,,,,,,,,,,,,,,,,,,,,,,,
Central Darfur,SD06,Gharb Jabal Marrah,SD06131,,, -   , Refugees ,, -   , -   , -   , -   , -   , -   , -   , -   , -   , -   , -   , -   , -   , -   , -   , -   , -   ,,, -   , -   ,,,,,,,,,,,,,,,,,,,,,,,,,,,,,,,,,,,,,
Central Darfur,SD06,Shamal Jabal Marrah,SD06132,,, -   , Refugees ,, -   , -   , -   , -   , -   , -   , -   , -   , -   , -   , -   , -   , -   , -   , -   , -   , -   ,,, -   , -   ,,,,,,,,,,,,,,,,,,,,,,,,,,,,,,,,,,,,,
Central Darfur,SD06,Um Dukhun,SD06135,,, -   , Refugees ,, -   , -   , -   , -   , -   , -   , -   , -   , -   , -   , -   , -   , -   , -   , -   , -   , -   ,,, -   , -   ,,,,,,,,,,,,,,,,,,,,,,,,,,,,,,,,,,,,,
Central Darfur,SD06,Wadi Salih,SD06137,,, -   , Refugees ,, -   , -   , -   , -   , -   , -   , -   , -   , -   , -   , -   , -   , -   , -   , -   , -   , -   ,,, -   , -   ,,,,,,,,,,,,,,,,,,,,,,,,,,,,,,,,,,,,,
Central Darfur,SD06,Zalingi,SD06138,,, 530 , Refugees ,, -   , -   , -   , -   , -   , -   , -   , -   , -   , -   , -   , -   , -   , -   , -   , -   , -   ,,, -   , -   ,,,,,,,,,,,,,,,,,,,,,,,,,,,,,,,,,,,,,
Central Darfur,SD06,Wasat Jabal Marrah,SD06139,,, -   , Refugees ,," 3,229 "," 7,053 "," 5,921 "," 1,724 "," 3,140 "," 2,185 "," 1,707 "," 1,794 ", 908 ," 13,276 ", -   , -   , -   , -   , -   , -   , -   ,,, -   , -   ,,,,,,,,,,,,,-100%,-100%,-100%,-100%,-100%,-100%,,,-100%,-100%,,,,,,,,,,,,,,,
South Kordofan,SD07,Abu Jubayhah,SD07088,,," 9,654 ", Refugees ,, -   , -   , -   , -   , -   , -   , -   , -   , -   , -   , -   , -   , -   , -   , -   , -   ," 10,682 ",,, -   , -   ,,,,,,,,,,,,,,,,,,,,,,,,,,,,,,,,,,,,,
South Kordofan,SD07,Talawdi,SD07089,,, -   , Refugees ,, -   , -   , -   , -   , -   , -   , -   , -   , -   , -   , -   , -   , -   , -   , -   , -   , -   ,,, -   , -   ,,,,,,,,,,,,,,,,,,,,,,,,,,,,,,,,,,,,,
South Kordofan,SD07,Abassiya,SD07090,,, -   , Refugees ,," 12,916 "," 33,851 "," 23,680 "," 4,426 "," 8,970 "," 8,740 "," 3,589 "," 7,176 "," 9,802 "," 32,818 ", -   , -   , -   , -   , -   , -   , -   ,,, -   , -   ,,,,,,,,,,,,,-100%,-100%,-100%,-100%,-100%,-100%,,,-100%,-100%,,,,,,,,,,,,,,,
South Kordofan,SD07,Um Durein,SD07091,,, -   , Refugees ,, 435 , 951 , 798 , 225 , 423 , 295 , 122 , 242 , -   ," 1,162 ", -   , -   , -   , -   , -   , -   , -   ,,, -   , -   ,,,,,,,,,,,,,-100%,-100%,-100%,-100%,-100%,-100%,,,,-100%,,,,,,,,,,,,,,,
South Kordofan,SD07,Ar Rashad,SD07093,,, 156 , Refugees ,," 10,785 "," 30,621 "," 19,773 "," 2,172 "," 10,485 "," 7,298 "," 5,694 "," 5,992 ", 471 ," 26,816 ", -   , -   , -   , -   , -   , -   , -   ,,, -   , -   ,,,,,,,,,,,,,-100%,-100%,-100%,-100%,-100%,-100%,,,-100%,-100%,,,,,,,,,,,,,,,
South Kordofan,SD07,Al Quoz,SD07094,,, 282 , Refugees ,," 5,023 "," 13,164 "," 9,209 "," 1,061 "," 4,883 "," 3,399 "," 2,653 "," 6,976 ", 565 ," 20,571 ", -   , -   , -   , -   , -   , -   , -   ,,, -   , -   ,,,,,,,,,,,,,-100%,-100%,-100%,-100%,-100%,-100%,,,-100%,-100%,,,,,,,,,,,,,,,
South Kordofan,SD07,Dilling,SD07095,,, 600 , Refugees ,," 24,850 "," 65,126 "," 45,558 "," 8,515 "," 17,257 "," 12,010 "," 6,904 "," 13,805 "," 18,858 "," 102,037 ", -   , -   , -   , -   , -   , -   , 664 ,,, -   , -   ,,,,,,," -11,346 ",,,,,,-100%,-100%,-100%,-100%,-100%,-90%,,,-100%,-100%,,,,,,,,,,,,,,,
South Kordofan,SD07,Heiban,SD07096,,, -   , Refugees ,, -   , -   , -   , -   , -   , -   , -   , -   , -   , -   , -   , -   , -   , -   , -   , -   , -   ,,, -   , -   ,,,,,,,,,,,,,,,,,,,,,,,,,,,,,,,,,,,,,
South Kordofan,SD07,Ar Reif Ash Shargi,SD07097,,, -   , Refugees ,, 51 , 132 , 79 , 15 , 42 , 29 , 25 , 60 , 8 , 92 , -   , -   , -   , -   , -   , -   , -   ,,, -   , -   ,,,,,,,,,,,,,-100%,-100%,-100%,-100%,-100%,-100%,,,-100%,-100%,,,,,,,,,,,,,,,
South Kordofan,SD07,Kadugli,SD07098,,," 1,739 ", Refugees ,," 17,559 "," 46,019 "," 32,192 "," 6,017 "," 12,194 "," 8,487 "," 4,879 "," 9,755 "," 17,767 "," 44,616 ", -   , -   , -   , -   , -   , -   ," 1,924 ",,, -   , -   ,,,,,,," -6,563 ",,,,,,-100%,-100%,-100%,-100%,-100%,-80%,,,-100%,-100%,,,,,,,,,,,,,,,
South Kordofan,SD07,Al Buram,SD07099,,, -   , Refugees ,, -   , -   , -   , -   , -   , -   , -   , -   , -   , -   , -   , -   , -   , -   , -   , -   , -   ,,, -   , -   ,,,,,,,,,,,,,,,,,,,,,,,,,,,,,,,,,,,,,
South Kordofan,SD07,Habila - SK,SD07103,,, 237 , Refugees ,, -   , -   , -   , -   , -   , -   , -   , -   , -   , -   , -   , -   , -   , -   , -   , -   , -   ,,, -   , -   ,,,,,,,,,,,,,,,,,,,,,,,,,,,,,,,,,,,,,
South Kordofan,SD07,Abu Kershola,SD07104,,, -   , Refugees ,," 2,622 "," 5,040 "," 3,846 "," 1,069 "," 1,457 "," 1,420 ", 584 , -   , 66 ," 6,193 ", -   , -   , -   , -   , -   , -   , -   ,,, -   , -   ,,,,,,,,,,,,,-100%,-100%,-100%,-100%,-100%,-100%,,,-100%,-100%,,,,,,,,,,,,,,,
South Kordofan,SD07,Al Leri,SD07105,,," 1,699 ", Refugees ,," 8,017 "," 12,256 "," 14,698 "," 4,073 "," 5,567 "," 3,875 "," 4,233 "," 4,454 "," 2,918 "," 23,395 ", -   , -   , -   , -   , -   , -   ," 1,880 ",,, -   , -   ,,,,,,," -1,995 ",,,,,,-100%,-100%,-100%,-100%,-100%,-50%,,,-100%,-100%,,,,,,,,,,,,,,,
South Kordofan,SD07,At Tadamon - SK,SD07106,,, 779 , Refugees ,," 1,006 "," 2,635 "," 1,843 ", 230 , 978 , 681 , 532 , 559 , 94 ," 2,220 ", -   , -   , -   , -   , -   , -   , 935 ,,, -   , -   ,,,,,,, 254 ,,,,,,-100%,-100%,-100%,-100%,-100%,40%,,,-100%,-100%,,,,,,,,,,,,,,,
South Kordofan,SD07,Delami,SD07107,,, -   , Refugees ,, -   , -   , -   , -   , -   , -   , -   , -   , -   , -   , -   , -   , -   , -   , -   , -   , -   ,,, -   , -   ,,,,,,,,,,,,,,,,,,,,,,,,,,,,,,,,,,,,,
South Kordofan,SD07,Ghadeer,SD07108,,," 12,520 ", Refugees ,, 969 ," 2,752 "," 1,077 ", 356 , 673 , 469 , 513 ," 1,346 "," 1,839 "," 2,762 ", -   , -   , -   , -   , -   , -   , -   ,,, -   , -   ,,,,,,,,,,,,,-100%,-100%,-100%,-100%,-100%,-100%,,,-100%,-100%,,,,,,,,,,,,,,,
Blue Nile,SD08,Baw,SD08104,,, -   , Refugees ,," 3,933 "," 10,308 "," 4,370 "," 1,676 "," 3,824 "," 1,901 "," 2,077 "," 2,185 ", 542 ," 7,655 ", -   , -   , -   , -   , -   , -   , -   ,,, -   , -   ,,,,,,,,,,,,,-100%,-100%,-100%,-100%,-100%,-100%,,,-100%,-100%,,,,,,,,,,,,,,,
Blue Nile,SD08,Ed Damazine,SD08105,,," 3,516 ", Refugees ,," 8,138 "," 23,105 "," 9,042 "," 3,698 "," 7,912 "," 5,507 "," 4,297 "," 4,521 "," 3,921 "," 17,684 ", -   , -   , -   , -   , -   , -   , -   ,,, -   , -   ,,,,,,,,,,,,,-100%,-100%,-100%,-100%,-100%,-100%,,,-100%,-100%,,,,,,,,,,,,,,,
Blue Nile,SD08,Al Kurmuk,SD08106,,, -   , Refugees ,," 3,894 "," 9,355 "," 4,327 "," 1,905 "," 2,704 "," 2,635 "," 2,056 ", -   , 315 ," 9,937 ", -   , -   , -   , -   , -   , -   , -   ,,, -   , -   ,,,,,,,,,,,,,-100%,-100%,-100%,-100%,-100%,-100%,,,-100%,-100%,,,,,,,,,,,,,,,
Blue Nile,SD08,Ar Rusayris,SD08107,,, -   , Refugees ,," 7,392 "," 19,372 "," 8,213 "," 2,926 "," 7,186 "," 5,001 "," 3,902 "," 4,106 "," 2,597 "," 22,487 ", -   , -   , -   , -   , -   , -   , -   ,,, -   , -   ,,,,,,,,,,,,,-100%,-100%,-100%,-100%,-100%,-100%,,,-100%,-100%,,,,,,,,,,,,,,,
Blue Nile,SD08,At Tadamon - BN,SD08108,,, -   , Refugees ,," 1,720 "," 3,756 "," 1,911 ", 721 ," 1,672 "," 1,164 ", 909 , 955 ," 1,070 "," 3,342 ", -   , -   , -   , -   , -   , -   , -   ,,, -   , -   ,,,,,,,,,,,,,-100%,-100%,-100%,-100%,-100%,-100%,,,-100%,-100%,,,,,,,,,,,,,,,
Blue Nile,SD08,Geisan,SD08109,,, -   , Refugees ,," 3,241 "," 5,069 "," 2,344 ", 985 ," 1,465 "," 1,020 ", 587 , -   , 441 ," 6,032 ", -   , -   , -   , -   , -   , -   , -   ,,, -   , -   ,,,,,,,,,,,,,-100%,-100%,-100%,-100%,-100%,-100%,,,-100%,-100%,,,,,,,,,,,,,,,
Blue Nile,SD08,Wad Al Mahi,SD08110,,," 11,785 ", Refugees ,," 67,581 "," 118,078 "," 123,899 "," 22,668 "," 65,704 "," 45,730 "," 35,670 "," 37,545 "," 17,598 "," 129,609 ", -   , -   , -   , -   , -   , -   ," 13,076 ",,, -   , -   ,,,,,,," -32,654 ",,,,,,-100%,-100%,-100%,-100%,-100%,-70%,,,-100%,-100%,,,,,,,,,,,,,,,
White Nile,SD09,Ad Diwaim,SD09044,,, 9 , Refugees ,," 30,445 "," 53,193 "," 55,815 "," 5,130 "," 29,599 "," 14,715 "," 16,070 "," 16,914 "," 2,185 "," 86,670 ", -   , -   , -   , -   , -   , -   , -   ,,, -   , -   ,,,,,,,,,,,,,-100%,-100%,-100%,-100%,-100%,-100%,,,-100%,-100%,,,,,,,,,,,,,,,
White Nile,SD09,Um Rimta,SD09045,,, -   , Refugees ,," 41,490 "," 90,614 "," 46,100 "," 13,555 "," 40,338 "," 28,075 "," 21,900 "," 23,050 "," 64,824 "," 84,846 ", -   , -   , -   , -   , -   , -   , -   ,,, -   , -   ,,,,,,,,,,,,,-100%,-100%,-100%,-100%,-100%,-100%,,,-100%,-100%,,,,,,,,,,,,,,,
White Nile,SD09,Rabak,SD09046,,, -   , Refugees ,," 23,859 "," 46,897 "," 26,510 "," 7,116 "," 23,196 "," 11,532 "," 6,628 "," 13,255 "," 7,272 "," 37,882 ", -   , -   , -   , -   , -   , -   , -   ,,, -   , -   ,,,,,,,,,,,,,-100%,-100%,-100%,-100%,-100%,-100%,,,-100%,-100%,,,,,,,,,,,,,,,
White Nile,SD09,Kosti,SD09047,,," 55,741 ", Refugees ,," 35,451 "," 69,683 "," 39,390 "," 10,904 "," 34,467 "," 23,989 "," 9,849 "," 19,695 "," 8,031 "," 93,680 ", -   , -   , -   , -   , -   , -   ," 35,689 ",,, -   , -   ,,,,,,," 11,700 ",,,,,,-100%,-100%,-100%,-100%,-100%,50%,,,-100%,-100%,,,,,,,,,,,,,,,
White Nile,SD09,Tendalti,SD09048,,, 2 , Refugees ,, -   , -   , -   , -   , -   , -   , -   , -   , -   , -   , -   , -   , -   , -   , -   , -   , -   ,,, -   , -   ,,,,,,,,,,,,,,,,,,,,,,,,,,,,,,,,,,,,,
White Nile,SD09,As Salam / Ar Rawat,SD09049,,," 236,161 ", Refugees ,," 61,228 "," 173,838 "," 112,251 "," 16,773 "," 59,527 "," 41,431 "," 32,316 "," 34,016 "," 8,372 "," 47,834 ", -   , -   , -   , -   , -   , -   ," 259,529 ",,, -   , -   ,,,,,,," 218,098 ",,,,,,-100%,-100%,-100%,-100%,-100%,530%,,,-100%,-100%,,,,,,,,,,,,,,,
White Nile,SD09,Al Gitaina,SD09050,,, 2 , Refugees ,, -   , -   , -   , -   , -   , -   , -   , -   , -   , -   , -   , -   , -   , -   , -   , -   , -   ,,, -   , -   ,,,,,,,,,,,,,,,,,,,,,,,,,,,,,,,,,,,,,
White Nile,SD09,Aj Jabalain,SD09051,,," 140,397 ", Refugees ,," 35,458 "," 69,697 "," 65,007 "," 11,068 "," 34,473 "," 17,138 "," 9,850 ", -   ," 11,871 "," 91,152 ", -   , -   , -   , -   , -   , -   ," 154,497 ",,, -   , -   ,,,,,,," 137,359 ",,,,,,-100%,-100%,-100%,-100%,-100%,800%,,,-100%,-100%,,,,,,,,,,,,,,,
White Nile,SD09,Guli,SD09052,,, -   , Refugees ,," 13,460 "," 26,456 "," 14,955 "," 8,278 "," 9,347 "," 6,505 "," 3,739 ", -   ," 7,316 "," 39,988 ", -   , -   , -   , -   , -   , -   , -   ,,, -   , -   ,,,,,,,,,,,,,-100%,-100%,-100%,-100%,-100%,-100%,,,-100%,-100%,,,,,,,,,,,,,,,
Red Sea,SD10,Dordieb,SD10063,,, -   , Refugees ,," 17,180 "," 18,760 "," 19,089 "," 8,213 "," 16,703 "," 11,625 "," 9,069 "," 9,544 "," 12,957 "," 23,566 ", -   , -   , -   , -   , -   , -   , -   ,,, -   , -   ,,,,,,,,,,,,,-100%,-100%,-100%,-100%,-100%,-100%,,,-100%,-100%,,,,,,,,,,,,,,,
Red Sea,SD10,Port Sudan,SD10064,,," 17,672 ", Refugees ,," 38,856 "," 76,376 "," 43,174 "," 26,753 "," 26,984 "," 26,293 "," 10,794 ", -   , -   ," 159,743 ", -   , -   , -   , -   , -   , -   ," 20,648 ",,, -   , -   ,,,,,,," -5,645 ",,,,,,-100%,-100%,-100%,-100%,-100%,-20%,,,,-100%,,,,,,,,,,,,,,,
Red Sea,SD10,Tawkar,SD10065,,, 28 , Refugees ,," 5,903 "," 12,892 "," 6,559 "," 5,266 "," 4,099 "," 2,853 "," 1,640 ", -   , 231 ," 27,828 ", -   , -   , -   , -   , -   , -   , -   ,,, -   , -   ,,,,,,,,,,,,,-100%,-100%,-100%,-100%,-100%,-100%,,,-100%,-100%,,,,,,,,,,,,,,,
Red Sea,SD10,Hala'ib,SD10066,,, -   , Refugees ,," 23,140 "," 50,537 "," 25,711 "," 12,843 "," 16,069 "," 11,184 "," 6,429 ", -   ," 31,882 "," 71,148 ", -   , -   , -   , -   , -   , -   , -   ,,, -   , -   ,,,,,,,,,,,,,-100%,-100%,-100%,-100%,-100%,-100%,,,-100%,-100%,,,,,,,,,,,,,,,
Red Sea,SD10,Jubayt Elma'aadin,SD10067,,, -   , Refugees ,," 5,735 "," 15,655 "," 19,912 "," 5,845 "," 12,445 "," 12,126 "," 4,979 ", -   ," 1,511 "," 65,731 ", -   , -   , -   , -   , -   , -   , -   ,,, -   , -   ,,,,,,,,,,,,,-100%,-100%,-100%,-100%,-100%,-100%,,,-100%,-100%,,,,,,,,,,,,,,,
Red Sea,SD10,Sawakin,SD10068,,, 986 , Refugees ,," 27,372 "," 59,780 "," 50,182 "," 14,859 "," 19,008 "," 13,230 "," 7,604 ", -   ," 5,167 "," 76,110 ", -   , -   , -   , -   , -   , -   ," 1,091 ",,, -   , -   ,,,,,,," -12,139 ",,,,,,-100%,-100%,-100%,-100%,-100%,-90%,,,-100%,-100%,,,,,,,,,,,,,,,
Red Sea,SD10,Al Ganab,SD10069,,, -   , Refugees ,," 63,189 "," 96,602 "," 115,846 "," 42,859 "," 43,881 "," 30,541 "," 17,553 ", -   ," 26,640 "," 189,196 ", -   , -   , -   , -   , -   , -   , -   ,,, -   , -   ,,,,,,,,,,,,,-100%,-100%,-100%,-100%,-100%,-100%,,,-100%,-100%,,,,,,,,,,,,,,,
Red Sea,SD10,Haya,SD10070,,, -   , Refugees ,," 39,859 "," 78,347 "," 73,076 "," 24,656 "," 27,680 "," 26,971 "," 11,073 ", -   , -   ," 113,380 ", -   , -   , -   , -   , -   , -   , -   ,,, -   , -   ,,,,,,,,,,,,,-100%,-100%,-100%,-100%,-100%,-100%,,,,-100%,,,,,,,,,,,,,,,
Red Sea,SD10,Sinkat,SD10071,,, 67 , Refugees ,," 18,477 "," 44,388 "," 20,530 "," 9,626 "," 12,831 "," 8,930 "," 5,133 ", -   ," 21,757 "," 73,484 ", -   , -   , -   , -   , -   , -   , -   ,,, -   , -   ,,,,,,,,,,,,,-100%,-100%,-100%,-100%,-100%,-100%,,,-100%,-100%,,,,,,,,,,,,,,,
Red Sea,SD10,Agig,SD10072,,, -   , Refugees ,," 44,468 "," 87,406 "," 49,409 "," 9,300 "," 43,233 "," 30,090 "," 23,471 ", -   ," 16,302 "," 81,034 ", -   , -   , -   , -   , -   , -   , -   ,,, -   , -   ,,,,,,,,,,,,,-100%,-100%,-100%,-100%,-100%,-100%,,,-100%,-100%,,,,,,,,,,,,,,,
Kassala,SD11,Halfa Aj Jadeedah,SD11052,,," 1,211 ", Refugees ,," 43,627 "," 85,753 "," 48,475 "," 22,954 "," 42,415 "," 29,521 "," 12,119 "," 24,237 "," 22,792 "," 169,169 ", -   , -   , -   , -   , -   , -   , -   ,,, -   , -   ,,,,,,,,,,,,,-100%,-100%,-100%,-100%,-100%,-100%,,,-100%,-100%,,,,,,,,,,,,,,,
Kassala,SD11,Madeinat Kassala,SD11053,,," 19,551 ", Refugees ,," 21,136 "," 36,929 "," 23,485 "," 12,000 "," 14,678 "," 10,216 "," 5,872 ", -   ," 5,259 "," 61,871 ", -   , -   , -   , -   , -   , -   ," 5,900 ",,, -   , -   ,,,,,,," -4,316 ",,,,,,-100%,-100%,-100%,-100%,-100%,-40%,,,-100%,-100%,,,,,,,,,,,,,,,
Kassala,SD11,Reifi Gharb Kassala,SD11054,,, -   , Refugees ,," 25,159 "," 54,947 "," 27,954 "," 18,437 "," 17,471 "," 17,025 "," 6,989 ", -   ," 2,233 "," 103,431 ", -   , -   , -   , -   , -   , -   , -   ,,, -   , -   ,,,,,,,,,,,,,-100%,-100%,-100%,-100%,-100%,-100%,,,-100%,-100%,,,,,,,,,,,,,,,
Kassala,SD11,Reifi Aroma,SD11055,,, 10 , Refugees ,," 36,779 "," 80,325 "," 40,866 "," 20,016 "," 25,541 "," 17,777 "," 10,218 ", -   ," 26,783 "," 96,393 ", -   , -   , -   , -   , -   , -   , -   ,,, -   , -   ,,,,,,,,,,,,,-100%,-100%,-100%,-100%,-100%,-100%,,,-100%,-100%,,,,,,,,,,,,,,,
Kassala,SD11,Reifi Kassla,SD11056,,," 3,390 ", Refugees ,," 21,515 "," 51,687 "," 23,906 "," 11,483 "," 14,941 "," 14,558 "," 5,978 ", -   , -   ," 62,017 ", -   , -   , -   , -   , -   , -   ," 20,404 ",,, -   , -   ,,,,,,," 5,846 ",,,,,,-100%,-100%,-100%,-100%,-100%,40%,,,,-100%,,,,,,,,,,,,,,,
Kassala,SD11,Reifi Shamal Ad Delta,SD11057,,, -   , Refugees ,," 48,192 "," 146,861 "," 102,734 "," 40,248 "," 38,915 "," 37,919 "," 29,577 ", -   ," 7,208 "," 167,442 ", -   , -   , -   , -   , -   , -   , -   ,,, -   , -   ,,,,,,,,,,,,,-100%,-100%,-100%,-100%,-100%,-100%,,,-100%,-100%,,,,,,,,,,,,,,,
Kassala,SD11,Reifi Hamashkureib,SD11058,,, -   , Refugees ,," 62,190 "," 135,823 "," 69,100 "," 43,829 "," 43,188 "," 42,082 "," 32,825 ", -   , -   ," 159,720 ", -   , -   , -   , -   , -   , -   , -   ,,, -   , -   ,,,,,,,,,,,,,-100%,-100%,-100%,-100%,-100%,-100%,,,,-100%,,,,,,,,,,,,,,,
Kassala,SD11,Reifi Telkok,SD11059,,, -   , Refugees ,," 17,858 "," 35,101 "," 19,842 "," 12,827 "," 12,401 "," 12,084 "," 4,962 "," 9,921 ", 729 ," 41,833 ", -   , -   , -   , -   , -   , -   , -   ,,, -   , -   ,,,,,,,,,,,,,-100%,-100%,-100%,-100%,-100%,-100%,,,-100%,-100%,,,,,,,,,,,,,,,
Kassala,SD11,Reifi Khashm Elgirba,SD11060,,," 18,530 ", Refugees ,, -   , -   , -   , -   , -   , -   , -   , -   , -   , -   , -   , -   , -   , -   , -   , -   ," 18,235 ",,, -   , -   ,,,,,,,,,,,,,,,,,,,,,,,,,,,,,,,,,,,,,
Kassala,SD11,Reifi Wad Elhilaiw,SD11061,,," 86,947 ", Refugees ,," 35,843 "," 62,625 "," 39,826 "," 7,721 "," 24,891 "," 24,254 "," 18,918 ", -   ," 37,375 "," 108,127 ", -   , -   , -   , -   , -   , -   ," 71,935 ",,, -   , -   ,,,,,,," 47,681 ",,,,,,-100%,-100%,-100%,-100%,-100%,200%,,,-100%,-100%,,,,,,,,,,,,,,,
Kassala,SD11,Reifi Nahr Atbara,SD11062,,, -   , Refugees ,," 13,049 "," 36,773 "," 23,385 "," 8,398 "," 20,462 "," 14,242 "," 5,848 "," 11,693 ", -   ," 86,525 ", -   , -   , -   , -   , -   , -   , -   ,,, -   , -   ,,,,,,,,,,,,,-100%,-100%,-100%,-100%,-100%,-100%,,,,-100%,,,,,,,,,,,,,,,
Gedaref,SD12,Al Butanah,SD12073,,, -   , Refugees ,," 48,774 "," 74,565 "," 54,193 "," 26,944 "," 33,871 "," 33,004 "," 13,549 "," 27,096 ", -   ," 130,233 ", -   , -   , -   , -   , -   , -   , -   ,,, -   , -   ,,,,,,,,,,,,,-100%,-100%,-100%,-100%,-100%,-100%,,,,-100%,,,,,,,,,,,,,,,
Gedaref,SD12,Al Fao,SD12074,,, 6 , Refugees ,, -   , -   , -   , -   , -   , -   , -   , -   , -   , -   , -   , -   , -   , -   , -   , -   , -   ,,, -   , -   ,,,,,,,,,,,,,,,,,,,,,,,,,,,,,,,,,,,,,
Gedaref,SD12,Al Fashaga,SD12075,,," 16,266 ", Refugees ,," 19,315 "," 37,966 "," 35,412 "," 8,867 "," 13,414 "," 13,070 "," 5,367 ", -   ," 2,308 "," 42,350 ", -   , -   , -   , -   , -   , -   ," 21,132 ",,, -   , -   ,,,,,,," 8,062 ",,,,,,-100%,-100%,-100%,-100%,-100%,60%,,,-100%,-100%,,,,,,,,,,,,,,,
Gedaref,SD12,Al Qureisha,SD12076,,, -   , Refugees ,," 5,847 "," 11,492 "," 6,496 "," 2,847 "," 5,684 "," 3,956 "," 3,088 "," 3,248 "," 5,100 "," 16,721 ", -   , -   , -   , -   , -   , -   , -   ,,, -   , -   ,,,,,,,,,,,,,-100%,-100%,-100%,-100%,-100%,-100%,,,-100%,-100%,,,,,,,,,,,,,,,
Gedaref,SD12,Basundah,SD12077,,," 1,433 ", Refugees ,," 28,546 "," 56,109 "," 52,334 "," 14,289 "," 27,753 "," 19,316 "," 15,067 "," 15,859 "," 1,224 "," 110,889 ", -   , -   , -   , -   , -   , -   ," 2,513 ",,, -   , -   ,,,,,,," -16,803 ",,,,,,-100%,-100%,-100%,-100%,-100%,-90%,,,-100%,-100%,,,,,,,,,,,,,,,
Gedaref,SD12,Al Galabat Al Gharbyah - Kassab,SD12078,,, -   , Refugees ,," 20,968 "," 36,635 "," 23,297 "," 3,320 "," 20,385 "," 14,188 "," 5,825 ", -   ," 13,458 "," 57,065 ", -   , -   , -   , -   , -   , -   , -   ,,, -   , -   ,,,,,,,,,,,,,-100%,-100%,-100%,-100%,-100%,-100%,,,-100%,-100%,,,,,,,,,,,,,,,
Gedaref,SD12,Gala'a Al Nahal,SD12079,,, -   , Refugees ,," 71,282 "," 124,543 "," 79,202 "," 45,408 "," 69,302 "," 48,234 "," 37,623 "," 39,601 "," 8,941 "," 141,955 ", -   , -   , -   , -   , -   , -   , -   ,,, -   , -   ,,,,,,,,,,,,,-100%,-100%,-100%,-100%,-100%,-100%,,,-100%,-100%,,,,,,,,,,,,,,,
Gedaref,SD12,Madeinat Al Gedaref,SD12080,,, 2 , Refugees ,," 31,946 "," 55,815 "," 35,495 "," 11,464 "," 31,058 "," 21,617 "," 8,875 ", -   ," 13,782 "," 59,779 ", -   , -   , -   , -   , -   , -   , -   ,,, -   , -   ,,,,,,,,,,,,,-100%,-100%,-100%,-100%,-100%,-100%,,,-100%,-100%,,,,,,,,,,,,,,,
Gedaref,SD12,Wasat Al Gedaref,SD12081,,," 6,590 ", Refugees ,, -   , -   , -   , -   , -   , -   , -   , -   , -   , -   , -   , -   , -   , -   , -   , -   ," 4,142 ",,, -   , -   ,,,,,,,,,,,,,,,,,,,,,,,,,,,,,,,,,,,,,
Gedaref,SD12,Al Mafaza,SD12082,,," 22,846 ", Refugees ,," 24,379 "," 42,594 "," 27,087 "," 10,441 "," 23,701 "," 16,496 "," 12,869 ", -   , -   ," 59,414 ", -   , -   , -   , -   , -   , -   ," 22,913 ",,, -   , -   ,,,,,,," 6,417 ",,,,,,-100%,-100%,-100%,-100%,-100%,40%,,,,-100%,,,,,,,,,,,,,,,
Gedaref,SD12,Galabat Ash-Shargiah,SD12083,,," 17,030 ", Refugees ,," 36,575 "," 55,915 "," 40,639 "," 7,115 "," 35,559 "," 24,749 "," 19,304 ", -   ," 4,948 "," 88,614 ", -   , -   , -   , -   , -   , -   ," 18,700 ",,, -   , -   ,,,,,,," -6,049 ",,,,,,-100%,-100%,-100%,-100%,-100%,-20%,,,-100%,-100%,,,,,,,,,,,,,,,
Gedaref,SD12,Ar Rahad,SD12084,,, -   , Refugees ,," 93,847 "," 204,962 "," 172,053 "," 32,032 "," 91,240 "," 63,503 "," 49,533 "," 52,137 "," 3,043 "," 242,422 ", -   , -   , -   , -   , -   , -   , -   ,,, -   , -   ,,,,,,,,,,,,,-100%,-100%,-100%,-100%,-100%,-100%,,,-100%,-100%,,,,,,,,,,,,,,,
North Kordofan,SD13,Um Rawaba,SD13023,,, 971 , Refugees ,," 140,800 "," 369,007 "," 258,133 "," 46,635 "," 136,889 "," 95,274 "," 74,313 "," 195,556 "," 78,126 "," 230,193 ", -   , -   , -   , -   , -   , -   , 836 ,,, -   , -   ,,,,,,," -94,438 ",,,,,,-100%,-100%,-100%,-100%,-100%,-100%,,,-100%,-100%,,,,,,,,,,,,,,,
North Kordofan,SD13,Sheikan,SD13024,,," 10,973 ", Refugees ,," 75,350 "," 148,107 "," 83,722 "," 25,275 "," 52,326 "," 36,419 "," 39,770 "," 41,861 ", -   ," 218,045 ", -   , -   , -   , -   , -   , -   ," 12,361 ",,, -   , -   ,,,,,,," -24,058 ",,,,,,-100%,-100%,-100%,-100%,-100%,-70%,,,,-100%,,,,,,,,,,,,,,,
North Kordofan,SD13,Soudari,SD13025,,, -   , Refugees ,," 48,758 "," 117,135 "," 89,389 "," 17,811 "," 47,403 "," 32,992 "," 25,735 "," 27,088 "," 3,499 "," 129,657 ", -   , -   , -   , -   , -   , -   , -   ,,, -   , -   ,,,,,,,,,,,,,-100%,-100%,-100%,-100%,-100%,-100%,,,-100%,-100%,,,,,,,,,,,,,,,
North Kordofan,SD13,Bara,SD13026,,, -   , Refugees ,," 61,705 "," 121,288 "," 113,127 "," 20,576 "," 42,851 "," 41,754 "," 32,569 "," 34,281 ", -   ," 163,412 ", -   , -   , -   , -   , -   , -   , -   ,,, -   , -   ,,,,,,,,,,,,,-100%,-100%,-100%,-100%,-100%,-100%,,,,-100%,,,,,,,,,,,,,,,
North Kordofan,SD13,Gebrat Al Sheikh,SD13027,,, -   , Refugees ,," 37,749 "," 90,687 "," 69,206 "," 16,014 "," 26,215 "," 18,245 "," 19,925 "," 20,972 "," 2,690 "," 105,561 ", -   , -   , -   , -   , -   , -   , -   ,,, -   , -   ,,,,,,,,,,,,,-100%,-100%,-100%,-100%,-100%,-100%,,,-100%,-100%,,,,,,,,,,,,,,,
North Kordofan,SD13,Um Dam Haj Ahmed,SD13028,,, -   , Refugees ,," 50,538 "," 121,412 "," 92,653 "," 22,839 "," 35,096 "," 24,427 "," 26,675 ", -   ," 6,957 "," 105,748 ", -   , -   , -   , -   , -   , -   , -   ,,, -   , -   ,,,,,,,,,,,,,-100%,-100%,-100%,-100%,-100%,-100%,,,-100%,-100%,,,,,,,,,,,,,,,
North Kordofan,SD13,Gharb Bara,SD13029,,, -   , Refugees ,," 35,567 "," 77,678 "," 98,798 "," 13,875 "," 34,579 "," 24,067 "," 37,544 ", -   ," 12,583 "," 88,283 ", -   , -   , -   , -   , -   , -   , -   ,,, -   , -   ,,,,,,,,,,,,,-100%,-100%,-100%,-100%,-100%,-100%,,,-100%,-100%,,,,,,,,,,,,,,,
North Kordofan,SD13,Ar Rahad,SD13030,,," 1,193 ", Refugees ,," 27,384 "," 53,825 "," 30,426 "," 9,316 "," 26,623 "," 18,530 "," 14,453 "," 15,213 "," 6,927 "," 112,149 ", -   , -   , -   , -   , -   , -   ," 1,320 ",,, -   , -   ,,,,,,," -17,210 ",,,,,,-100%,-100%,-100%,-100%,-100%,-90%,,,-100%,-100%,,,,,,,,,,,,,,,
Sennar,SD14,Abu Hujar,SD14037,,, -   , Refugees ,," 49,236 "," 150,542 "," 90,265 "," 14,206 "," 47,868 "," 33,316 "," 25,986 "," 68,383 "," 49,818 "," 65,591 ", -   , -   , -   , -   , -   , -   , -   ,,, -   , -   ,,,,,,,,,,,,,-100%,-100%,-100%,-100%,-100%,-100%,,,-100%,-100%,,,,,,,,,,,,,,,
Sennar,SD14,Sennar,SD14038,,, 27 , Refugees ,," 6,554 "," 18,833 "," 15,810 "," 3,635 "," 8,384 "," 5,835 "," 4,553 "," 4,791 "," 4,363 "," 24,545 ", -   , -   , -   , -   , -   , -   , -   ,,, -   , -   ,,,,,,,,,,,,,-100%,-100%,-100%,-100%,-100%,-100%,,,-100%,-100%,,,,,,,,,,,,,,,
Sennar,SD14,Ad Dali,SD14039,,, -   , Refugees ,," 41,192 "," 107,956 "," 45,769 "," 14,191 "," 40,048 "," 27,874 "," 21,742 "," 22,885 "," 20,840 "," 108,424 ", -   , -   , -   , -   , -   , -   , -   ,,, -   , -   ,,,,,,,,,,,,,-100%,-100%,-100%,-100%,-100%,-100%,,,-100%,-100%,,,,,,,,,,,,,,,
Sennar,SD14,Ad Dinder,SD14040,,," 2,916 ", Refugees ,," 46,056 "," 110,644 "," 51,173 "," 20,340 "," 44,776 "," 31,164 "," 24,308 "," 25,587 "," 23,301 "," 84,796 ", -   , -   , -   , -   , -   , -   ," 2,141 ",,, -   , -   ,,,,,,," -29,023 ",,,,,,-100%,-100%,-100%,-100%,-100%,-90%,,,-100%,-100%,,,,,,,,,,,,,,,
Sennar,SD14,As Suki,SD14041,,, -   , Refugees ,," 41,392 "," 130,843 "," 99,850 "," 25,878 "," 52,951 "," 36,853 "," 28,747 "," 30,258 "," 27,554 "," 194,283 ", -   , -   , -   , -   , -   , -   , -   ,,, -   , -   ,,,,,,,,,,,,,-100%,-100%,-100%,-100%,-100%,-100%,,,-100%,-100%,,,,,,,,,,,,,,,
Sennar,SD14,Sharg Sennar,SD14042,,, -   , Refugees ,," 29,907 "," 71,848 "," 33,230 "," 9,101 "," 29,076 "," 20,237 "," 15,786 "," 16,615 "," 15,130 "," 44,655 ", -   , -   , -   , -   , -   , -   , -   ,,, -   , -   ,,,,,,,,,,,,,-100%,-100%,-100%,-100%,-100%,-100%,,,-100%,-100%,,,,,,,,,,,,,,,
Sennar,SD14,Sinja,SD14043,,, -   , Refugees ,," 38,672 "," 109,796 "," 70,898 "," 14,039 "," 37,598 "," 26,168 "," 20,412 "," 53,711 "," 58,694 "," 97,984 ", -   , -   , -   , -   , -   , -   , -   ,,, -   , -   ,,,,,,,,,,,,,-100%,-100%,-100%,-100%,-100%,-100%,,,-100%,-100%,,,,,,,,,,,,,,,
Aj Jazirah,SD15,Medani Al Kubra,SD15030,,, 113 , Refugees ,," 135,752 "," 385,425 "," 248,878 "," 46,676 "," 131,981 "," 91,859 "," 71,649 "," 188,544 "," 171,697 "," 229,538 ", -   , -   , -   , -   , -   , -   , -   ,,, -   , -   ,,,,,,,,,,,,,-100%,-100%,-100%,-100%,-100%,-100%,,,-100%,-100%,,,,,,,,,,,,,,,
Aj Jazirah,SD15,Janub Aj Jazirah,SD15031,,, -   , Refugees ,," 53,219 "," 151,099 "," 59,132 "," 24,900 "," 51,741 "," 36,011 "," 28,089 "," 29,566 "," 67,311 "," 114,821 ", -   , -   , -   , -   , -   , -   , -   ,,, -   , -   ,,,,,,,,,,,,,-100%,-100%,-100%,-100%,-100%,-100%,,,-100%,-100%,,,,,,,,,,,,,,,
Aj Jazirah,SD15,Um Algura,SD15032,,, 12 , Refugees ,," 107,900 "," 306,348 "," 197,817 "," 41,953 "," 104,903 "," 73,012 "," 56,949 "," 59,944 "," 136,471 "," 153,952 ", -   , -   , -   , -   , -   , -   , -   ,,, -   , -   ,,,,,,,,,,,,,-100%,-100%,-100%,-100%,-100%,-100%,,,-100%,-100%,,,,,,,,,,,,,,,
Aj Jazirah,SD15,Sharg Aj Jazirah,SD15033,,, 135 , Refugees ,," 142,332 "," 404,107 "," 260,942 "," 60,531 "," 138,378 "," 96,312 "," 75,120 "," 79,073 "," 180,020 "," 316,440 ", -   , -   , -   , -   , -   , -   , -   ,,, -   , -   ,,,,,,,,,,,,,-100%,-100%,-100%,-100%,-100%,-100%,,,-100%,-100%,,,,,,,,,,,,,,,
Aj Jazirah,SD15,Al Hasahisa,SD15034,,," 5,887 ", Refugees ,," 94,470 "," 268,218 "," 104,967 "," 27,099 "," 91,846 "," 63,925 "," 49,860 "," 52,483 "," 119,484 "," 237,650 ", -   , -   , -   , -   , -   , -   ," 1,741 ",,, -   , -   ,,,,,,," -62,184 ",,,,,,-100%,-100%,-100%,-100%,-100%,-100%,,,-100%,-100%,,,,,,,,,,,,,,,
Aj Jazirah,SD15,Al Kamlin,SD15035,,, -   , Refugees ,," 130,579 "," 313,701 "," 239,395 "," 43,773 "," 126,952 "," 88,359 "," 68,919 "," 72,544 "," 49,458 "," 361,490 ", -   , -   , -   , -   , -   , -   , -   ,,, -   , -   ,,,,,,,,,,,,,-100%,-100%,-100%,-100%,-100%,-100%,,,-100%,-100%,,,,,,,,,,,,,,,
Aj Jazirah,SD15,Al Manaqil,SD15036,,," 3,664 ", Refugees ,," 75,457 "," 181,276 "," 83,841 "," 40,014 "," 73,361 "," 51,059 "," 39,827 "," 41,920 "," 19,779 "," 135,323 ", -   , -   , -   , -   , -   , -   , -   ,,, -   , -   ,,,,,,,,,,,,,-100%,-100%,-100%,-100%,-100%,-100%,,,-100%,-100%,,,,,,,,,,,,,,,
Aj Jazirah,SD15,Al Qurashi,SD15037,,, -   , Refugees ,," 15,915 "," 20,855 "," 13,263 "," 9,811 "," 15,473 "," 10,770 "," 4,422 "," 8,842 "," 1,858 "," 38,138 ", -   , -   , -   , -   , -   , -   , -   ,,, -   , -   ,,,,,,,,,,,,,-100%,-100%,-100%,-100%,-100%,-100%,,,-100%,-100%,,,,,,,,,,,,,,,
River Nile,SD16,Abu Hamad,SD16008,,, 417 , Refugees ,," 5,407 "," 7,085 "," 6,008 "," 2,105 "," 5,257 "," 3,659 "," 2,856 "," 3,004 "," 1,109 "," 6,843 ", -   , -   , -   , -   , -   , -   , -   ,,, -   , -   ,,,,,,,,,,,,,-100%,-100%,-100%,-100%,-100%,-100%,,,-100%,-100%,,,,,,,,,,,,,,,
River Nile,SD16,Al Matama,SD16009,,, 89 , Refugees ,, -   , -   , -   , -   , -   , -   , -   , -   , -   , -   , -   , -   , -   , -   , -   , -   , -   ,,, -   , -   ,,,,,,,,,,,,,,,,,,,,,,,,,,,,,,,,,,,,,
River Nile,SD16,Shendi,SD16010,,," 3,198 ", Refugees ,," 23,778 "," 36,352 "," 26,420 "," 9,256 "," 23,118 "," 16,090 "," 12,550 "," 13,210 "," 14,692 "," 50,838 ", -   , -   , -   , -   , -   , -   ," 3,539 ",,, -   , -   ,,,,,,," -12,551 ",,,,,,-100%,-100%,-100%,-100%,-100%,-80%,,,-100%,-100%,,,,,,,,,,,,,,,
River Nile,SD16,Ad Damar,SD16011,,," 1,336 ", Refugees ,," 1,284 "," 1,963 "," 1,427 ", 488 ," 1,248 ", 869 , 680 , 713 , 455 ," 1,675 ", -   , -   , -   , -   , -   , -   , -   ,,, -   , -   ,,,,,,,,,,,,,-100%,-100%,-100%,-100%,-100%,-100%,,,-100%,-100%,,,,,,,,,,,,,,,
River Nile,SD16,Atbara,SD16012,,," 3,022 ", Refugees ,," 22,243 "," 24,289 "," 18,536 "," 8,447 "," 21,625 "," 15,051 "," 6,179 "," 12,357 "," 2,658 "," 59,113 ", -   , -   , -   , -   , -   , -   ," 3,344 ",,, -   , -   ,,,,,,," -11,707 ",,,,,,-100%,-100%,-100%,-100%,-100%,-80%,,,-100%,-100%,,,,,,,,,,,,,,,
River Nile,SD16,Barbar,SD16013,,," 2,729 ", Refugees ,," 5,390 "," 7,063 "," 5,989 "," 3,323 "," 5,240 "," 3,647 "," 1,498 ", -   , 525 ," 11,866 ", -   , -   , -   , -   , -   , -   ," 3,020 ",,, -   , -   ,,,,,,, -627 ,,,,,,-100%,-100%,-100%,-100%,-100%,-20%,,,-100%,-100%,,,,,,,,,,,,,,,
River Nile,SD16,Al Buhaira,SD16014,,, -   , Refugees ,," 2,103 "," 3,214 "," 2,336 ", 355 ," 2,044 "," 1,423 ", 585 ," 1,168 "," 1,788 "," 4,098 ", -   , -   , -   , -   , -   , -   , -   ,,, -   , -   ,,,,,,,,,,,,,-100%,-100%,-100%,-100%,-100%,-100%,,,-100%,-100%,,,,,,,,,,,,,,,
Northern,SD17,Halfa,SD17014,,, 328 , Refugees ,," 4,246 "," 5,564 "," 4,718 "," 2,562 "," 2,949 "," 2,052 "," 2,242 ", -   ," 1,075 "," 10,880 ", -   , -   , -   , -   , -   , -   , 359 ,,, -   , -   ,,,,,,," -1,693 ",,,,,,-100%,-100%,-100%,-100%,-100%,-80%,,,-100%,-100%,,,,,,,,,,,,,,,
Northern,SD17,Delgo,SD17015,,, 76 , Refugees ,," 12,764 "," 16,726 "," 14,182 "," 6,036 "," 8,864 "," 6,169 "," 3,547 ", -   ," 5,010 "," 27,846 ", -   , -   , -   , -   , -   , -   , -   ,,, -   , -   ,,,,,,,,,,,,,-100%,-100%,-100%,-100%,-100%,-100%,,,-100%,-100%,,,,,,,,,,,,,,,
Northern,SD17,Al Burgaig,SD17016,,," 1,034 ", Refugees ,," 28,237 "," 37,001 "," 31,374 "," 14,681 "," 19,609 "," 13,648 "," 14,905 "," 15,687 "," 7,774 "," 37,093 ", -   , -   , -   , -   , -   , -   , -   ,,, -   , -   ,,,,,,,,,,,,,-100%,-100%,-100%,-100%,-100%,-100%,,,-100%,-100%,,,,,,,,,,,,,,,
Northern,SD17,Dongola,SD17017,,," 7,117 ", Refugees ,," 10,886 "," 16,642 "," 12,096 "," 4,998 "," 7,560 "," 5,262 "," 3,025 ", -   ," 3,347 "," 14,141 ", -   , -   , -   , -   , -   , -   ," 7,698 ",,, -   , -   ,,,,,,," 2,436 ",,,,,,-100%,-100%,-100%,-100%,-100%,50%,,,-100%,-100%,,,,,,,,,,,,,,,
Northern,SD17,Al Golid,SD17018,,, 587 , Refugees ,," 27,462 "," 47,981 "," 30,513 "," 9,603 "," 19,071 "," 13,273 "," 7,629 ", -   ," 12,746 "," 57,440 ", -   , -   , -   , -   , -   , -   , -   ,,, -   , -   ,,,,,,,,,,,,,-100%,-100%,-100%,-100%,-100%,-100%,,,-100%,-100%,,,,,,,,,,,,,,,
Northern,SD17,Ad Dabbah,SD17019,,," 1,750 ", Refugees ,," 27,239 "," 47,591 "," 30,265 "," 8,434 "," 18,916 "," 13,166 "," 7,568 "," 15,133 "," 3,018 "," 36,718 ", -   , -   , -   , -   , -   , -   , -   ,,, -   , -   ,,,,,,,,,,,,,-100%,-100%,-100%,-100%,-100%,-100%,,,-100%,-100%,,,,,,,,,,,,,,,
Northern,SD17,Merwoe,SD17020,,, 391 , Refugees ,," 34,005 "," 74,267 "," 62,343 "," 13,635 "," 33,061 "," 23,011 "," 17,949 "," 18,892 "," 11,189 "," 99,656 ", -   , -   , -   , -   , -   , -   , 430 ,,, -   , -   ,,,,,,," -22,581 ",,,,,,-100%,-100%,-100%,-100%,-100%,-100%,,,-100%,-100%,,,,,,,,,,,,,,,
West Kordofan,SD18,Ghubaish,SD18021,,," 5,672 ", Refugees ,," 56,207 "," 135,030 "," 156,130 "," 18,476 "," 54,645 "," 38,033 "," 29,666 "," 31,226 ", -   ," 162,050 ", -   , -   , -   , -   , -   , -   ," 5,039 ",,, -   , -   ,,,,,,," -32,994 ",,,,,,-100%,-100%,-100%,-100%,-100%,-90%,,,,-100%,,,,,,,,,,,,,,,
West Kordofan,SD18,An Nuhud,SD18022,,, -   , Refugees ,," 22,254 "," 58,322 "," 61,816 "," 8,874 "," 21,636 "," 15,059 "," 11,746 "," 12,363 "," 10,069 "," 64,561 ", -   , -   , -   , -   , -   , -   , -   ,,, -   , -   ,,,,,,,,,,,,,-100%,-100%,-100%,-100%,-100%,-100%,,,-100%,-100%,,,,,,,,,,,,,,,
West Kordofan,SD18,Abu Zabad,SD18028,,, 436 , Refugees ,," 38,512 "," 84,110 "," 70,605 "," 13,045 "," 26,744 "," 26,060 "," 10,699 "," 21,396 "," 6,388 "," 144,093 ", -   , -   , -   , -   , -   , -   , -   ,,, -   , -   ,,,,,,,,,,,,,-100%,-100%,-100%,-100%,-100%,-100%,,,-100%,-100%,,,,,,,,,,,,,,,
West Kordofan,SD18,Wad Bandah,SD18029,,, 3 , Refugees ,," 14,299 "," 34,350 "," 15,887 "," 4,276 "," 9,930 "," 9,675 "," 3,973 "," 7,944 "," 6,631 "," 15,137 ", -   , -   , -   , -   , -   , -   , -   ,,, -   , -   ,,,,,,,,,,,,,-100%,-100%,-100%,-100%,-100%,-100%,,,-100%,-100%,,,,,,,,,,,,,,,
West Kordofan,SD18,Keilak,SD18085,,," 6,420 ", Refugees ,," 28,117 "," 67,548 "," 51,548 "," 6,586 "," 27,336 "," 19,025 "," 14,842 "," 15,621 "," 4,310 "," 45,874 ", -   , -   , -   , -   , -   , -   ," 6,336 ",,, -   , -   ,,,,,,," -12,689 ",,,,,,-100%,-100%,-100%,-100%,-100%,-70%,,,-100%,-100%,,,,,,,,,,,,,,,
West Kordofan,SD18,As Salam - WK,SD18086,,," 1,922 ", Refugees ,, -   , -   , -   , -   , -   , -   , -   , -   , -   , -   , -   , -   , -   , -   , -   , -   ," 1,995 ",,, -   , -   ,,,,,,,,,,,,,,,,,,,,,,,,,,,,,,,,,,,,,
West Kordofan,SD18,Abyei,SD18087,,," 1,279 ", Refugees ,," 42,408 "," 83,356 "," 47,120 "," 15,844 "," 29,450 "," 28,696 "," 11,780 "," 23,560 "," 12,515 "," 129,729 ", -   , -   , -   , -   , -   , -   , -   ,,, -   , -   ,,,,,,,,,,,,,-100%,-100%,-100%,-100%,-100%,-100%,,,-100%,-100%,,,,,,,,,,,,,,,
West Kordofan,SD18,As Sunut,SD18092,,, -   , Refugees ,, 249 , 761 , 456 , 132 , 242 , 168 , 70 , 346 , 10 , 685 , -   , -   , -   , -   , -   , -   , -   ,,, -   , -   ,,,,,,,,,,,,,-100%,-100%,-100%,-100%,-100%,-100%,,,-100%,-100%,,,,,,,,,,,,,,,
West Kordofan,SD18,Babanusa,SD18100,,," 4,340 ", Refugees ,," 19,368 "," 54,989 "," 35,508 "," 6,214 "," 18,830 "," 13,106 "," 10,222 "," 10,760 "," 15,890 "," 57,738 ", -   , -   , -   , -   , -   , -   , -   ,,, -   , -   ,,,,,,,,,,,,,-100%,-100%,-100%,-100%,-100%,-100%,,,-100%,-100%,,,,,,,,,,,,,,,
West Kordofan,SD18,Al Lagowa,SD18102,,, 2 , Refugees ,," 13,010 "," 34,096 "," 23,851 "," 11,062 "," 12,648 "," 8,803 "," 3,615 ", -   , 544 ," 34,220 ", -   , -   , -   , -   , -   , -   , -   ,,, -   , -   ,,,,,,,,,,,,,-100%,-100%,-100%,-100%,-100%,-100%,,,-100%,-100%,,,,,,,,,,,,,,,
West Kordofan,SD18,Al Dibab,SD18103,,, -   , Refugees ,," 40,647 "," 106,527 "," 112,908 "," 15,447 "," 39,518 "," 27,504 "," 21,454 "," 22,582 "," 8,885 "," 115,298 ", -   , -   , -   , -   , -   , -   , -   ,,, -   , -   ,,,,,,,,,,,,,-100%,-100%,-100%,-100%,-100%,-100%,,,-100%,-100%,,,,,,,,,,,,,,,
West Kordofan,SD18,Al Idia,SD18104,,," 2,490 ", Refugees ,," 25,683 "," 56,092 "," 47,086 "," 8,788 "," 17,836 "," 17,379 "," 7,135 "," 14,269 ", -   ," 72,246 ", -   , -   , -   , -   , -   , -   ," 2,379 ",,, -   , -   ,,,,,,," -15,000 ",,,,,,-100%,-100%,-100%,-100%,-100%,-90%,,,,-100%,,,,,,,,,,,,,,,
West Kordofan,SD18,Al Khiwai,SD18105,,, -   , Refugees ,," 8,326 "," 21,820 "," 23,128 "," 6,078 "," 5,782 "," 5,634 "," 2,314 "," 4,626 "," 3,133 "," 25,329 ", -   , -   , -   , -   , -   , -   , -   ,,, -   , -   ,,,,,,,,,,,,,-100%,-100%,-100%,-100%,-100%,-100%,,,-100%,-100%,,,,,,,,,,,,,,,
West Kordofan,SD18,Al Meiram,SD18106,,," 8,395 ", Refugees ,,,,,,,,,,,, -   , -   , -   , -   , -   , -   ," 7,577 ",,, -   , -   ,,,,,,,,,,,,,,,,,,,,,,,,,,,,,,,,,,,,,