Reporting Month,State,Locality,Cluster Name,Org name,Org acronym,Org type
2026-06,Khartoum,Bahri,Health,Medical Teams International,MTI,INGO
2026-06,Khartoum,Um Bada,Nutrition,Medical Teams International,MTI,INGO
2026-06,Northern,Dongola,Nutrition,Building Foundation for Development,BFD,NNGO
2026-06,White Nile,Aj Jabalain,Nutrition,Plan International,PI,INGO
2026-06,Blue Nile,Geisan,Nutrition,Save the Children International,SCI,INGO
2026-06,East Darfur,Abu Karinka,Health,WE ARE ALIGHT,ALIGHT,INGO
2026-06,South Darfur,Beliel,Health,WE ARE ALIGHT,ALIGHT,INGO
2026-06,Gedaref,Gala'a Al Nahal,Health,Save the Children International,SCI,INGO
2026-06,Khartoum,Um Durman,Health,Sudanese American Physicians Association,SAPA,INGO
2026-06,Aj Jazirah,Medani Al Kubra,Food Security and Livelihoods,Addition for Disasters assistance and Development,ADD,NNGO
2026-06,Central Darfur,Azum,Health,World Relief,WR,INGO
2026-06,North Darfur,Tawila,Education,Norwegian Refugee Council,NRC,INGO
2026-06,River Nile,Abu Hamad,Nutrition,Building Foundation for Development,BFD,NNGO
2026-06,Aj Jazirah,Al Kamlin,Nutrition,Muslim Aid Sudan,MAS,INGO
2026-06,North Darfur,Al Lait,Multi-Purpose Cash,Welthungerhilfe,WHH,INGO
2026-06,North Kordofan,Ar Rahad-NK,Multi-Purpose Cash,MERCY CORPS,MC,INGO
2026-06,East Darfur,Yassin,Nutrition,WE ARE ALIGHT,ALIGHT,INGO
2026-06,Central Darfur,Zalingi,Nutrition,World Relief,WR,INGO
2026-06,South Darfur,Mershing,Protection,IAS/LM International,IAS/LMI,INGO
2026-06,Sennar,Sennar,Health,Pan Health Care Organization,PHCO,NNGO
2026-06,West Darfur,Ag Geneina,Refugee Consultative Forum,World Food Programme,WFP,UN Agency
2026-06,Blue Nile,Ar Rusayris,Nutrition,International Rescue Committee,IRC,INGO
2026-06,Central Darfur,Mukjar,Food Security and Livelihoods,Trust for Rehabilitation and Development Organization,TDO,NNGO
2026-06,Kassala,Halfa Aj Jadeedah,Health,Building Resilience Development Organization,BRDO,NNGO
2026-06,North Darfur,Kutum,Health,Goal Global,GOAL,INGO
2026-06,Gedaref,Wasat Al Gedaref,Health,WE ARE ALIGHT,ALIGHT,INGO
2026-06,River Nile,Atbara,Health,Building Foundation for Development,BFD,NNGO
2026-06,Aj Jazirah,Medani Al Kubra,Nutrition,Muslim Aid Sudan,MAS,INGO
2026-06,Kassala,Reifi Khashm Elgirba,Protection,Plan International,PI,INGO
2026-06,West Kordofan,An Nuhud,Protection,United Nations Children's Fund,UNICEF,UN Agency
2026-06,Sennar,Sennar,Nutrition,Pan Health Care Organization,PHCO,NNGO
2026-06,Northern,Al Golid,Health,Auttash Organization for Peace and Development,AUTASH,NNGO
2026-06,East Darfur,Abu Karinka,Nutrition,WE ARE ALIGHT,ALIGHT,INGO
2026-06,Aj Jazirah,Medani Al Kubra,Health,WE ARE ALIGHT,ALIGHT,INGO
2026-06,South Darfur,As Salam - SD,Nutrition,WE ARE ALIGHT,ALIGHT,INGO
2026-06,Blue Nile,Ed Damazine,Health,Pan Health Care Organization,PHCO,NNGO
2026-06,South Darfur,Nyala Janoub,Health,CARE International in Sudan,CARE,INGO
2026-06,River Nile,Barbar,Health,Building Foundation for Development,BFD,NNGO
2026-06,Gedaref,Wasat Al Gedaref,Nutrition,WE ARE ALIGHT,ALIGHT,INGO
2026-06,North Darfur,Kernoi,Nutrition,"Aljuzur Organization for Peace, Rehabilitation and Development",JPRD,NNGO
2026-06,Northern,Ad Dabbah,Health,Auttash Organization for Peace and Development,AUTASH,NNGO
2026-06,Khartoum,Khartoum,Health,Relief International,RI,INGO
2026-06,River Nile,Ad Damar,Food Security and Livelihoods,World Food Programme,WFP,UN Agency
2026-06,East Darfur,Ad Du'ayn,Health,CARE International in Sudan,CARE,INGO
2026-06,East Darfur,Yassin,Health,Catholic Relief Services,CRS,INGO
2026-06,North Darfur,Al Fasher,Education,Alnahda Organization For Peace And Development,AlNahda,NNGO
2026-06,Gedaref,Al Fao,Education,Al-Sadagat organization,Al-SO,NNGO
2026-06,South Kordofan,Abu Jubayhah,Nutrition,Save the Children International,SCI,INGO
2026-06,Red Sea,Port Sudan,Health,Sudanese American Physicians Association,SAPA,INGO
2026-06,East Darfur,Adila,Health,WE ARE ALIGHT,ALIGHT,INGO
2026-06,River Nile,Al Matama,Nutrition,Building Foundation for Development,BFD,NNGO
2026-06,East Darfur,Bahr Al Arab,Health,CARE International in Sudan,CARE,INGO
2026-06,Blue Nile,Baw,Food Security and Livelihoods,World Relief,WR,INGO
2026-06,River Nile,Al Buhaira,Protection,National Planning Organization,NPO,NNGO
2026-06,Aj Jazirah,Sharg Al Jazirah,Health,Building Foundation Development/Benna,BFD/B,INGO
2026-06,Northern,Al Golid,Health,Building Foundation for Development,BFD,NNGO
2026-06,Northern,Merwoe,Health,Building Foundation for Development,BFD,NNGO
2026-06,Aj Jazirah,Sharg Al Jazirah,Health,Relief International,RI,INGO
2026-06,North Darfur,Melit,Health,Relief International,RI,INGO
2026-06,West Darfur,Ag Geneina,Nutrition,Catholic Relief Services,CRS,INGO
2026-06,Central Darfur,Um Dukhun,Health,World Relief,WR,INGO
2026-06,East Darfur,Ad Du'ayn,Nutrition,Catholic Relief Services,CRS,INGO
2026-06,Kassala,Reifi Wad Elhilaiw,Protection,JASMAR Human Security Organization,JHSO,NNGO
2026-06,North Kordofan,Um Rawaba,Protection,JASMAR Human Security Organization,JHSO,NNGO
2026-06,Central Darfur,Wasat Jabal Marrah,Nutrition,Catholic Relief Services,CRS,INGO
2026-06,Central Darfur,Um Dukhun,Nutrition,World Relief,WR,INGO
2026-06,White Nile,Guli,Nutrition,Action Against Hunger,AAH,INGO
2026-06,West Darfur,Kereneik,Health,World Relief,WR,INGO
2026-06,East Darfur,Ad Du'ayn,Protection,WE ARE ALIGHT,ALIGHT,INGO
2026-06,Khartoum,Jebel Awlia,Nutrition,CARE International in Sudan,CARE,INGO
2026-06,North Darfur,Al Malha,Nutrition,Relief International,RI,INGO
2026-06,North Darfur,Melit,Nutrition,Relief International,RI,INGO
2026-06,Central Darfur,Gharb Jabal Marrah,Nutrition,Islamic Relief Worldwide,IRW,INGO
2026-06,North Darfur,Kelemando,Health,Save the Children International,SCI,INGO
2026-06,Aj Jazirah,Um Algura,Shelter and NFIs,Islamic Relief Worldwide,IRW,INGO
2026-06,River Nile,Ad Damar,Food Security and Livelihoods,Sudanese Red Crescent Society,SRCS,Red Cross
2026-06,Gedaref,Basundah,Health,Medical Teams International,MTI,INGO
2026-06,Khartoum,Um Durman,Health,Medical Teams International,MTI,INGO
2026-06,Aj Jazirah,Medani Al Kubra,Nutrition,Building Foundation for Development,BFD,NNGO
2026-06,Central Darfur,Zalingi,Protection,United Nations Children's Fund,UNICEF,UN Agency
2026-06,East Darfur,Al Firdous,Education,Al-Sadagat organization,Al-SO,NNGO
2026-06,Khartoum,Sharg An Neel,Food Security and Livelihoods,Sawa Sudan for Development and Humanitarian Aid,SSDHA,NNGO
2026-06,West Darfur,Ag Geneina,Health,Premiere Urgence Internationale,PUI,INGO
2026-06,Central Darfur,Gharb Jabal Marrah,Health,Catholic Relief Services,CRS,INGO
2026-06,Red Sea,Port Sudan,Emergency Telecommunications,World Food Programme,WFP,UN Agency
2026-06,Gedaref,Al Mafaza,Health,International Rescue Committee,IRC,INGO
2026-06,West Darfur,Sirba,Health,Premiere Urgence Internationale,PUI,INGO
2026-06,North Darfur,Tawila,Food Security and Livelihoods,Sudanese Red Crescent Society,SRCS,Red Cross
2026-06,North Kordofan,Sheikan,Nutrition,Plan International,PI,INGO
2026-06,North Darfur,Um Baru,Nutrition,Goal Global,GOAL,INGO
2026-06,East Darfur,Yassin,Health,WE ARE ALIGHT,ALIGHT,INGO
2026-06,Kassala,Halfa Aj Jadeedah,Protection,WE ARE ALIGHT,ALIGHT,INGO
2026-06,Aj Jazirah,Medani Al Kubra,Health,Premiere Urgence Internationale,PUI,INGO
2026-06,Gedaref,Al Galabat Al Gharbyah - Kassab,Education,Plan International,PI,INGO
2026-06,East Darfur,Ad Du'ayn,Protection,Hope and Friendship for Development Organization,HFDO,NNGO
2026-06,East Darfur,Al Firdous,Health,Sudan Assist for Development Organization,SADO,NNGO
2026-06,Gedaref,Madeinat Al Gedaref,Protection,WE ARE ALIGHT,ALIGHT,INGO
2026-06,Aj Jazirah,Janub Al Jazirah,Nutrition,Muslim Aid Sudan,MAS,INGO
2026-06,River Nile,Atbara,Nutrition,Building Foundation for Development,BFD,NNGO
2026-06,North Darfur,Dar As Salam,Health,Medical Teams International,MTI,INGO
2026-06,Northern,Al Burgaig,Health,Building Foundation for Development,BFD,NNGO
2026-06,Central Darfur,Wadi Salih,Health,World Relief,WR,INGO
2026-06,Aj Jazirah,Sharg Al Jazirah,Shelter and NFIs,CAFA Development Organization,CAFA,NNGO
2026-06,Gedaref,Madeinat Al Gedaref,Health,Save the Children International,SCI,INGO
2026-06,North Darfur,Saraf Omra,Nutrition,Welthungerhilfe (German Agro Action),WHH,INGO
2026-06,North Darfur,Kernoi,Nutrition,Welthungerhilfe (German Agro Action),WHH,INGO
2026-06,West Darfur,Kereneik,Nutrition,World Relief,WR,INGO
2026-06,Khartoum,Karrari,Nutrition,International Rescue Committee,IRC,INGO
2026-06,East Darfur,Shia'ria,Nutrition,CARE International in Sudan,CARE,INGO
2026-06,West Darfur,Ag Geneina,Health,Sudanese Red Crescent Society,SRCS,Red Cross
2026-06,Khartoum,Karrari,Health,International Rescue Committee,IRC,INGO
2026-06,South Darfur,As Salam - SD,Health,WE ARE ALIGHT,ALIGHT,INGO
2026-06,Kassala,Reifi Wad Elhilaiw,Health,CARE International in Sudan,CARE,INGO
2026-06,East Darfur,Abu Karinka,Nutrition,CARE International in Sudan,CARE,INGO
2026-06,North Darfur,Tawila,Protection,National Association for Child Protection,NACP,NNGO
2026-06,East Darfur,Abu Karinka,Protection,Hope and Friendship for Development Organization,HFDO,NNGO
2026-06,North Darfur,Kutum,Food Security and Livelihoods,Welthungerhilfe (German Agro Action),WHH,INGO
2026-06,East Darfur,Shia'ria,Protection,World Vision International,WVI,INGO
2026-06,Central Darfur,Wasat Jabal Marrah,Nutrition,World Relief,WR,INGO
2026-06,Central Darfur,Zalingi,Protection,National Association for Child Protection,NACP,NNGO
2026-06,Kassala,Madeinat Kassala,Protection,Woman and Child Care Organization,WCC,INGO
2026-06,Central Darfur,Wadi Salih,Nutrition,World Relief,WR,INGO
2026-06,Red Sea,Port Sudan,Protection,Save the Children International,SCI,INGO
2026-06,White Nile,As Salam / Ar Rawat,Nutrition,Medical Teams International,MTI,INGO
2026-06,North Darfur,Dar As Salam,Protection,Friends of Peace & Development Organization,FPDO,NNGO
2026-06,North Darfur,As Serief,Protection,Kabkabiya Small holders Charitable Society,KSCS,NNGO
2026-06,White Nile,Kosti,Protection,JASMAR Human Security Organization,JHSO,NNGO
2026-06,West Darfur,Habila - WD,Protection,Child Development Foundation,CDF,NNGO
2026-06,Kassala,Reifi Telkok,Health,Patient Helping Fund,PHF,NNGO
2026-06,Aj Jazirah,Sharg Al Jazirah,Health,Building Foundation for Development,BFD,NNGO
2026-06,White Nile,As Salam / Ar Rawat,Refugee Consultative Forum,United Nations Children's Fund,UNICEF,UN Agency
2026-06,White Nile,Ad Diwaim,Nutrition,Plan International,PI,INGO
2026-06,South Kordofan,Abu Jubayhah,Health,Sudanese American Physicians Association,SAPA,INGO
2026-06,Blue Nile,Geisan,Nutrition,World Relief,WR,INGO
2026-06,Khartoum,Sharg An Neel,Nutrition,Catholic Relief Services,CRS,INGO
2026-06,North Darfur,Dar As Salam,Nutrition,International Medical Corps,IMC,INGO
2026-06,Gedaref,Basundah,Refugee Consultative Forum,World Food Programme,WFP,UN Agency
2026-06,North Darfur,Tawila,Nutrition,Save the Children International,SCI,INGO
2026-06,North Darfur,Um Baru,Nutrition,Welthungerhilfe (German Agro Action),WHH,INGO
2026-06,North Darfur,Al Malha,Health,Relief International,RI,INGO
2026-06,South Darfur,Nyala Shimal,Health,Medair,Medair,INGO
2026-06,Sennar,Ad Dinder,Protection,United Nations Children's Fund,UNICEF,UN Agency
2026-06,Khartoum,Sharg An Neel,Health,Medair,Medair,INGO
2026-06,Blue Nile,Ed Damazine,Protection,United Nations Children's Fund,UNICEF,UN Agency
2026-06,Aj Jazirah,Sharg Al Jazirah,Nutrition,Building Foundation for Development,BFD,NNGO
2026-06,White Nile,Kosti,Health,Medical Teams International,MTI,INGO
2026-06,Aj Jazirah,Medani Al Kubra,Health,Building Foundation Development/Benna,BFD/B,INGO
2026-06,White Nile,Ad Diwaim,Health,Action Against Hunger,AAH,INGO
2026-06,North Darfur,Melit,Multi-Purpose Cash,Relief International,RI,INGO
2026-06,Aj Jazirah,Al Manaqil,Nutrition,Muslim Aid Sudan,MAS,INGO
2026-06,Gedaref,Al Mafaza,Education,Al-Sadagat organization,Al-SO,NNGO
2026-06,Gedaref,Al Mafaza,Health,CARE International in Sudan,CARE,INGO
2026-06,East Darfur,Ad Du'ayn,Health,WE ARE ALIGHT,ALIGHT,INGO
2026-06,North Kordofan,Sheikan,Health,Patient Helping Fund,PHF,NNGO
2026-06,South Kordofan,Talawdi,Health,Goal Global,GOAL,INGO
2026-06,South Darfur,Nyala Shimal,Health,CARE International in Sudan,CARE,INGO
2026-06,West Darfur,Foro Baranga,Health,Catholic Relief Services,CRS,INGO
2026-06,East Darfur,Assalaya,Health,WE ARE ALIGHT,ALIGHT,INGO
2026-06,Khartoum,Um Durman,Health,CARE International in Sudan,CARE,INGO
2026-06,Khartoum,Karrari,Health,Premiere Urgence Internationale,PUI,INGO
2026-06,Central Darfur,Zalingi,Health,Premiere Urgence Internationale,PUI,INGO
2026-06,Blue Nile,Ed Damazine,Education,Islamic Relief Worldwide,IRW,INGO
2026-06,Red Sea,Sinkat,Education,Building Resilience Development Organization,BRDO,NNGO
2026-06,West Kordofan,As Salam - WK,Health,WE ARE ALIGHT,ALIGHT,INGO
2026-06,River Nile,Al Matama,Protection,Auttash Organization for Peace and Development,AUTASH,NNGO
2026-06,North Darfur,Um Kadadah,Health,Sahari Organization For Development,SAHARI,NNGO
2026-06,North Darfur,Saraf Omra,Protection,Kabkabiya Small holders Charitable Society,KSCS,NNGO
2026-06,Central Darfur,Gharb Jabal Marrah,Food Security and Livelihoods,Relief International,RI,INGO
2026-06,North Darfur,Saraf Omra,Food Security and Livelihoods,Welthungerhilfe (German Agro Action),WHH,INGO
2026-06,North Kordofan,Sheikan,Health,Sudanese Red Crescent Society,SRCS,Red Cross
2026-06,Red Sea,Port Sudan,Protection,Sudanese Coalition for Education for All,SCEFA,NNGO
2026-06,Aj Jazirah,Al Manaqil,Nutrition,Relief International,RI,INGO
2026-06,South Kordofan,Kadugli,Education,Plan International,PI,INGO
2026-06,Central Darfur,Zalingi,Food Security and Livelihoods,Catholic Relief Services,CRS,INGO
2026-06,Khartoum,Jebel Awlia,Health,Medair,Medair,INGO
2026-06,River Nile,Shendi,Food Security and Livelihoods,World Vision International,WVI,INGO
2026-06,West Darfur,Foro Baranga,Protection,Triangle Génération Humanitaire,TGH,INGO
2026-06,South Kordofan,At Tadamon - SK,Nutrition,CARE International in Sudan,CARE,INGO
2026-06,Khartoum,Jebel Awlia,Health,Medical Teams International,MTI,INGO
2026-06,Central Darfur,Zalingi,Health,Action Against Hunger,AAH,INGO
2026-06,River Nile,Atbara,Food Security and Livelihoods,Al-Sadagat organization,Al-SO,NNGO
2026-06,North Darfur,Kebkabiya,Food Security and Livelihoods,Asyaj Charity Organization,Asyaj,NNGO
2026-06,River Nile,Barbar,Nutrition,Building Foundation for Development,BFD,NNGO
2026-06,North Darfur,Tawila,Coordination and Common Services,Community Development Program,CDP,NNGO
2026-06,Blue Nile,Baw,Nutrition,Save the Children International,SCI,INGO
2026-06,Blue Nile,Baw,Nutrition,World Relief,WR,INGO
2026-06,Red Sea,Port Sudan,Health,EMERGENCY NGO,EMERGENCY NGO,INGO
2026-06,South Darfur,Buram,Health,National Initiative Development Organization,NIDO,NNGO
2026-06,Blue Nile,Geisan,Health,Save the Children International,SCI,INGO
2026-06,Central Darfur,Azum,Nutrition,Premiere Urgence Internationale,PUI,INGO
2026-06,West Darfur,Beida,Nutrition,Dar for Community Development,DCD,NNGO
2026-06,East Darfur,Assalaya,Refugee Consultative Forum,World Food Programme,WFP,UN Agency
2026-06,North Darfur,Al Fasher,Nutrition,Relief International,RI,INGO
2026-06,Kassala,Reifi Wad Elhilaiw,Nutrition,Welthungerhilfe (German Agro Action),WHH,INGO
2026-06,Gedaref,Al Mafaza,Nutrition,International Rescue Committee,IRC,INGO
2026-06,East Darfur,Bahr Al Arab,Nutrition,CARE International in Sudan,CARE,INGO
2026-06,River Nile,Shendi,Health,International Rescue Committee,IRC,INGO
2026-06,North Kordofan,Soudari,Health,Patient Helping Fund,PHF,NNGO
2026-06,White Nile,As Salam / Ar Rawat,Health,Sudan Social Development Organization,SSDO,NNGO
2026-06,West Darfur,Kereneik,Health,Catholic Relief Services,CRS,INGO
2026-06,White Nile,Al Gitaina,Health,International Rescue Committee,IRC,INGO
2026-06,Blue Nile,Ar Rusayris,Health,International Rescue Committee,IRC,INGO
2026-06,Gedaref,Al Galabat Al Gharbyah - Kassab,Protection,Plan International,PI,INGO
2026-06,Northern,Al Golid,Protection,Auttash Organization for Peace and Development,AUTASH,NNGO
2026-06,South Darfur,Kas,Nutrition,CARE International in Sudan,CARE,INGO
2026-06,Gedaref,Madeinat Al Gedaref,Site Management,Agency for Technical Cooperation and Development,ACTED,INGO
2026-06,Northern,Delgo,Protection,Child Development Foundation,CDF,NNGO
2026-06,North Darfur,Tawila,Protection,Save the Children International,SCI,INGO
2026-06,Central Darfur,Zalingi,Nutrition,Action Against Hunger,AAH,INGO
2026-06,West Kordofan,As Sunut,Protection,United Nations Children's Fund,UNICEF,UN Agency
2026-06,Central Darfur,Wasat Jabal Marrah,Nutrition,International Medical Corps,IMC,INGO
2026-06,Central Darfur,Zalingi,Protection,Action Contre la Faim (Action Against Hunger),ACF,INGO
2026-06,South Kordofan,Al Leri,Health,Almanar Voluntary Organization,AMVO,NNGO
2026-06,North Darfur,Tawila,Protection,United Nations Children's Fund,UNICEF,UN Agency
2026-06,North Kordofan,Sheikan,Protection,United Nations Children's Fund,UNICEF,UN Agency
2026-06,South Kordofan,Habila - SK,Protection,Save the Children International,SCI,INGO
2026-06,White Nile,Guli,Nutrition,Plan International,PI,INGO
2026-06,White Nile,Kosti,Protection,Medical Teams International,MTI,INGO
2026-06,East Darfur,Ad Du'ayn,Protection,United Nations Children's Fund,UNICEF,UN Agency
2026-06,South Kordofan,Abu Jubayhah,Protection,United Nations High Commissioner for Refugees,UNHCR,UN Agency
2026-06,Red Sea,Port Sudan,Protection,WE ARE ALIGHT,ALIGHT,INGO
2026-06,River Nile,Atbara,Protection,National Planning Organization,NPO,NNGO
2026-06,Central Darfur,Um Dukhun,Nutrition,Catholic Relief Services,CRS,INGO
2026-06,South Darfur,Nyala Shimal,Protection,United Nations Children's Fund,UNICEF,UN Agency
2026-06,Central Darfur,Shamal Jabal Marrah,Nutrition,Save the Children International,SCI,INGO
2026-06,Central Darfur,Shamal Jabal Marrah,Nutrition,World Relief,WR,INGO
2026-06,North Darfur,Dar As Salam,Health,International Medical Corps,IMC,INGO
2026-06,White Nile,Kosti,Health,International Rescue Committee,IRC,INGO
2026-06,Central Darfur,Wasat Jabal Marrah,Health,International Medical Corps,IMC,INGO
2026-06,North Darfur,Al Fasher,Health,Tabasheer for Aid and Development Organization,TADO,NNGO
2026-06,North Darfur,Kebkabiya,Protection,Developmental Aid organization,DevAO,NNGO
2026-06,South Darfur,Kubum,Refugee Consultative Forum,World Food Programme,WFP,UN Agency
2026-06,Aj Jazirah,Medani Al Kubra,Health,International Rescue Committee,IRC,INGO
2026-06,White Nile,Tendalti,Nutrition,Plan International,PI,INGO
2026-06,South Darfur,Nyala Janoub,Nutrition,WE ARE ALIGHT,ALIGHT,INGO
2026-06,Gedaref,Madeinat Al Gedaref,Nutrition,Medical Teams International,MTI,INGO
2026-06,Khartoum,Bahri,Nutrition,Catholic Relief Services,CRS,INGO
2026-06,Khartoum,Khartoum,Nutrition,Catholic Relief Services,CRS,INGO
2026-06,East Darfur,Ad Du'ayn,Multi-Purpose Cash,Agency for Technical Cooperation and Development,ACTED,INGO
2026-06,West Darfur,Sirba,Nutrition,Catholic Relief Services,CRS,INGO
2026-06,River Nile,Atbara,Nutrition,International Rescue Committee,IRC,INGO
2026-06,North Darfur,As Serief,Nutrition,Welthungerhilfe (German Agro Action),WHH,INGO
2026-06,White Nile,Kosti,Shelter and NFIs,Agency for Technical Cooperation and Development,ACTED,INGO
2026-06,North Darfur,Kebkabiya,Nutrition,Welthungerhilfe (German Agro Action),WHH,INGO
2026-06,North Darfur,Kelemando,Nutrition,Save the Children International,SCI,INGO
2026-06,North Darfur,Kutum,Nutrition,Welthungerhilfe (German Agro Action),WHH,INGO
2026-06,North Darfur,Kutum,Nutrition,Goal Global,GOAL,INGO
2026-06,South Darfur,Beliel,Health,International Medical Corps,IMC,INGO
2026-06,Blue Nile,Ar Rusayris,Nutrition,World Relief,WR,INGO
2026-06,River Nile,Shendi,Nutrition,International Rescue Committee,IRC,INGO
2026-06,Blue Nile,Ed Damazine,Nutrition,World Relief,WR,INGO
2026-06,Kassala,Reifi Kassla,Protection,JASMAR Human Security Organization,JHSO,NNGO
2026-06,West Darfur,Foro Baranga,Nutrition,Catholic Relief Services,CRS,INGO
2026-06,Northern,Ad Dabbah,Health,Al-Sadagat organization,Al-SO,NNGO
2026-06,Northern,Dongola,Health,Building Foundation for Development,BFD,NNGO
2026-06,Northern,Halfa,Health,Building Foundation for Development,BFD,NNGO
2026-06,Aj Jazirah,Sharg Al Jazirah,Nutrition,Relief International,RI,INGO
2026-06,Aj Jazirah,Sharg Al Jazirah,Nutrition,Muslim Aid Sudan,MAS,INGO
2026-06,North Darfur,Tawila,Food Security and Livelihoods,Plan International,PI,INGO
2026-06,Khartoum,Sharg An Neel,Multi-Purpose Cash,Sudanese Development Call Organization,NIDAA,NNGO
2026-06,North Darfur,Melit,Food Security and Livelihoods,Humanity for Development and Prosperity Organization,HDPO,NNGO
2026-06,River Nile,Atbara,Protection,Sudan Family Planning Association,SFPA,NNGO
2026-06,North Darfur,Tawila,Health,Action Against Hunger,AAH,INGO
2026-06,South Darfur,Buram,Nutrition,National Initiative Development Organization,NIDO,NNGO
2026-06,South Darfur,Nyala Shimal,Food Security and Livelihoods,World Vision International,WVI,INGO
2026-06,Kassala,Reifi Kassla,Education,United Nations High Commissioner for Refugees,UNHCR,UN Agency
2026-06,South Kordofan,Dilling,Protection,United Nations High Commissioner for Refugees,UNHCR,UN Agency
2026-06,Red Sea,Port Sudan,Education,Building Resilience Development Organization,BRDO,NNGO
2026-06,South Darfur,Kubum,Health,WE ARE ALIGHT,ALIGHT,INGO
2026-06,North Kordofan,Sheikan,Protection,CAFA Development Organization,CAFA,NNGO
2026-06,River Nile,Atbara,Health,International Rescue Committee,IRC,INGO
2026-06,Red Sea,Haya,Education,Building Resilience Development Organization,BRDO,NNGO
2026-06,Gedaref,Madeinat Al Gedaref,Education,Building Resilience Development Organization,BRDO,NNGO
2026-06,South Darfur,Sharg Aj Jabal,Health,WE ARE ALIGHT,ALIGHT,INGO
2026-06,South Kordofan,Ghadeer,Health,Goal Global,GOAL,INGO
2026-06,Khartoum,Khartoum,Health,Catholic Relief Services,CRS,INGO
2026-06,River Nile,Al Matama,Health,Building Foundation for Development,BFD,NNGO
2026-06,West Darfur,Habila - WD,Health,Catholic Relief Services,CRS,INGO
2026-06,Red Sea,Port Sudan,Logistics,World Food Programme,WFP,UN Agency
2026-06,White Nile,Kosti,Logistics,World Food Programme,WFP,UN Agency
2026-06,South Kordofan,Abu Jubayhah,Health,CARE International in Sudan,CARE,INGO
2026-06,North Darfur,Um Baru,Health,Goal Global,GOAL,INGO
2026-06,West Darfur,Kereneik,Health,Premiere Urgence Internationale,PUI,INGO
2026-06,Aj Jazirah,Medani Al Kubra,Health,CARE International in Sudan,CARE,INGO
2026-06,River Nile,Ad Damar,Nutrition,MERCY CORPS,MC,INGO
2026-06,Northern,Halfa,Nutrition,Building Foundation for Development,BFD,NNGO
2026-06,North Kordofan,Ar Rahad-NK,Education,Alsalam Organization for Rehabilitation and Development,AORD,NNGO
2026-06,Blue Nile,Wad Al Mahi,Education,Adventist Development and Relief Agency,ADRA,INGO
2026-06,West Darfur,Ag Geneina,Health,Catholic Relief Services,CRS,INGO
2026-06,East Darfur,Ad Du'ayn,Health,Catholic Relief Services,CRS,INGO
2026-06,White Nile,Um Rimta,Health,Sudan Social Development Organization,SSDO,NNGO
2026-06,South Kordofan,Dilling,Health,Goal Global,GOAL,INGO
2026-06,North Darfur,At Tawisha,Health,Sahari Organization For Development,SAHARI,NNGO
2026-06,Blue Nile,Baw,Food Security and Livelihoods,World Vision International,WVI,INGO
2026-06,East Darfur,Shia'ria,Health,CARE International in Sudan,CARE,INGO
2026-06,South Darfur,Beliel,Protection,World Vision International,WVI,INGO
2026-06,North Darfur,Dar As Salam,Health,Patient Helping Fund,PHF,NNGO
2026-06,Blue Nile,Ed Damazine,Protection,Pan Health Care Organization,PHCO,NNGO
2026-06,Gedaref,Al Galabat Al Gharbyah - Kassab,Food Security and Livelihoods,Humanity for Development and Prosperity Organization,HDPO,NNGO
2026-06,North Kordofan,Ar Rahad-NK,Education,Save the Children International,SCI,INGO
2026-06,White Nile,As Salam / Ar Rawat,Protection,Green Dream Organization,GDO,NNGO
2026-06,Aj Jazirah,Medani Al Kubra,Nutrition,Premiere Urgence Internationale,PUI,INGO
2026-06,Kassala,Reifi Aroma,Health,CARE International in Sudan,CARE,INGO
2026-06,East Darfur,Ad Du'ayn,Education,Al-Sadagat organization,Al-SO,NNGO
2026-06,River Nile,Al Buhaira,Nutrition,Building Foundation for Development,BFD,NNGO
2026-06,Gedaref,Madeinat Al Gedaref,Protection,Sudan Zero Waste Organization,SZWO,NNGO
2026-06,White Nile,As Salam / Ar Rawat,Education,Adventist Development and Relief Agency,ADRA,INGO
2026-06,Aj Jazirah,Sharg Al Jazirah,Food Security and Livelihoods,Addition for Disasters assistance and Development,ADD,NNGO
2026-06,North Darfur,Melit,Food Security and Livelihoods,Welthungerhilfe (German Agro Action),WHH,INGO
2026-06,South Darfur,Beliel,Food Security and Livelihoods,World Vision International,WVI,INGO
2026-06,South Kordofan,Delami,Food Security and Livelihoods,World Vision International,WVI,INGO
2026-06,South Kordofan,Ghadeer,Food Security and Livelihoods,World Vision International,WVI,INGO
2026-06,Aj Jazirah,Al Hasahisa,Nutrition,Muslim Aid Sudan,MAS,INGO
2026-06,Northern,Ad Dabbah,Nutrition,Relief International,RI,INGO
2026-06,West Darfur,Kereneik,Nutrition,Catholic Relief Services,CRS,INGO
2026-06,Aj Jazirah,Janub Al Jazirah,Nutrition,International Rescue Committee,IRC,INGO
2026-06,Aj Jazirah,Medani Al Kubra,Nutrition,International Rescue Committee,IRC,INGO
2026-06,North Darfur,At Tawisha,Multi-Purpose Cash,Welthungerhilfe,WHH,INGO
2026-06,Red Sea,Agig,Health,Addition for Disasters assistance and Development,ADD,NNGO
2026-06,Kassala,Reifi Hamashkureib,Health,Samaritan's Purse,SP,INGO
2026-06,West Darfur,Jebel Moon,Food Security and Livelihoods,Asyaj Charity Organization,Asyaj,NNGO
2026-06,Sennar,Sinja,Nutrition,Sudanese Red Crescent Society,SRCS,Red Cross
2026-06,Khartoum,Jebel Awlia,Health,EMERGENCY NGO,EMERGENCY NGO,INGO
2026-06,West Darfur,Kulbus,Health,Child Development Foundation,CDF,NNGO
2026-06,Blue Nile,Ar Rusayris,Health,World Relief,WR,INGO
2026-06,Blue Nile,Baw,Nutrition,International Rescue Committee,IRC,INGO
2026-06,South Kordofan,Kadugli,Protection,Plan International,PI,INGO
2026-06,South Darfur,Nyala Shimal,Multi-Purpose Cash,Norwegian Refugee Council,NRC,INGO
2026-06,North Darfur,Tawila,Shelter and NFIs,Save the Children International,SCI,INGO
2026-06,South Darfur,Sharg Aj Jabal,Health,National Initiative Development Organization,NIDO,NNGO
2026-06,West Darfur,Ag Geneina,Health,International Medical Corps,IMC,INGO
2026-06,Khartoum,Khartoum,Food Security and Livelihoods,Humanitarian Relief Foundation,IHH,INGO
2026-06,Central Darfur,Azum,Nutrition,World Relief,WR,INGO
2026-06,Northern,Al Burgaig,Nutrition,Building Foundation for Development,BFD,NNGO
2026-06,North Darfur,Kebkabiya,Protection,Kabkabiya Small holders Charitable Society,KSCS,NNGO
2026-06,North Darfur,Um Baru,Nutrition,"Aljuzur Organization for Peace, Rehabilitation and Development",JPRD,NNGO
2026-06,North Darfur,Melit,Nutrition,Goal Global,GOAL,INGO
2026-06,Gedaref,Basundah,Multi-Purpose Cash,CARE International in Sudan,CARE,INGO
2026-06,West Darfur,Beida,Health,Medair,Medair,INGO
2026-06,North Darfur,At Tina,Nutrition,Welthungerhilfe (German Agro Action),WHH,INGO
2026-06,Khartoum,Khartoum,Nutrition,Relief International,RI,INGO
2026-06,Gedaref,Gala'a Al Nahal,Nutrition,Save the Children International,SCI,INGO
2026-06,East Darfur,Al Firdous,Nutrition,CARE International in Sudan,CARE,INGO
2026-06,Kassala,Madeinat Kassala,Health,Building Resilience Development Organization,BRDO,NNGO
2026-06,Aj Jazirah,Al Hasahisa,Health,International Rescue Committee,IRC,INGO
2026-06,White Nile,Aj Jabalain,Nutrition,Medical Teams International,MTI,INGO
2026-06,South Darfur,Kas,Health,CARE International in Sudan,CARE,INGO
2026-06,River Nile,Shendi,Protection,National Planning Organization,NPO,NNGO
2026-06,Kassala,Madeinat Kassala,Protection,Plan International,PI,INGO
2026-06,Gedaref,Wasat Al Gedaref,Protection,WE ARE ALIGHT,ALIGHT,INGO
2026-06,Northern,Dongola,Protection,Relief International,RI,INGO
2026-06,North Darfur,Tawila,Protection,Plan International,PI,INGO
2026-06,West Darfur,Sirba,Protection,Triangle Génération Humanitaire,TGH,INGO
2026-06,Blue Nile,Ar Rusayris,Protection,United Nations Children's Fund,UNICEF,UN Agency
2026-06,South Kordofan,Abu Jubayhah,Protection,United Nations Children's Fund,UNICEF,UN Agency
2026-06,Sennar,Sharg Sennar,Protection,United Nations Children's Fund,UNICEF,UN Agency
2026-06,South Kordofan,Ar Rashad,Nutrition,Save the Children International,SCI,INGO
2026-06,North Kordofan,Um Rawaba,Protection,Save the Children International,SCI,INGO
2026-06,White Nile,Rabak,Protection,Almanar Voluntary Organization,AMVO,NNGO
2026-06,Central Darfur,Wasat Jabal Marrah,Nutrition,Save the Children International,SCI,INGO
2026-06,River Nile,Barbar,Protection,Auttash Organization for Peace and Development,AUTASH,NNGO
2026-06,West Darfur,Ag Geneina,Protection,International Medical Corps,IMC,INGO
2026-06,North Darfur,Tawila,Protection,Friends of Peace & Development Organization,FPDO,NNGO
2026-06,River Nile,Atbara,Protection,International Rescue Committee,IRC,INGO
2026-06,North Darfur,Tawila,Protection,Sahari Organization For Development,SAHARI,NNGO
2026-06,North Darfur,Tawila,Protection,Relief International,RI,INGO
2026-06,Red Sea,Port Sudan,Protection,Islamic Relief Worldwide,IRW,INGO
2026-06,Khartoum,Karrari,Protection,International Rescue Committee,IRC,INGO
2026-06,West Darfur,Ag Geneina,Protection,Hope and Friendship for Development Organization,HFDO,NNGO
2026-06,South Darfur,Gereida,Protection,World Vision International,WVI,INGO
2026-06,White Nile,Rabak,Nutrition,Plan International,PI,INGO
2026-06,North Darfur,Melit,Protection,Sahari Organization For Development,SAHARI,NNGO
2026-06,Central Darfur,Gharb Jabal Marrah,Multi-Purpose Cash,MERCY CORPS,MC,INGO
2026-06,Central Darfur,Wadi Salih,Nutrition,Catholic Relief Services,CRS,INGO
2026-06,Central Darfur,Zalingi,Health,Sudanese Red Crescent Society,SRCS,Red Cross
2026-06,North Darfur,Al Lait,Health,Sahari Organization For Development,SAHARI,NNGO
2026-06,Gedaref,Al Galabat Al Gharbyah - Kassab,Site Management,Agency for Technical Cooperation and Development,ACTED,INGO
2026-06,White Nile,Kosti,Site Management,Agency for Technical Cooperation and Development,ACTED,INGO
2026-06,Blue Nile,Ed Damazine,Health,Action Against Hunger,AAH,INGO
2026-06,South Darfur,Sharg Aj Jabal,Nutrition,National Initiative Development Organization,NIDO,NNGO
2026-06,Central Darfur,Wadi Salih,Nutrition,Action Against Hunger,AAH,INGO
2026-06,Aj Jazirah,Al Hasahisa,Multi-Purpose Cash,Sudanese Red Crescent Society,SRCS,Red Cross
2026-06,Gedaref,Galabat Ash-Shargiah,Protection,Norwegian Church Aid,NCA,INGO
2026-06,East Darfur,Yassin,Protection,Hope and Friendship for Development Organization,HFDO,NNGO
2026-06,Sennar,Ad Dinder,Protection,CAFA Development Organization,CAFA,NNGO
2026-06,Sennar,Sinja,Health,Sudanese Red Crescent Society,SRCS,Red Cross
2026-06,West Darfur,Kereneik,Nutrition,Premiere Urgence Internationale,PUI,INGO
2026-06,Northern,Dongola,Health,Sudanese Red Crescent Society,SRCS,Red Cross
2026-06,Khartoum,Bahri,Protection,NADA Elazhar for Disaster Privention and Sustainable Development,NADA,NNGO
2026-06,White Nile,Kosti,Nutrition,Plan International,PI,INGO
2026-06,Gedaref,Al Fashaga,Protection,Sudan Family Planning Association,SFPA,NNGO
2026-06,Central Darfur,Bendasi,Refugee Consultative Forum,United Nations Children's Fund,UNICEF,UN Agency
2026-06,South Darfur,Nyala Janoub,Health,WE ARE ALIGHT,ALIGHT,INGO
2026-06,East Darfur,Al Firdous,Refugee Consultative Forum,United Nations Children's Fund,UNICEF,UN Agency
2026-06,South Darfur,Sharg Aj Jabal,Health,CARE International in Sudan,CARE,INGO
2026-06,Red Sea,Port Sudan,Multi-Purpose Cash,Welthungerhilfe,WHH,INGO
2026-06,Central Darfur,Gharb Jabal Marrah,Nutrition,World Relief,WR,INGO
2026-06,North Kordofan,Um Rawaba,Food Security and Livelihoods,Islamic Relief Worldwide,IRW,INGO
2026-06,South Darfur,Tulus,Health,Medair,Medair,INGO
2026-06,South Darfur,As Salam - SD,Health,International Medical Corps,IMC,INGO
2026-06,Central Darfur,Shamal Jabal Marrah,Protection,World Relief,WR,INGO
2026-06,South Darfur,Sharg Aj Jabal,Nutrition,CARE International in Sudan,CARE,INGO
2026-06,White Nile,Aj Jabalain,Refugee Consultative Forum,World Food Programme,WFP,UN Agency
2026-06,Central Darfur,Bendasi,Nutrition,Catholic Relief Services,CRS,INGO
2026-06,West Darfur,Sirba,Health,World Relief,WR,INGO
2026-06,West Darfur,Ag Geneina,Nutrition,Premiere Urgence Internationale,PUI,INGO
2026-06,Gedaref,Al Fashaga,Nutrition,Medical Teams International,MTI,INGO
2026-06,North Darfur,Tawila,Health,Sudanese American Physicians Association,SAPA,INGO
2026-06,South Darfur,Beliel,Nutrition,WE ARE ALIGHT,ALIGHT,INGO
2026-06,Gedaref,Madeinat Al Gedaref,Nutrition,Save the Children International,SCI,INGO
2026-06,Gedaref,Wasat Al Gedaref,Nutrition,Save the Children International,SCI,INGO
2026-06,Kassala,Reifi Hamashkureib,Nutrition,Welthungerhilfe (German Agro Action),WHH,INGO
2026-06,Central Darfur,Azum,Nutrition,Save the Children International,SCI,INGO
2026-06,Central Darfur,Zalingi,Multi-Purpose Cash,Norwegian Refugee Council,NRC,INGO
2026-06,West Darfur,Ag Geneina,Health,Child Development Foundation,CDF,NNGO
2026-06,Blue Nile,Baw,Health,Action Against Hunger,AAH,INGO
2026-06,North Kordofan,Sheikan,Multi-Purpose Cash,Agency for Technical Cooperation and Development,ACTED,INGO
2026-06,Northern,Ad Dabbah,Protection,Relief International,RI,INGO
2026-06,Khartoum,Jebel Awlia,Health,World Relief,WR,INGO
2026-06,West Darfur,Kereneik,Protection,Child Development Foundation,CDF,NNGO
2026-06,South Kordofan,Abu Jubayhah,Health,Child Development Foundation,CDF,NNGO
2026-06,Central Darfur,Gharb Jabal Marrah,Refugee Consultative Forum,United Nations Children's Fund,UNICEF,UN Agency
2026-06,Blue Nile,Ed Damazine,Protection,CAFA Development Organization,CAFA,NNGO
2026-06,South Darfur,Gereida,Nutrition,WE ARE ALIGHT,ALIGHT,INGO
2026-06,South Kordofan,Ar Rashad,Refugee Consultative Forum,World Food Programme,WFP,UN Agency
2026-06,Gedaref,Wasat Al Gedaref,Protection,Plan International,PI,INGO
2026-06,Gedaref,Madeinat Al Gedaref,Protection,Child Development Foundation,CDF,NNGO
2026-06,Khartoum,Khartoum,Health,EMERGENCY NGO,EMERGENCY NGO,INGO
2026-06,Khartoum,Karrari,Food Security and Livelihoods,Humanitarian Relief Foundation,IHH,INGO
2026-06,Central Darfur,Wasat Jabal Marrah,Health,Save the Children International,SCI,INGO
2026-06,South Darfur,Ed Al Fursan,Food Security and Livelihoods,Veterinaires Sans Frontières Germany,VSF-G,INGO
2026-06,West Darfur,Beida,Nutrition,Medair,Medair,INGO
2026-06,Blue Nile,Ed Damazine,Food Security and Livelihoods,Charity Organization for Rehabilitation & Development,CORD,NNGO
2026-06,Sennar,Sennar,Shelter and NFIs,Islamic Relief Worldwide,IRW,INGO
2026-06,North Darfur,Tawila,Health,World Relief,WR,INGO
2026-06,West Darfur,Ag Geneina,Protection,United Nations Children's Fund,UNICEF,UN Agency
2026-06,Gedaref,Al Mafaza,Health,Medical Teams International,MTI,INGO
2026-06,Central Darfur,Wadi Salih,Health,Action Against Hunger,AAH,INGO
2026-06,Red Sea,Port Sudan,Multi-Purpose Cash,Save the Children International,SCI,INGO
2026-06,North Darfur,Tawila,Food Security and Livelihoods,Save the Children International,SCI,INGO
2026-06,North Darfur,At Tina,Food Security and Livelihoods,Humanity for Development and Prosperity Organization,HDPO,NNGO
2026-06,Gedaref,Wasat Al Gedaref,Protection,Norwegian Church Aid,NCA,INGO
2026-06,Blue Nile,Ed Damazine,Protection,Sudan Social Development Organization,SSDO,NNGO
2026-06,South Darfur,Sharg Aj Jabal,Protection,World Vision International,WVI,INGO
2026-06,White Nile,Rabak,Protection,International Rescue Committee,IRC,INGO
2026-06,West Darfur,Kereneik,Food Security and Livelihoods,Catholic Relief Services,CRS,INGO
2026-06,Central Darfur,Wasat Jabal Marrah,Protection,World Relief,WR,INGO
2026-06,South Kordofan,Dilling,Education,Plan International,PI,INGO
2026-06,Central Darfur,Azum,Health,Premiere Urgence Internationale,PUI,INGO
2026-06,White Nile,Rabak,Food Security and Livelihoods,World Vision International,WVI,INGO
2026-06,White Nile,Kosti,Education,Trust for Rehabilitation and Development Organization,TDO,NNGO
2026-06,Gedaref,Al Galabat Al Gharbyah - Kassab,Education,Al-Sadagat organization,Al-SO,NNGO
2026-06,North Kordofan,Sheikan,Health,Plan International,PI,INGO
2026-06,North Darfur,Dar As Salam,Education,Plan International,PI,INGO
2026-06,Gedaref,Al Butanah,Health,Patient Helping Fund,PHF,NNGO
2026-06,Khartoum,Bahri,Health,Medair,Medair,INGO
2026-06,Khartoum,Sharg An Neel,Health,Catholic Relief Services,CRS,INGO
2026-06,Kassala,Reifi Kassla,Health,Patient Helping Fund,PHF,NNGO
2026-06,Khartoum,Jebel Awlia,Health,International Rescue Committee,IRC,INGO
2026-06,North Darfur,Tawila,Health,Patient Helping Fund,PHF,NNGO
2026-06,Blue Nile,Baw,Health,International Rescue Committee,IRC,INGO
2026-06,South Darfur,Gereida,Health,WE ARE ALIGHT,ALIGHT,INGO
2026-06,West Darfur,Ag Geneina,Logistics,World Food Programme,WFP,UN Agency
2026-06,Kassala,Madeinat Kassala,Health,JASMAR Human Security Organization,JHSO,NNGO
2026-06,Khartoum,Jebel Awlia,Health,CARE International in Sudan,CARE,INGO
2026-06,South Darfur,Nyala Shimal,Health,WE ARE ALIGHT,ALIGHT,INGO
2026-06,North Kordofan,Sheikan,Education,Plan International,PI,INGO
2026-06,Northern,Ad Dabbah,Education,Child Development Foundation,CDF,NNGO
2026-06,Central Darfur,Wasat Jabal Marrah,Education,Jabal Marra Charity Organization for Rural Development,JMCO,NNGO
2026-06,Central Darfur,Um Dukhun,Health,Catholic Relief Services,CRS,INGO
2026-06,Central Darfur,Zalingi,Protection,International Medical Corps,IMC,INGO
2026-06,North Kordofan,Um Rawaba,Education,Alsalam Organization for Rehabilitation and Development,AORD,NNGO
2026-06,South Darfur,Beliel,Education,Child Development Foundation,CDF,NNGO
2026-06,South Darfur,Kubum,Nutrition,WE ARE ALIGHT,ALIGHT,INGO
2026-06,White Nile,Kosti,Education,Norwegian Refugee Council,NRC,INGO
2026-06,North Darfur,Kebkabiya,Health,Auttash Organization for Peace and Development,AUTASH,NNGO
2026-06,South Darfur,Shattaya,Health,National Initiative Development Organization,NIDO,NNGO
2026-06,Central Darfur,Gharb Jabal Marrah,Health,World Relief,WR,INGO
2026-06,West Kordofan,An Nuhud,Health,CAFA Development Organization,CAFA,NNGO
2026-06,Gedaref,Al Qureisha,Health,Patient Helping Fund,PHF,NNGO
2026-06,White Nile,Um Rimta,Food Security and Livelihoods,World Vision International,WVI,INGO
2026-06,North Darfur,Al Fasher,Protection,National Association for Child Protection,NACP,NNGO
2026-06,Khartoum,Bahri,Food Security and Livelihoods,Sawa Sudan for Development and Humanitarian Aid,SSDHA,NNGO
2026-06,East Darfur,Yassin,Health,World Vision International,WVI,INGO
2026-06,West Darfur,Sirba,Health,Hope and Friendship for Development Organization,HFDO,NNGO
2026-06,South Kordofan,Abu Jubayhah,Food Security and Livelihoods,World Vision International,WVI,INGO
2026-06,Central Darfur,Shamal Jabal Marrah,Education,Jabal Marra Charity Organization for Rural Development,JMCO,NNGO
2026-06,East Darfur,Abu Karinka,Health,Catholic Relief Services,CRS,INGO
2026-06,Sennar,Abu Hujar,Education,Hope and Friendship for Development Organization,HFDO,NNGO
2026-06,North Darfur,Tawila,Food Security and Livelihoods,Catholic Relief Services,CRS,INGO
2026-06,Khartoum,Um Bada,Food Security and Livelihoods,Sawa Sudan for Development and Humanitarian Aid,SSDHA,NNGO
2026-06,North Darfur,Melit,Health,Goal Global,GOAL,INGO
2026-06,River Nile,Ad Damar,Nutrition,Save the Children International,SCI,INGO
2026-06,South Darfur,Kas,Education,Child Development Foundation,CDF,NNGO
2026-06,Khartoum,Khartoum,Logistics,World Food Programme,WFP,UN Agency
2026-06,Aj Jazirah,Janub Al Jazirah,Health,International Rescue Committee,IRC,INGO
2026-06,Aj Jazirah,Sharg Al Jazirah,Health,International Rescue Committee,IRC,INGO
2026-06,South Darfur,Tulus,Nutrition,Medair,Medair,INGO
2026-06,South Darfur,Kubum,Nutrition,National Initiative Development Organization,NIDO,NNGO
2026-06,Central Darfur,Um Dukhun,Food Security and Livelihoods,Danish Refugee Council,DRC,INGO
2026-06,East Darfur,Abu Karinka,Health,CARE International in Sudan,CARE,INGO
2026-06,Blue Nile,Ed Damazine,Education,Child Development Foundation,CDF,NNGO
2026-06,River Nile,Atbara,Protection,Almanar Voluntary Organization,AMVO,NNGO
2026-06,White Nile,Kosti,Education,Ayadina For Sudan Development Organization,Ayadina,NNGO
2026-06,Gedaref,Basundah,Education,United Nations High Commissioner for Refugees,UNHCR,UN Agency
2026-06,North Darfur,Tawila,Protection,World Relief,WR,INGO
2026-06,Central Darfur,Wasat Jabal Marrah,Protection,AWAFY Sudanese Organization,AWAFY,NNGO
2026-06,Northern,Dongola,Nutrition,Relief International,RI,INGO
2026-06,Central Darfur,Shamal Jabal Marrah,Food Security and Livelihoods,Relief International,RI,INGO
2026-06,Sennar,As Suki,Protection,United Nations Children's Fund,UNICEF,UN Agency
2026-06,Kassala,Madeinat Kassala,Protection,WE ARE ALIGHT,ALIGHT,INGO
2026-06,South Kordofan,Kadugli,Protection,United Nations High Commissioner for Refugees,UNHCR,UN Agency
2026-06,River Nile,Ad Damar,Multi-Purpose Cash,NADA Elazhar for Disaster Privention and Sustainable Development,NADA,NNGO
2026-06,Aj Jazirah,Al Hasahisa,Food Security and Livelihoods,Alegtinam Human Development Organization,AHDO,INGO
2026-06,Khartoum,Jebel Awlia,Multi-Purpose Cash,Relief International,RI,INGO
2026-06,White Nile,Guli,Health,Action Against Hunger,AAH,INGO
2026-06,Kassala,Madeinat Kassala,Food Security and Livelihoods,MERCY CORPS,MC,INGO
2026-06,Aj Jazirah,Um Algura,Nutrition,Muslim Aid Sudan,MAS,INGO
2026-06,South Kordofan,Ghadeer,Food Security and Livelihoods,Peoples' Organization for Development and Rehabilitation,PODR,NNGO
2026-06,Khartoum,Um Bada,Food Security and Livelihoods,Samaritan's Purse,SP,INGO
2026-06,North Kordofan,Um Dam Haj Ahmed,Food Security and Livelihoods,Alsalam Organization for Rehabilitation and Development,AORD,NNGO
2026-06,White Nile,Aj Jabalain,Protection,Green Dream Organization,GDO,NNGO
2026-06,South Kordofan,Kadugli,Nutrition,Plan International,PI,INGO
2026-06,South Darfur,Ed Al Fursan,Multi-Purpose Cash,Norwegian Refugee Council,NRC,INGO
2026-06,West Darfur,Kereneik,Multi-Purpose Cash,Norwegian Refugee Council,NRC,INGO
2026-06,South Darfur,Shattaya,Multi-Purpose Cash,Norwegian Refugee Council,NRC,INGO
2026-06,North Kordofan,Sheikan,Shelter and NFIs,Norwegian Refugee Council,NRC,INGO
2026-06,North Darfur,Melit,Food Security and Livelihoods,Anhar for Peace Development and Humanitarian Work Organization,APDHWO,NNGO
2026-06,South Darfur,Kubum,Health,National Initiative Development Organization,NIDO,NNGO
2026-06,North Darfur,Tawila,Health,Relief International,RI,INGO
2026-06,Khartoum,Bahri,Health,Save the Children International,SCI,INGO
2026-06,Gedaref,Al Galabat Al Gharbyah - Kassab,Protection,WE ARE ALIGHT,ALIGHT,INGO
2026-06,South Kordofan,Kadugli,Refugee Consultative Forum,World Food Programme,WFP,UN Agency
2026-06,Northern,Al Golid,Nutrition,Building Foundation for Development,BFD,NNGO
2026-06,North Darfur,Tawila,Nutrition,Relief International,RI,INGO
2026-06,North Darfur,Tawila,Nutrition,Action Against Hunger,AAH,INGO
2026-06,West Darfur,Foro Baranga,Food Security and Livelihoods,Catholic Relief Services,CRS,INGO
2026-06,Khartoum,Um Bada,Multi-Purpose Cash,Sudanese Red Crescent Society,SRCS,Red Cross
2026-06,West Darfur,Ag Geneina,Nutrition,World Relief,WR,INGO
2026-06,West Darfur,Ag Geneina,Nutrition,Sudanese Red Crescent Society,SRCS,Red Cross
2026-06,Khartoum,Jebel Awlia,Nutrition,International Rescue Committee,IRC,INGO
2026-06,Kassala,Reifi Hamashkureib,Nutrition,Samaritan's Purse,SP,INGO
2026-06,West Darfur,Sirba,Nutrition,Premiere Urgence Internationale,PUI,INGO
2026-06,Gedaref,Al Mafaza,Nutrition,Friends of Peace & Development Organization,FPDO,NNGO
2026-06,Gedaref,Al Galabat Al Gharbyah - Kassab,Nutrition,Medical Teams International,MTI,INGO
2026-06,East Darfur,Shia'ria,Nutrition,Catholic Relief Services,CRS,INGO
2026-06,East Darfur,Assalaya,Nutrition,WE ARE ALIGHT,ALIGHT,INGO
2026-06,Blue Nile,Baw,Health,Pan Health Care Organization,PHCO,NNGO
2026-06,East Darfur,Adila,Nutrition,WE ARE ALIGHT,ALIGHT,INGO
2026-06,North Kordofan,Um Rawaba,Health,Patient Helping Fund,PHF,NNGO
2026-06,Gedaref,Basundah,Health,Patient Helping Fund,PHF,NNGO
2026-06,South Kordofan,Abu Kershola,Health,Goal Global,GOAL,INGO
2026-06,North Darfur,Melit,Health,Tabasheer for Aid and Development Organization,TADO,NNGO
2026-06,White Nile,Rabak,Health,International Rescue Committee,IRC,INGO
2026-06,Blue Nile,Wad Al Mahi,Health,International Rescue Committee,IRC,INGO
2026-06,East Darfur,Ad Du'ayn,Nutrition,CARE International in Sudan,CARE,INGO
2026-06,East Darfur,Ad Du'ayn,Nutrition,WE ARE ALIGHT,ALIGHT,INGO
2026-06,Red Sea,Sawakin,Protection,WE ARE ALIGHT,ALIGHT,INGO
2026-06,East Darfur,Abu Jabrah,Nutrition,Catholic Relief Services,CRS,INGO
2026-06,North Kordofan,Sheikan,Protection,Plan International,PI,INGO
2026-06,White Nile,Al Gitaina,Protection,Friends of Peace & Development Organization,FPDO,NNGO
2026-06,East Darfur,Abu Jabrah,Nutrition,WE ARE ALIGHT,ALIGHT,INGO
2026-06,Gedaref,Wasat Al Gedaref,Protection,Rural Community Development Organization,RCDO,NNGO
2026-06,Central Darfur,Gharb Jabal Marrah,Protection,World Relief,WR,INGO
2026-06,Central Darfur,Um Dukhun,Protection,World Relief,WR,INGO
2026-06,Central Darfur,Zalingi,Nutrition,Sudanese Red Crescent Society,SRCS,Red Cross
2026-06,North Darfur,Tawila,Site Management,Norwegian Refugee Council,NRC,INGO
2026-06,Central Darfur,Zalingi,Nutrition,Save the Children International,SCI,INGO
2026-06,Central Darfur,Zalingi,Nutrition,Premiere Urgence Internationale,PUI,INGO
2026-06,South Darfur,Nyala Janoub,Protection,Women for Peace and Development Organization,WPDO,NNGO
2026-06,Gedaref,Al Mafaza,Protection,Almanar Voluntary Organization,AMVO,NNGO
2026-06,East Darfur,Al Firdous,Protection,World Vision International,WVI,INGO
2026-06,West Kordofan,As Salam - WK,Protection,WE ARE ALIGHT,ALIGHT,INGO
2026-06,East Darfur,Ad Du'ayn,Food Security and Livelihoods,World Vision International,WVI,INGO
2026-06,Kassala,Halfa Aj Jadeedah,Protection,Woman and Child Care Organization,WCC,INGO
2026-06,Central Darfur,Gharb Jabal Marrah,Protection,Danish Refugee Council,DRC,INGO
2026-06,Aj Jazirah,Medani Al Kubra,Protection,Triangle Génération Humanitaire,TGH,INGO
2026-06,Gedaref,Al Galabat Al Gharbyah - Kassab,Protection,Norwegian Church Aid,NCA,INGO
2026-06,Central Darfur,Zalingi,Food Security and Livelihoods,MERCY CORPS,MC,INGO
2026-06,Khartoum,Um Bada,Protection,Save the Children International,SCI,INGO
2026-06,Blue Nile,Wad Al Mahi,Nutrition,International Rescue Committee,IRC,INGO
2026-06,White Nile,Kosti,Protection,Almanar Voluntary Organization,AMVO,NNGO
2026-06,White Nile,Rabak,Nutrition,International Rescue Committee,IRC,INGO
2026-06,West Darfur,Ag Geneina,Protection,Trust for Rehabilitation and Development Organization,TDO,NNGO
2026-06,North Kordofan,Sheikan,Multi-Purpose Cash,MERCY CORPS,MC,INGO
2026-06,South Darfur,Nyala Shimal,Multi-Purpose Cash,MERCY CORPS,MC,INGO
2026-06,East Darfur,Al Firdous,Food Security and Livelihoods,World Vision International,WVI,INGO
2026-06,Blue Nile,Ed Damazine,Protection,JASMAR Human Security Organization,JHSO,NNGO
2026-06,Blue Nile,Baw,Protection,Sudan Social Development Organization,SSDO,NNGO
2026-06,White Nile,Ad Diwaim,Nutrition,Action Against Hunger,AAH,INGO
2026-06,West Kordofan,Keilak,Protection,WE ARE ALIGHT,ALIGHT,INGO
2026-06,West Darfur,Ag Geneina,Protection,Child Development Foundation,CDF,NNGO
2026-06,South Darfur,Nyala Janoub,Multi-Purpose Cash,CARE International in Sudan,CARE,INGO
2026-06,Central Darfur,Gharb Jabal Marrah,Health,Action Against Hunger,AAH,INGO
2026-06,North Darfur,Tawila,Protection,Triangle Génération Humanitaire,TGH,INGO
2026-06,North Kordofan,Sheikan,Protection,Save the Children International,SCI,INGO
2026-06,Gedaref,Madeinat Al Gedaref,Protection,Friends of Peace & Development Organization,FPDO,NNGO
2026-06,Northern,Ad Dabbah,Health,Sudanese American Physicians Association,SAPA,INGO
2026-06,North Darfur,Melit,Protection,United Nations Children's Fund,UNICEF,UN Agency
2026-06,Central Darfur,Azum,Multi-Purpose Cash,Norwegian Refugee Council,NRC,INGO
2026-06,North Darfur,Kernoi,Multi-Purpose Cash,Agency for Technical Cooperation and Development,ACTED,INGO
2026-06,Central Darfur,Shamal Jabal Marrah,Nutrition,Catholic Relief Services,CRS,INGO
2026-06,South Darfur,Beliel,Food Security and Livelihoods,MERCY CORPS,MC,INGO
2026-06,East Darfur,Yassin,Refugee Consultative Forum,United Nations Children's Fund,UNICEF,UN Agency
2026-06,North Darfur,Tawila,Refugee Consultative Forum,World Food Programme,WFP,UN Agency
2026-06,Gedaref,Al Galabat Al Gharbyah - Kassab,Health,Patient Helping Fund,PHF,NNGO
2026-06,East Darfur,Al Firdous,Health,World Vision International,WVI,INGO
2026-06,Central Darfur,Gharb Jabal Marrah,Nutrition,Catholic Relief Services,CRS,INGO
2026-06,West Darfur,Kulbus,Refugee Consultative Forum,World Food Programme,WFP,UN Agency
2026-06,North Darfur,Tawila,Health,Jabal Marra Charity Organization for Rural Development,JMCO,NNGO
2026-06,South Kordofan,Kadugli,Nutrition,Save the Children International,SCI,INGO
2026-06,White Nile,Kosti,Multi-Purpose Cash,Danish Refugee Council,DRC,INGO
2026-06,East Darfur,Yassin,Nutrition,CARE International in Sudan,CARE,INGO
2026-06,Khartoum,Jebel Awlia,Health,Save the Children International,SCI,INGO
2026-06,Blue Nile,Wad Al Mahi,Nutrition,World Relief,WR,INGO
2026-06,Northern,Al Burgaig,Health,Auttash Organization for Peace and Development,AUTASH,NNGO
2026-06,Gedaref,Galabat Ash-Shargiah,Nutrition,Medical Teams International,MTI,INGO
2026-06,North Darfur,Tawila,Health,Save the Children International,SCI,INGO
2026-06,White Nile,Um Rimta,Nutrition,Plan International,PI,INGO
2026-06,North Darfur,Tawila,Protection,NADA Elazhar for Disaster Privention and Sustainable Development,NADA,NNGO
2026-06,Kassala,Reifi Wad Elhilaiw,Nutrition,CARE International in Sudan,CARE,INGO
2026-06,East Darfur,Adila,Refugee Consultative Forum,World Food Programme,WFP,UN Agency
2026-06,Central Darfur,Um Dukhun,Protection,Danish Refugee Council,DRC,INGO
2026-06,South Kordofan,Abassiya,Protection,World Vision International,WVI,INGO
2026-06,North Darfur,At Tina,Nutrition,"Aljuzur Organization for Peace, Rehabilitation and Development",JPRD,NNGO
2026-06,North Kordofan,Sheikan,Multi-Purpose Cash,Sudanese Red Crescent Society,SRCS,Red Cross
2026-06,Northern,Dongola,Health,Auttash Organization for Peace and Development,AUTASH,NNGO
2026-06,South Kordofan,Kadugli,Health,Child Development Foundation,CDF,NNGO
2026-06,River Nile,Ad Damar,Food Security and Livelihoods,JASMAR Human Security Organization,JHSO,NNGO
2026-06,Kassala,Reifi Wad Elhilaiw,Refugee Consultative Forum,United Nations Children's Fund,UNICEF,UN Agency
2026-06,South Kordofan,At Tadamon - SK,Refugee Consultative Forum,United Nations Children's Fund,UNICEF,UN Agency
2026-06,Kassala,Madeinat Kassala,Protection,Hope and Friendship for Development Organization,HFDO,NNGO
2026-06,White Nile,Tendalti,Health,Action Against Hunger,AAH,INGO
2026-06,North Kordofan,Sheikan,Shelter and NFIs,Save the Children International,SCI,INGO
2026-06,Blue Nile,At Tadamon - BN,Nutrition,World Relief,WR,INGO
2026-06,West Darfur,Jebel Moon,Health,PORD Sudan,PORD,NNGO
2026-06,Central Darfur,Um Dukhun,Health,International Medical Corps,IMC,INGO
2026-06,Central Darfur,Azum,Health,Save the Children International,SCI,INGO
2026-06,Gedaref,Al Fashaga,Health,Medical Teams International,MTI,INGO
2026-06,Red Sea,Port Sudan,Shelter and NFIs,Islamic Relief Worldwide,IRW,INGO
2026-06,Aj Jazirah,Al Hasahisa,Shelter and NFIs,Islamic Relief Worldwide,IRW,INGO
2026-06,West Kordofan,Al Lagowa,Food Security and Livelihoods,Sudanese Red Crescent Society,SRCS,Red Cross
2026-06,Central Darfur,Gharb Jabal Marrah,Food Security and Livelihoods,Danish Refugee Council,DRC,INGO
2026-06,West Darfur,Foro Baranga,Health,INTERSOS,INTERSOS,INGO
2026-06,North Darfur,Al Koma,Protection,United Nations Children's Fund,UNICEF,UN Agency
2026-06,North Darfur,Tawila,Multi-Purpose Cash,Norwegian Refugee Council,NRC,INGO
2026-06,South Kordofan,Abassiya,Food Security and Livelihoods,Peoples' Organization for Development and Rehabilitation,PODR,NNGO
2026-06,West Darfur,Ag Geneina,Food Security and Livelihoods,Asyaj Charity Organization,Asyaj,NNGO
2026-06,Aj Jazirah,Sharg Al Jazirah,Nutrition,International Rescue Committee,IRC,INGO
2026-06,East Darfur,Shia'ria,Protection,Hope and Friendship for Development Organization,HFDO,NNGO
2026-06,Sennar,Sinja,Protection,United Nations Children's Fund,UNICEF,UN Agency
2026-06,Khartoum,Bahri,Food Security and Livelihoods,Alegtinam Human Development Organization,AHDO,INGO
2026-06,North Darfur,Melit,Health,Humanity for Development and Prosperity Organization,HDPO,NNGO
2026-06,Red Sea,Port Sudan,Protection,Plan International,PI,INGO
2026-06,East Darfur,Yassin,Health,Sudan Assist for Development Organization,SADO,NNGO
2026-06,Aj Jazirah,Al Qurashi,Nutrition,Muslim Aid Sudan,MAS,INGO
2026-06,Khartoum,Bahri,Protection,Friends of Peace & Development Organization,FPDO,NNGO
2026-06,Aj Jazirah,Medani Al Kubra,Protection,Sudan Family Planning Association,SFPA,NNGO
2026-06,River Nile,Shendi,Protection,International Rescue Committee,IRC,INGO
2026-06,Blue Nile,Ed Damazine,Protection,World Vision International,WVI,INGO
2026-06,Gedaref,Al Galabat Al Gharbyah - Kassab,Food Security and Livelihoods,Welthungerhilfe (German Agro Action),WHH,INGO
2026-06,North Darfur,Al Fasher,Food Security and Livelihoods,Welthungerhilfe (German Agro Action),WHH,INGO
2026-06,Central Darfur,Wasat Jabal Marrah,Food Security and Livelihoods,Relief International,RI,INGO
2026-06,Red Sea,Sawakin,Nutrition,Save the Children International,SCI,INGO
2026-06,North Darfur,Dar As Salam,Food Security and Livelihoods,Catholic Relief Services,CRS,INGO
2026-06,South Kordofan,Habila - SK,Education,Save the Children International,SCI,INGO
2026-06,White Nile,Kosti,Protection,SOS- Children's Villages International,SOS-CVI,INGO
2026-06,South Darfur,Nyala Shimal,Nutrition,WE ARE ALIGHT,ALIGHT,INGO
2026-06,Aj Jazirah,Janub Al Jazirah,Health,Premiere Urgence Internationale,PUI,INGO
2026-06,North Darfur,Kebkabiya,Food Security and Livelihoods,Sudanese Red Crescent Society,SRCS,Red Cross
2026-06,Central Darfur,Gharb Jabal Marrah,Logistics,World Food Programme,WFP,UN Agency
2026-06,North Darfur,Al Fasher,Logistics,World Food Programme,WFP,UN Agency
2026-06,South Darfur,Sharg Aj Jabal,Nutrition,WE ARE ALIGHT,ALIGHT,INGO
2026-06,Gedaref,Wasat Al Gedaref,Education,Plan International,PI,INGO
2026-06,East Darfur,Bahr Al Arab,Education,Al-Sadagat organization,Al-SO,NNGO
2026-06,South Kordofan,Ar Rashad,Health,Goal Global,GOAL,INGO
2026-06,South Darfur,Ed Al Fursan,Health,Rufaida Health Foundation,RHF,NNGO
2026-06,River Nile,Abu Hamad,Health,Building Foundation for Development,BFD,NNGO
2026-06,South Darfur,Um Dafoug,Health,Rufaida Health Foundation,RHF,NNGO
2026-06,Central Darfur,Wasat Jabal Marrah,Health,World Relief,WR,INGO
2026-06,Khartoum,Bahri,Health,Catholic Relief Services,CRS,INGO
2026-06,Gedaref,Al Fao,Health,Patient Helping Fund,PHF,NNGO
2026-06,Central Darfur,Zalingi,Logistics,World Food Programme,WFP,UN Agency
2026-06,Blue Nile,Ed Damazine,Emergency Telecommunications,World Food Programme,WFP,UN Agency
2026-06,Blue Nile,Ed Damazine,Logistics,World Food Programme,WFP,UN Agency
2026-06,Gedaref,Madeinat Al Gedaref,Logistics,World Food Programme,WFP,UN Agency
2026-06,North Darfur,Tawila,Health,WE ARE ALIGHT,ALIGHT,INGO
2026-06,Khartoum,Sharg An Neel,Health,CARE International in Sudan,CARE,INGO
2026-06,Blue Nile,Ed Damazine,Education,National Organization for Relief & Development,NORD,NNGO
2026-06,North Darfur,Tawila,Education,Plan International,PI,INGO
2026-06,South Kordofan,Abassiya,Health,CARE International in Sudan,CARE,INGO
2026-06,North Kordofan,Um Rawaba,Education,Save the Children International,SCI,INGO
2026-06,South Kordofan,Abu Jubayhah,Nutrition,CARE International in Sudan,CARE,INGO
2026-06,Kassala,Reifi Nahr Atbara,Education,Building Resilience Development Organization,BRDO,NNGO
2026-06,North Darfur,Tawila,Logistics,World Food Programme,WFP,UN Agency
2026-06,White Nile,Kosti,Emergency Telecommunications,World Food Programme,WFP,UN Agency
2026-06,Kassala,Reifi Wad Elhilaiw,Health,JASMAR Human Security Organization,JHSO,NNGO
2026-06,Gedaref,Wasat Al Gedaref,Protection,Child Development Foundation,CDF,NNGO
2026-06,North Darfur,Tawila,Education,Save the Children International,SCI,INGO
2026-06,White Nile,Guli,Health,Sudan Social Development Organization,SSDO,NNGO
2026-06,West Darfur,Sirba,Health,Catholic Relief Services,CRS,INGO
2026-06,Central Darfur,Shamal Jabal Marrah,Health,Catholic Relief Services,CRS,INGO
2026-06,North Darfur,As Serief,Health,Auttash Organization for Peace and Development,AUTASH,NNGO
2026-06,Kassala,Reifi Gharb Kassala,Health,Patient Helping Fund,PHF,NNGO
2026-06,Kassala,Reifi Nahr Atbara,Health,Patient Helping Fund,PHF,NNGO
2026-06,North Darfur,Saraf Omra,Health,Auttash Organization for Peace and Development,AUTASH,NNGO
2026-06,Gedaref,Gala'a Al Nahal,Health,Patient Helping Fund,PHF,NNGO
2026-06,Central Darfur,Shamal Jabal Marrah,Health,Saeker Voluntary Organization,SVO,NNGO
2026-06,North Kordofan,Gebrat Al Sheikh,Health,Patient Helping Fund,PHF,NNGO
2026-06,Gedaref,Madeinat Al Gedaref,Education,United Nations High Commissioner for Refugees,UNHCR,UN Agency
2026-06,South Kordofan,Kadugli,Protection,United Nations Children's Fund,UNICEF,UN Agency
2026-06,Northern,Dongola,Nutrition,Sudanese Red Crescent Society,SRCS,Red Cross
2026-06,Northern,Al Golid,Nutrition,Relief International,RI,INGO
2026-06,East Darfur,Adila,Food Security and Livelihoods,World Vision International,WVI,INGO
2026-06,Central Darfur,Wadi Salih,Health,Catholic Relief Services,CRS,INGO
2026-06,West Darfur,Habila - WD,Protection,IAS/LM International,IAS/LMI,INGO
2026-06,Central Darfur,Mukjar,Health,Catholic Relief Services,CRS,INGO
2026-06,North Darfur,Um Kadadah,Food Security and Livelihoods,Sudanese Red Crescent Society,SRCS,Red Cross
2026-06,South Kordofan,Habila - SK,Health,Goal Global,GOAL,INGO
2026-06,Kassala,Madeinat Kassala,Emergency Telecommunications,World Food Programme,WFP,UN Agency
2026-06,White Nile,Aj Jabalain,Food Security and Livelihoods,Sudanese Red Crescent Society,SRCS,Red Cross
2026-06,West Darfur,Ag Geneina,Protection,Triangle Génération Humanitaire,TGH,INGO
2026-06,North Darfur,Um Baru,Nutrition,Sudan Assist for Development Organization,SADO,NNGO
2026-06,White Nile,Kosti,Education,Child Development Foundation,CDF,NNGO
2026-06,Khartoum,Khartoum,Food Security and Livelihoods,Sawa Sudan for Development and Humanitarian Aid,SSDHA,NNGO
2026-06,North Darfur,Tawila,Food Security and Livelihoods,Solidarites International,SI,INGO
2026-06,Aj Jazirah,Sharg Al Jazirah,Education,Sawa Sudan for Development and Humanitarian Aid,SSDHA,NNGO
2026-06,East Darfur,Assalaya,Education,Al-Sadagat organization,Al-SO,NNGO
2026-06,Aj Jazirah,Sharg Al Jazirah,Multi-Purpose Cash,Sudanese Organisation for Relief and Recovery,SORR,NNGO
2026-06,Blue Nile,Wad Al Mahi,Protection,Almanar Voluntary Organization,AMVO,NNGO
2026-06,Khartoum,Um Bada,Education,Rural Community Development Organization,RCDO,NNGO
2026-06,Aj Jazirah,Medani Al Kubra,Protection,Premiere Urgence Internationale,PUI,INGO
2026-06,Gedaref,Basundah,Education,Islamic Relief Worldwide,IRW,INGO
2026-06,Gedaref,Wasat Al Gedaref,Education,Al-Sadagat organization,Al-SO,NNGO
2026-06,Northern,Al Golid,Food Security and Livelihoods,Addition for Disasters assistance and Development,ADD,NNGO
2026-06,Khartoum,Jebel Awlia,Health,Almanar Voluntary Organization,AMVO,NNGO
2026-06,North Darfur,Al Fasher,Protection,United Nations Children's Fund,UNICEF,UN Agency
2026-06,South Darfur,Shattaya,Nutrition,National Initiative Development Organization,NIDO,NNGO
2026-06,Kassala,Madeinat Kassala,Logistics,World Food Programme,WFP,UN Agency
2026-06,South Kordofan,Abassiya,Nutrition,Save the Children International,SCI,INGO
2026-06,Central Darfur,Gharb Jabal Marrah,Education,Jabal Marra Charity Organization for Rural Development,JMCO,NNGO
2026-06,Central Darfur,Gharb Jabal Marrah,Education,Save the Children International,SCI,INGO
2026-06,Gedaref,Ar Rahad-GD,Education,Al-Sadagat organization,Al-SO,NNGO
2026-06,Kassala,Reifi Wad Elhilaiw,Education,United Nations High Commissioner for Refugees,UNHCR,UN Agency
2026-06,Gedaref,Galabat Ash-Shargiah,Food Security and Livelihoods,Pan Health Care Organization,PHCO,NNGO
2026-06,Gedaref,Galabat Ash-Shargiah,Food Security and Livelihoods,Humanity for Development and Prosperity Organization,HDPO,NNGO
2026-06,Kassala,Reifi Hamashkureib,Food Security and Livelihoods,Welthungerhilfe (German Agro Action),WHH,INGO
2026-06,South Darfur,Nyala Janoub,Food Security and Livelihoods,World Vision International,WVI,INGO
2026-06,Central Darfur,Bendasi,Food Security and Livelihoods,Catholic Relief Services,CRS,INGO
2026-06,West Darfur,Kereneik,Protection,World Relief,WR,INGO
2026-06,South Kordofan,Al Buram,Food Security and Livelihoods,World Vision International,WVI,INGO
2026-06,White Nile,Kosti,Protection,NADA Elazhar for Disaster Privention and Sustainable Development,NADA,NNGO
2026-06,North Darfur,Al Lait,Protection,United Nations Children's Fund,UNICEF,UN Agency
2026-06,Aj Jazirah,Janub Al Jazirah,Nutrition,Premiere Urgence Internationale,PUI,INGO
2026-06,White Nile,Kosti,Multi-Purpose Cash,NADA Elazhar for Disaster Privention and Sustainable Development,NADA,NNGO
2026-06,Aj Jazirah,Medani Al Kubra,Nutrition,CARE International in Sudan,CARE,INGO
2026-06,Aj Jazirah,Sharg Al Jazirah,Food Security and Livelihoods,Alegtinam Human Development Organization,AHDO,INGO
2026-06,White Nile,Kosti,Food Security and Livelihoods,Alegtinam Human Development Organization,AHDO,INGO
2026-06,Khartoum,Karrari,Food Security and Livelihoods,Alegtinam Human Development Organization,AHDO,INGO
2026-06,Gedaref,Madeinat Al Gedaref,Multi-Purpose Cash,Save the Children International,SCI,INGO
2026-06,Aj Jazirah,Al Kamlin,Food Security and Livelihoods,Alegtinam Human Development Organization,AHDO,INGO
2026-06,North Darfur,At Tina,Food Security and Livelihoods,DOFDAHR Organization,DOFDAHR,NNGO
2026-06,North Darfur,Al Fasher,Food Security and Livelihoods,DOFDAHR Organization,DOFDAHR,NNGO
2026-06,North Kordofan,Um Rawaba,Health,Plan International,PI,INGO
2026-06,River Nile,Abu Hamad,Protection,Child Development Foundation,CDF,NNGO
2026-06,River Nile,Ad Damar,Protection,Child Development Foundation,CDF,NNGO
2026-06,Gedaref,Galabat Ash-Shargiah,Health,Medical Teams International,MTI,INGO
2026-06,Khartoum,Bahri,Protection,CAFA Development Organization,CAFA,NNGO
2026-06,Northern,Ad Dabbah,Food Security and Livelihoods,Al-Sadagat organization,Al-SO,NNGO
2026-06,West Darfur,Sirba,Food Security and Livelihoods,Asyaj Charity Organization,Asyaj,NNGO
2026-06,Central Darfur,Wasat Jabal Marrah,Protection,Triangle Génération Humanitaire,TGH,INGO
2026-06,South Kordofan,At Tadamon - SK,Food Security and Livelihoods,Peoples' Organization for Development and Rehabilitation,PODR,NNGO
2026-06,South Darfur,Nyala Shimal,Health,EMERGENCY NGO,EMERGENCY NGO,INGO
2026-06,South Kordofan,Talawdi,Food Security and Livelihoods,Peoples' Organization for Development and Rehabilitation,PODR,NNGO
2026-06,South Kordofan,Ar Rashad,Food Security and Livelihoods,Peoples' Organization for Development and Rehabilitation,PODR,NNGO
2026-06,River Nile,Shendi,Food Security and Livelihoods,Sudanese Red Crescent Society,SRCS,Red Cross
2026-06,West Darfur,Kereneik,Health,Child Development Foundation,CDF,NNGO
2026-06,South Darfur,Beliel,Nutrition,International Medical Corps,IMC,INGO
2026-06,North Darfur,Melit,Food Security and Livelihoods,Cooperazione Internazionale,COOPI,INGO
2026-06,Aj Jazirah,Medani Al Kubra,Shelter and NFIs,Islamic Relief Worldwide,IRW,INGO
2026-06,Central Darfur,Gharb Jabal Marrah,Shelter and NFIs,Save the Children International,SCI,INGO
2026-06,Sennar,Sharg Sennar,Food Security and Livelihoods,Sudanese Red Crescent Society,SRCS,Red Cross
2026-06,Aj Jazirah,Medani Al Kubra,Health,Save the Children International,SCI,INGO
2026-06,Central Darfur,Azum,Protection,Premiere Urgence Internationale,PUI,INGO
2026-06,Central Darfur,Shamal Jabal Marrah,Health,Save the Children International,SCI,INGO
2026-06,Gedaref,Wasat Al Gedaref,Health,Save the Children International,SCI,INGO
2026-06,Gedaref,Al Galabat Al Gharbyah - Kassab,Health,Save the Children International,SCI,INGO
2026-06,Red Sea,Sawakin,Health,Addition for Disasters assistance and Development,ADD,NNGO
2026-06,Blue Nile,Ar Rusayris,Protection,Almanar Voluntary Organization,AMVO,NNGO
2026-06,Khartoum,Karrari,Health,Save the Children International,SCI,INGO
2026-06,Khartoum,Um Bada,Health,Save the Children International,SCI,INGO
2026-06,Aj Jazirah,Al Kamlin,Protection,Friends of Peace & Development Organization,FPDO,NNGO
2026-06,Kassala,Reifi Hamashkureib,Multi-Purpose Cash,CARE International in Sudan,CARE,INGO
2026-06,Central Darfur,Bendasi,Nutrition,Sudanese Red Crescent Society,SRCS,Red Cross
2026-06,West Kordofan,Abyei,Refugee Consultative Forum,World Food Programme,WFP,UN Agency
2026-06,Kassala,Reifi Wad Elhilaiw,Refugee Consultative Forum,World Food Programme,WFP,UN Agency
2026-06,Khartoum,Jebel Awlia,Health,International Medical Corps,IMC,INGO
2026-06,Kassala,Reifi Khashm Elgirba,Refugee Consultative Forum,World Food Programme,WFP,UN Agency
2026-06,East Darfur,Yassin,Refugee Consultative Forum,World Food Programme,WFP,UN Agency
2026-06,Gedaref,Galabat Ash-Shargiah,Refugee Consultative Forum,World Food Programme,WFP,UN Agency
2026-06,North Darfur,Al Koma,Multi-Purpose Cash,Agency for Technical Cooperation and Development,ACTED,INGO
2026-06,Kassala,Reifi Wad Elhilaiw,Protection,Child Development Foundation,CDF,NNGO
2026-06,Khartoum,Sharg An Neel,Nutrition,Medair,Medair,INGO
2026-06,South Kordofan,Kadugli,Health,Plan International,PI,INGO
2026-06,West Darfur,Sirba,Nutrition,World Relief,WR,INGO
2026-06,Gedaref,Al Mafaza,Nutrition,Medical Teams International,MTI,INGO
2026-06,East Darfur,Shia'ria,Nutrition,WE ARE ALIGHT,ALIGHT,INGO
2026-06,East Darfur,Bahr Al Arab,Nutrition,Catholic Relief Services,CRS,INGO
2026-06,Aj Jazirah,Al Qurashi,Health,Patient Helping Fund,PHF,NNGO
2026-06,South Darfur,Tulus,Health,Tabasheer for Aid and Development Organization,TADO,NNGO
2026-06,Northern,Ad Dabbah,Health,MedGlobal,MedGlobal,INGO
2026-06,North Darfur,Tawila,Health,CARE International in Sudan,CARE,INGO
2026-06,Gedaref,Madeinat Al Gedaref,Protection,Plan International,PI,INGO
2026-06,Blue Nile,Baw,Protection,Almanar Voluntary Organization,AMVO,NNGO
2026-06,Central Darfur,Mukjar,Nutrition,Catholic Relief Services,CRS,INGO
2026-06,Sennar,Sharg Sennar,Protection,Child Development Foundation,CDF,NNGO
2026-06,Khartoum,Bahri,Protection,Save the Children International,SCI,INGO
2026-06,White Nile,Kosti,Nutrition,Save the Children International,SCI,INGO
2026-06,Red Sea,Port Sudan,Protection,Abu Hadia Society for Women and Community Devleopment,AHSWCD,NNGO
2026-06,Northern,Dongola,Protection,Child Development Foundation,CDF,NNGO
2026-06,North Darfur,Saraf Omra,Protection,United Nations Children's Fund,UNICEF,UN Agency
2026-06,White Nile,Aj Jabalain,Education,Adventist Development and Relief Agency,ADRA,INGO
2026-06,Khartoum,Um Bada,Protection,CAFA Development Organization,CAFA,NNGO
2026-06,Blue Nile,Baw,Protection,International Rescue Committee,IRC,INGO
2026-06,West Kordofan,Al Idia,Protection,United Nations Children's Fund,UNICEF,UN Agency
2026-06,South Kordofan,Dilling,Protection,Almanar Voluntary Organization,AMVO,NNGO
2026-06,White Nile,Rabak,Protection,SOS- Children's Villages International,SOS-CVI,INGO
2026-06,Central Darfur,Zalingi,Nutrition,Catholic Relief Services,CRS,INGO
2026-06,River Nile,Abu Hamad,Protection,National Planning Organization,NPO,NNGO
2026-06,Khartoum,Karrari,Protection,Almanar Voluntary Organization,AMVO,NNGO
2026-06,North Darfur,Tawila,Protection,INTERSOS,INTERSOS,INGO
2026-06,West Darfur,Kereneik,Protection,Premiere Urgence Internationale,PUI,INGO
2026-06,South Darfur,Kas,Protection,Child Development Foundation,CDF,NNGO
2026-06,River Nile,Atbara,Protection,Child Development Foundation,CDF,NNGO
2026-06,North Darfur,Tawila,Protection,Developmental Aid organization,DevAO,NNGO
2026-06,Gedaref,Madeinat Al Gedaref,Protection,United Nations Children's Fund,UNICEF,UN Agency
2026-06,Sennar,Sinja,Protection,Save the Children International,SCI,INGO
2026-06,West Darfur,Beida,Health,Aid for Impact and Development Organization,AIDO,NNGO
2026-06,Blue Nile,Baw,Protection,National Organization for Sustainable Rural Development,NORD,NNGO
2026-06,South Darfur,Kas,Food Security and Livelihoods,MERCY CORPS,MC,INGO
2026-06,South Darfur,Sharg Aj Jabal,Food Security and Livelihoods,MERCY CORPS,MC,INGO
2026-06,River Nile,Barbar,Protection,Child Development Foundation,CDF,NNGO
2026-06,River Nile,Ad Damar,Protection,NADA Elazhar for Disaster Privention and Sustainable Development,NADA,NNGO
2026-06,Gedaref,Al Mafaza,Protection,International Rescue Committee,IRC,INGO
2026-06,Blue Nile,Baw,Protection,United Nations Children's Fund,UNICEF,UN Agency
2026-06,South Darfur,Beliel,Multi-Purpose Cash,MERCY CORPS,MC,INGO
2026-06,Khartoum,Um Bada,Protection,Almanar Voluntary Organization,AMVO,NNGO
2026-06,South Darfur,Nyala Janoub,Multi-Purpose Cash,MERCY CORPS,MC,INGO
2026-06,Central Darfur,Wadi Salih,Health,Sudanese Red Crescent Society,SRCS,Red Cross
2026-06,South Kordofan,Al Buram,Multi-Purpose Cash,Nuba Relief and Rehabilitation Development Organization,NRRDO,NNGO
2026-06,River Nile,Ad Damar,Protection,Sudan Family Planning Association,SFPA,NNGO
2026-06,West Darfur,Sirba,Protection,Child Development Foundation,CDF,NNGO
2026-06,North Kordofan,Um Rawaba,Protection,Alsalam Organization for Rehabilitation and Development,AORD,NNGO
2026-06,Blue Nile,Baw,Site Management,Agency for Technical Cooperation and Development,ACTED,INGO
2026-06,Central Darfur,Wadi Salih,Protection,Action against hunger - Spain,ACF -Spain,INGO
2026-06,Blue Nile,Wad Al Mahi,Food Security and Livelihoods,World Vision International,WVI,INGO
2026-06,Blue Nile,Ar Rusayris,Food Security and Livelihoods,World Vision International,WVI,INGO
2026-06,South Darfur,Kas,Multi-Purpose Cash,CARE International in Sudan,CARE,INGO
2026-06,North Kordofan,Um Rawaba,Protection,Plan International,PI,INGO
2026-06,East Darfur,Ad Du'ayn,Protection,World Vision International,WVI,INGO
2026-06,Central Darfur,Zalingi,Protection,Hope and Friendship for Development Organization,HFDO,NNGO
2026-06,White Nile,Kosti,Food Security and Livelihoods,World Vision International,WVI,INGO
2026-06,Gedaref,Al Mafaza,Protection,Norwegian Church Aid,NCA,INGO
2026-06,East Darfur,Yassin,Multi-Purpose Cash,Agency for Technical Cooperation and Development,ACTED,INGO
2026-06,South Darfur,Buram,Nutrition,WE ARE ALIGHT,ALIGHT,INGO
2026-06,South Kordofan,Kadugli,Multi-Purpose Cash,Agency for Technical Cooperation and Development,ACTED,INGO
2026-06,East Darfur,Abu Karinka,Refugee Consultative Forum,World Food Programme,WFP,UN Agency
2026-06,East Darfur,Bahr Al Arab,Refugee Consultative Forum,World Food Programme,WFP,UN Agency
2026-06,Gedaref,Al Fashaga,Refugee Consultative Forum,World Food Programme,WFP,UN Agency
2026-06,Kassala,Reifi Nahr Atbara,Refugee Consultative Forum,World Food Programme,WFP,UN Agency
2026-06,Blue Nile,At Tadamon - BN,Food Security and Livelihoods,World Vision International,WVI,INGO
2026-06,Central Darfur,Wadi Salih,Food Security and Livelihoods,MERCY CORPS,MC,INGO
2026-06,North Kordofan,Sheikan,Food Security and Livelihoods,Islamic Relief Worldwide,IRW,INGO
2026-06,West Darfur,Habila - WD,Food Security and Livelihoods,Catholic Relief Services,CRS,INGO
2026-06,Red Sea,Port Sudan,Refugee Consultative Forum,United Nations Children's Fund,UNICEF,UN Agency
2026-06,South Darfur,Beliel,Refugee Consultative Forum,World Food Programme,WFP,UN Agency
2026-06,South Darfur,As Salam - SD,Food Security and Livelihoods,World Vision International,WVI,INGO
2026-06,South Darfur,Kas,Food Security and Livelihoods,Veterinaires Sans Frontières Germany,VSF-G,INGO
2026-06,South Kordofan,Kadugli,Food Security and Livelihoods,Save the Children International,SCI,INGO
2026-06,East Darfur,Abu Karinka,Multi-Purpose Cash,CARE International in Sudan,CARE,INGO
2026-06,Gedaref,Ar Rahad-GD,Nutrition,Medical Teams International,MTI,INGO
2026-06,Blue Nile,Baw,Health,Save the Children International,SCI,INGO
2026-06,Kassala,Reifi Aroma,Nutrition,CARE International in Sudan,CARE,INGO
2026-06,Kassala,Reifi Khashm Elgirba,Nutrition,JASMAR Human Security Organization,JHSO,NNGO
2026-06,Blue Nile,Ar Rusayris,Health,Pan Health Care Organization,PHCO,NNGO
2026-06,Kassala,Reifi Kassla,Nutrition,Welthungerhilfe (German Agro Action),WHH,INGO
2026-06,Aj Jazirah,Medani Al Kubra,Protection,Save the Children International,SCI,INGO
2026-06,North Kordofan,Ar Rahad-NK,Multi-Purpose Cash,Agency for Technical Cooperation and Development,ACTED,INGO
2026-06,North Darfur,At Tina,Multi-Purpose Cash,Agency for Technical Cooperation and Development,ACTED,INGO
2026-06,North Darfur,Dar As Salam,Multi-Purpose Cash,Agency for Technical Cooperation and Development,ACTED,INGO
2026-06,South Kordofan,Ar Rashad,Health,Child Development Foundation,CDF,NNGO
2026-06,Central Darfur,Azum,Refugee Consultative Forum,United Nations Children's Fund,UNICEF,UN Agency
2026-06,East Darfur,Abu Jabrah,Refugee Consultative Forum,World Food Programme,WFP,UN Agency
2026-06,North Darfur,Kutum,Multi-Purpose Cash,Agency for Technical Cooperation and Development,ACTED,INGO
2026-06,Central Darfur,Mukjar,Food Security and Livelihoods,Catholic Relief Services,CRS,INGO
2026-06,South Kordofan,Ar Reif Ash Shargi,Protection,United Nations Children's Fund,UNICEF,UN Agency
2026-06,South Darfur,Mershing,Food Security and Livelihoods,MERCY CORPS,MC,INGO
2026-06,Gedaref,Wasat Al Gedaref,Protection,Almanar Voluntary Organization,AMVO,NNGO
2026-06,West Darfur,Foro Baranga,Refugee Consultative Forum,World Food Programme,WFP,UN Agency
2026-06,North Kordofan,Um Rawaba,Refugee Consultative Forum,World Food Programme,WFP,UN Agency
2026-06,South Darfur,As Sunta,Refugee Consultative Forum,World Food Programme,WFP,UN Agency
2026-06,South Kordofan,Abu Jubayhah,Refugee Consultative Forum,World Food Programme,WFP,UN Agency
2026-06,South Kordofan,Abassiya,Health,Child Development Foundation,CDF,NNGO
2026-06,North Darfur,Tawila,Shelter and NFIs,Welthungerhilfe,WHH,INGO
2026-06,West Darfur,Jebel Moon,Refugee Consultative Forum,World Food Programme,WFP,UN Agency
2026-06,White Nile,Aj Jabalain,Refugee Consultative Forum,United Nations Children's Fund,UNICEF,UN Agency
2026-06,Aj Jazirah,Al Manaqil,Health,Relief International,RI,INGO
2026-06,South Darfur,Tulus,Food Security and Livelihoods,Veterinaires Sans Frontières Germany,VSF-G,INGO
2026-06,South Darfur,Rehaid Albirdi,Food Security and Livelihoods,Veterinaires Sans Frontières Germany,VSF-G,INGO
2026-06,Khartoum,Um Bada,Food Security and Livelihoods,Humanitarian Relief Foundation,IHH,INGO
2026-06,North Darfur,Al Fasher,Health,Save the Children International,SCI,INGO
2026-06,South Kordofan,Dilling,Nutrition,Save the Children International,SCI,INGO
2026-06,Central Darfur,Zalingi,Health,Save the Children International,SCI,INGO
2026-06,West Kordofan,As Sunut,Food Security and Livelihoods,Sudanese Red Crescent Society,SRCS,Red Cross
2026-06,Aj Jazirah,Al Manaqil,Shelter and NFIs,Islamic Relief Worldwide,IRW,INGO
2026-06,Khartoum,Um Durman,Shelter and NFIs,Islamic Relief Worldwide,IRW,INGO
2026-06,North Kordofan,Sheikan,Shelter and NFIs,Islamic Relief Worldwide,IRW,INGO
2026-06,South Kordofan,Dilling,Health,Child Development Foundation,CDF,NNGO
2026-06,South Darfur,As Salam - SD,Nutrition,International Medical Corps,IMC,INGO
2026-06,West Darfur,Habila - WD,Nutrition,Catholic Relief Services,CRS,INGO
2026-06,Blue Nile,Baw,Nutrition,Action Against Hunger,AAH,INGO
2026-06,North Darfur,Tawila,Multi-Purpose Cash,Community Development Program,CDP,NNGO
2026-06,North Kordofan,Ar Rahad-NK,Food Security and Livelihoods,Alsalam Organization for Rehabilitation and Development,AORD,NNGO
2026-06,Blue Nile,Al Kurmuk,Nutrition,World Relief,WR,INGO
2026-06,South Kordofan,Abu Jubayhah,Food Security and Livelihoods,Peoples' Organization for Development and Rehabilitation,PODR,NNGO
2026-06,Kassala,Reifi Khashm Elgirba,Food Security and Livelihoods,MERCY CORPS,MC,INGO
2026-06,Aj Jazirah,Medani Al Kubra,Nutrition,Save the Children International,SCI,INGO
2026-06,Gedaref,Basundah,Food Security and Livelihoods,MERCY CORPS,MC,INGO
2026-06,Aj Jazirah,Al Manaqil,Multi-Purpose Cash,Action Contre la Faim (Action Against Hunger),ACF,INGO
2026-06,Aj Jazirah,Al Manaqil,Multi-Purpose Cash,Save the Children International,SCI,INGO
2026-06,Sennar,Sennar,Protection,Child Development Foundation,CDF,NNGO
2026-06,West Darfur,Ag Geneina,Protection,World Relief,WR,INGO
2026-06,White Nile,Tendalti,Food Security and Livelihoods,Alegtinam Human Development Organization,AHDO,INGO
2026-06,White Nile,As Salam / Ar Rawat,Food Security and Livelihoods,Alegtinam Human Development Organization,AHDO,INGO
2026-06,Red Sea,Sinkat,Health,INTERSOS,INTERSOS,INGO
2026-06,Aj Jazirah,Medani Al Kubra,Nutrition,WE ARE ALIGHT,ALIGHT,INGO
2026-06,White Nile,As Salam / Ar Rawat,Food Security and Livelihoods,Darfur Development and Reconstructure Agency,DDRA,NNGO
2026-06,Khartoum,Karrari,Protection,Relief International,RI,INGO
2026-06,River Nile,Al Matama,Food Security and Livelihoods,World Vision International,WVI,INGO
2026-06,Kassala,Halfa Aj Jadeedah,Food Security and Livelihoods,World Food Programme,WFP,UN Agency
2026-06,South Darfur,Kas,Food Security and Livelihoods,World Vision International,WVI,INGO
2026-06,South Kordofan,Abassiya,Food Security and Livelihoods,World Vision International,WVI,INGO
2026-06,Central Darfur,Zalingi,Protection,NADA Elazhar for Disaster Privention and Sustainable Development,NADA,NNGO
2026-06,Northern,Ad Dabbah,Food Security and Livelihoods,Addition for Disasters assistance and Development,ADD,NNGO
2026-06,Central Darfur,Wasat Jabal Marrah,Protection,Danish Refugee Council,DRC,INGO
2026-06,North Darfur,At Tawisha,Food Security and Livelihoods,Sahari Organization For Development,SAHARI,NNGO
2026-06,Northern,Al Golid,Protection,Relief International,RI,INGO
2026-06,Blue Nile,Ed Damazine,Food Security and Livelihoods,World Relief,WR,INGO
2026-06,Gedaref,Al Galabat Al Gharbyah - Kassab,Protection,Child Development Foundation,CDF,NNGO
2026-06,Gedaref,Al Galabat Al Gharbyah - Kassab,Food Security and Livelihoods,National Planning Organization,NPO,NNGO
2026-06,Gedaref,Galabat Ash-Shargiah,Food Security and Livelihoods,National Planning Organization,NPO,NNGO
2026-06,Central Darfur,Shamal Jabal Marrah,Education,Save the Children International,SCI,INGO
2026-06,Sennar,Sinja,Education,Hope and Friendship for Development Organization,HFDO,NNGO
2026-06,Kassala,Halfa Aj Jadeedah,Education,Al-Sadagat organization,Al-SO,NNGO
2026-06,Sennar,Sinja,Protection,Child Development Foundation,CDF,NNGO
2026-06,Red Sea,Sawakin,Education,LM International,LMI,INGO
2026-06,South Darfur,As Sunta,Health,Tabasheer for Aid and Development Organization,TADO,NNGO
2026-06,Red Sea,Agig,Nutrition,Save the Children International,SCI,INGO
2026-06,River Nile,Ad Damar,Food Security and Livelihoods,World Vision International,WVI,INGO
2026-06,South Kordofan,Abassiya,Nutrition,CARE International in Sudan,CARE,INGO
2026-06,South Darfur,Nyala Janoub,Nutrition,CARE International in Sudan,CARE,INGO
2026-06,Khartoum,Khartoum,Emergency Telecommunications,World Food Programme,WFP,UN Agency
2026-06,Khartoum,Karrari,Education,Rural Community Development Organization,RCDO,NNGO
2026-06,Khartoum,Jebel Awlia,Health,Medecins Sans Frontieres - Spain,MSF Spain,INGO
2026-06,Aj Jazirah,Medani Al Kubra,Health,Building Foundation for Development,BFD,NNGO
2026-06,Khartoum,Um Durman,Education,Sawa Sudan for Development and Humanitarian Aid,SSDHA,NNGO
2026-06,Khartoum,Sharg An Neel,Education,Sawa Sudan for Development and Humanitarian Aid,SSDHA,NNGO
2026-06,Northern,Delgo,Health,MedGlobal,MedGlobal,INGO
2026-06,Gedaref,Wasat Al Gedaref,Health,Patient Helping Fund,PHF,NNGO
2026-06,Central Darfur,Zalingi,Health,Catholic Relief Services,CRS,INGO
2026-06,East Darfur,Bahr Al Arab,Health,Catholic Relief Services,CRS,INGO
2026-06,South Darfur,Rehaid Albirdi,Health,Rufaida Health Foundation,RHF,NNGO
2026-06,Gedaref,Madeinat Al Gedaref,Emergency Telecommunications,World Food Programme,WFP,UN Agency
2026-06,North Darfur,Tawila,Multi-Purpose Cash,Plan International,PI,INGO
2026-06,Central Darfur,Wasat Jabal Marrah,Logistics,World Food Programme,WFP,UN Agency
2026-06,White Nile,Kosti,Protection,Danish Refugee Council,DRC,INGO
2026-06,East Darfur,Ad Du'ayn,Logistics,World Food Programme,WFP,UN Agency
2026-06,Kassala,Reifi Khashm Elgirba,Health,JASMAR Human Security Organization,JHSO,NNGO
2026-06,Red Sea,Port Sudan,Education,LM International,LMI,INGO
2026-06,Khartoum,Bahri,Education,Japan International Volunteer Center,JVC,INGO
2026-06,Blue Nile,Ar Rusayris,Education,Al-Sadagat organization,Al-SO,NNGO
2026-06,Gedaref,Madeinat Al Gedaref,Education,JAIDAN Youth Organization for Peace and Development,JAIDAN,NNGO
2026-06,Central Darfur,Zalingi,Education,Norwegian Refugee Council,NRC,INGO
2026-06,Gedaref,Wasat Al Gedaref,Health,CARE International in Sudan,CARE,INGO
2026-06,Northern,Ad Dabbah,Logistics,World Food Programme,WFP,UN Agency
2026-06,River Nile,Atbara,Emergency Telecommunications,World Food Programme,WFP,UN Agency
2026-06,Gedaref,Gala'a Al Nahal,Education,Al-Sadagat organization,Al-SO,NNGO
2026-06,Central Darfur,Um Dukhun,Logistics,World Food Programme,WFP,UN Agency
2026-06,Red Sea,Sinkat,Education,LM International,LMI,INGO
2026-06,North Kordofan,Sheikan,Logistics,World Food Programme,WFP,UN Agency
2026-06,Kassala,Reifi Gharb Kassala,Food Security and Livelihoods,Welthungerhilfe (German Agro Action),WHH,INGO
2026-06,Red Sea,Agig,Food Security and Livelihoods,Sudanese Red Crescent Society,SRCS,Red Cross
2026-06,Khartoum,Karrari,Food Security and Livelihoods,Sawa Sudan for Development and Humanitarian Aid,SSDHA,NNGO
2026-06,White Nile,Kosti,Health,Addition for Disasters assistance and Development,ADD,NNGO
2026-06,South Kordofan,Abu Jubayhah,Protection,World Vision International,WVI,INGO
2026-06,Central Darfur,Um Dukhun,Food Security and Livelihoods,Catholic Relief Services,CRS,INGO
2026-06,South Darfur,As Sunta,Nutrition,WE ARE ALIGHT,ALIGHT,INGO
2026-06,Kassala,Reifi Hamashkureib,Health,Patient Helping Fund,PHF,NNGO
2026-06,South Darfur,Nyala Shimal,Nutrition,Medair,Medair,INGO
2026-06,Gedaref,Madeinat Al Gedaref,Education,Plan International,PI,INGO
2026-06,Sennar,Abu Hujar,Education,Al-Sadagat organization,Al-SO,NNGO
2026-06,South Darfur,Nyala Shimal,Education,Al-Sadagat organization,Al-SO,NNGO
2026-06,Northern,Halfa,Protection,NADA Elazhar for Disaster Privention and Sustainable Development,NADA,NNGO
2026-06,Kassala,Reifi Gharb Kassala,Education,United Nations High Commissioner for Refugees,UNHCR,UN Agency
2026-06,South Kordofan,Dilling,Education,Save the Children International,SCI,INGO
2026-06,Khartoum,Jebel Awlia,Food Security and Livelihoods,Sawa Sudan for Development and Humanitarian Aid,SSDHA,NNGO
2026-06,Khartoum,Um Durman,Food Security and Livelihoods,Sawa Sudan for Development and Humanitarian Aid,SSDHA,NNGO
2026-06,South Kordofan,Abu Jubayhah,Health,Goal Global,GOAL,INGO
2026-06,Red Sea,Port Sudan,Health,INTERSOS,INTERSOS,INGO
2026-06,South Darfur,Sharg Aj Jabal,Education,Al-Sadagat organization,Al-SO,NNGO
2026-06,Gedaref,Ar Rahad-GD,Education,Building Resilience Development Organization,BRDO,NNGO
2026-06,Aj Jazirah,Medani Al Kubra,Multi-Purpose Cash,Relief International,RI,INGO
2026-06,Sennar,Ad Dinder,Education,Hope and Friendship for Development Organization,HFDO,NNGO
2026-06,Gedaref,Al Mafaza,Education,United Nations High Commissioner for Refugees,UNHCR,UN Agency
2026-06,Gedaref,Galabat Ash-Shargiah,Logistics,World Food Programme,WFP,UN Agency
2026-06,South Darfur,Beliel,Health,CARE International in Sudan,CARE,INGO
2026-06,White Nile,Kosti,Protection,United Nations Children's Fund,UNICEF,UN Agency
2026-06,North Kordofan,Sheikan,Education,Al-Sadagat organization,Al-SO,NNGO
2026-06,Kassala,Reifi Nahr Atbara,Education,Ayadina For Sudan Development Organization,Ayadina,NNGO
2026-06,Kassala,Reifi Shamal Ad Delta,Food Security and Livelihoods,Welthungerhilfe (German Agro Action),WHH,INGO
2026-06,North Darfur,Dar As Salam,Food Security and Livelihoods,Sudanese Red Crescent Society,SRCS,Red Cross
2026-06,Blue Nile,Ar Rusayris,Food Security and Livelihoods,World Relief,WR,INGO
2026-06,Khartoum,Karrari,Protection,Premiere Urgence Internationale,PUI,INGO
2026-06,Northern,Ad Dabbah,Nutrition,Al-Sadagat organization,Al-SO,NNGO
2026-06,River Nile,Barbar,Food Security and Livelihoods,World Vision International,WVI,INGO
2026-06,River Nile,Atbara,Food Security and Livelihoods,World Vision International,WVI,INGO
2026-06,White Nile,Ad Diwaim,Food Security and Livelihoods,World Vision International,WVI,INGO
2026-06,Sennar,Abu Hujar,Protection,United Nations Children's Fund,UNICEF,UN Agency
2026-06,Aj Jazirah,Al Hasahisa,Nutrition,International Rescue Committee,IRC,INGO
2026-06,Gedaref,Madeinat Al Gedaref,Protection,Sudan Family Planning Association,SFPA,NNGO
2026-06,South Kordofan,Dilling,Nutrition,Plan International,PI,INGO
2026-06,White Nile,Um Rimta,Protection,JASMAR Human Security Organization,JHSO,NNGO
2026-06,South Darfur,As Sunta,Food Security and Livelihoods,Naha,Naha,NNGO
2026-06,Red Sea,Port Sudan,Food Security and Livelihoods,Music for Peace,MfP,INGO
2026-06,Aj Jazirah,Sharg Al Jazirah,Multi-Purpose Cash,Relief International,RI,INGO
2026-06,Khartoum,Karrari,Multi-Purpose Cash,Relief International,RI,INGO
2026-06,North Darfur,Tawila,Multi-Purpose Cash,Relief International,RI,INGO
2026-06,North Kordofan,Um Rawaba,Multi-Purpose Cash,Alsalam Organization for Rehabilitation and Development,AORD,NNGO
2026-06,North Darfur,Dar As Salam,Food Security and Livelihoods,DOFDAHR Organization,DOFDAHR,NNGO
2026-06,Aj Jazirah,Medani Al Kubra,Nutrition,Relief International,RI,INGO
2026-06,Khartoum,Bahri,Multi-Purpose Cash,CAFA Development Organization,CAFA,NNGO
2026-06,Gedaref,Al Galabat Al Gharbyah - Kassab,Food Security and Livelihoods,MERCY CORPS,MC,INGO
2026-06,Gedaref,Al Fashaga,Food Security and Livelihoods,MERCY CORPS,MC,INGO
2026-06,Kassala,Halfa Aj Jadeedah,Food Security and Livelihoods,MERCY CORPS,MC,INGO
2026-06,Khartoum,Khartoum,Food Security and Livelihoods,Al-Sadagat organization,Al-SO,NNGO
2026-06,South Kordofan,Al Leri,Food Security and Livelihoods,Peoples' Organization for Development and Rehabilitation,PODR,NNGO
2026-06,Red Sea,Haya,Multi-Purpose Cash,Betay Development Organization,BDO,NNGO
2026-06,River Nile,Barbar,Food Security and Livelihoods,Sudanese Red Crescent Society,SRCS,Red Cross
2026-06,Khartoum,Khartoum,Health,CADUS for international disaster response,CADUS,INGO
2026-06,River Nile,Al Matama,Food Security and Livelihoods,Sudanese Red Crescent Society,SRCS,Red Cross
2026-06,Red Sea,Sawakin,Multi-Purpose Cash,Betay Development Organization,BDO,NNGO
2026-06,South Kordofan,Abu Jubayhah,Food Security and Livelihoods,SOS Sahel Sudan Organization,SOS Sahel,NNGO
2026-06,White Nile,Kosti,Multi-Purpose Cash,JASMAR Human Security Organization,JHSO,NNGO
2026-06,North Darfur,Tawila,Food Security and Livelihoods,World Relief,WR,INGO
2026-06,Central Darfur,Um Dukhun,Health,INTERSOS,INTERSOS,INGO
2026-06,South Darfur,Nyala Shimal,Multi-Purpose Cash,CARE International in Sudan,CARE,INGO
2026-06,East Darfur,Ad Du'ayn,Food Security and Livelihoods,Sudan Aid Hand Organization,SAHO,NNGO
2026-06,Aj Jazirah,Al Kamlin,Shelter and NFIs,Islamic Relief Worldwide,IRW,INGO
2026-06,North Darfur,Dar As Salam,Shelter and NFIs,Friends of Peace & Development Organization,FPDO,NNGO
2026-06,North Kordofan,Sheikan,Shelter and NFIs,LM International,LMI,INGO
2026-06,Khartoum,Bahri,Food Security and Livelihoods,Humanitarian Relief Foundation,IHH,INGO
2026-06,Blue Nile,Ed Damazine,Nutrition,Action Against Hunger,AAH,INGO
2026-06,Khartoum,Jebel Awlia,Food Security and Livelihoods,Humanitarian Relief Foundation,IHH,INGO
2026-06,Khartoum,Sharg An Neel,Health,Save the Children International,SCI,INGO
2026-06,White Nile,As Salam / Ar Rawat,Refugee Consultative Forum,World Food Programme,WFP,UN Agency
2026-06,West Kordofan,Al Lagowa,Refugee Consultative Forum,World Food Programme,WFP,UN Agency
2026-06,West Kordofan,Al Meiram,Refugee Consultative Forum,World Food Programme,WFP,UN Agency
2026-06,West Kordofan,As Sunut,Refugee Consultative Forum,World Food Programme,WFP,UN Agency
2026-06,South Kordofan,Dilling,Refugee Consultative Forum,United Nations Children's Fund,UNICEF,UN Agency
2026-06,West Darfur,Habila - WD,Refugee Consultative Forum,World Food Programme,WFP,UN Agency
2026-06,North Kordofan,Um Rawaba,Refugee Consultative Forum,United Nations Children's Fund,UNICEF,UN Agency
2026-06,North Darfur,Tawila,Nutrition,INTERSOS,INTERSOS,INGO
2026-06,North Darfur,Tawila,Nutrition,CARE International in Sudan,CARE,INGO
2026-06,Kassala,Reifi Kassla,Refugee Consultative Forum,World Food Programme,WFP,UN Agency
2026-06,Central Darfur,Zalingi,Protection,Child Development Foundation,CDF,NNGO
2026-06,Blue Nile,At Tadamon - BN,Refugee Consultative Forum,United Nations Children's Fund,UNICEF,UN Agency
2026-06,North Darfur,Melit,Multi-Purpose Cash,Agency for Technical Cooperation and Development,ACTED,INGO
2026-06,North Darfur,Al Malha,Protection,Relief International,RI,INGO
2026-06,Khartoum,Jebel Awlia,Nutrition,Medecins Sans Frontieres - Spain,MSF Spain,INGO
2026-06,Khartoum,Bahri,Nutrition,Medair,Medair,INGO
2026-06,Kassala,Reifi Wad Elhilaiw,Nutrition,JASMAR Human Security Organization,JHSO,NNGO
2026-06,East Darfur,Yassin,Nutrition,Catholic Relief Services,CRS,INGO
2026-06,Northern,Dongola,Multi-Purpose Cash,Sudanese Red Crescent Society,SRCS,Red Cross
2026-06,West Darfur,Ag Geneina,Nutrition,International Medical Corps,IMC,INGO
2026-06,East Darfur,Bahr Al Arab,Multi-Purpose Cash,CARE International in Sudan,CARE,INGO
2026-06,Aj Jazirah,Medani Al Kubra,Multi-Purpose Cash,Sudanese Red Crescent Society,SRCS,Red Cross
2026-06,River Nile,Al Buhaira,Health,Building Foundation for Development,BFD,NNGO
2026-06,Central Darfur,Wasat Jabal Marrah,Health,Catholic Relief Services,CRS,INGO
2026-06,Gedaref,Al Mafaza,Refugee Consultative Forum,World Food Programme,WFP,UN Agency
2026-06,East Darfur,Al Firdous,Refugee Consultative Forum,World Food Programme,WFP,UN Agency
2026-06,Central Darfur,Wasat Jabal Marrah,Food Security and Livelihoods,MERCY CORPS,MC,INGO
2026-06,South Darfur,Beliel,Protection,Child Development Foundation,CDF,NNGO
2026-06,South Kordofan,Abu Jubayhah,Multi-Purpose Cash,Agency for Technical Cooperation and Development,ACTED,INGO
2026-06,East Darfur,Al Firdous,Health,CARE International in Sudan,CARE,INGO
2026-06,Central Darfur,Wasat Jabal Marrah,Protection,International Medical Corps,IMC,INGO
2026-06,Gedaref,Madeinat Al Gedaref,Protection,Norwegian Church Aid,NCA,INGO
2026-06,Central Darfur,Azum,Food Security and Livelihoods,MERCY CORPS,MC,INGO
2026-06,White Nile,Kosti,Protection,Humanitarian Conflict Resolution Organization,HCRO,NNGO
2026-06,Northern,Ad Dabbah,Protection,Child Development Foundation,CDF,NNGO
2026-06,Gedaref,Wasat Al Gedaref,Site Management,Agency for Technical Cooperation and Development,ACTED,INGO
2026-06,Khartoum,Khartoum,Protection,Friends of Peace & Development Organization,FPDO,NNGO
2026-06,River Nile,Ad Damar,Protection,International Rescue Committee,IRC,INGO
2026-06,Central Darfur,Um Dukhun,Nutrition,International Medical Corps,IMC,INGO
2026-06,White Nile,Kosti,Protection,International Rescue Committee,IRC,INGO
2026-06,Gedaref,Al Fao,Protection,Almanar Voluntary Organization,AMVO,NNGO
2026-06,Gedaref,Al Galabat Al Gharbyah - Kassab,Protection,Friends of Peace & Development Organization,FPDO,NNGO
2026-06,West Darfur,Jebel Moon,Protection,LM International (formerly known as International Aid Services),LM/IAS,INGO
2026-06,West Kordofan,Al Meiram,Protection,WE ARE ALIGHT,ALIGHT,INGO
2026-06,Blue Nile,At Tadamon - BN,Protection,JASMAR Human Security Organization,JHSO,NNGO
2026-06,Khartoum,Sharg An Neel,Protection,JASMAR Human Security Organization,JHSO,NNGO
2026-06,East Darfur,Ad Du'ayn,Multi-Purpose Cash,CARE International in Sudan,CARE,INGO
2026-06,Khartoum,Um Durman,Protection,Danish Refugee Council,DRC,INGO
2026-06,River Nile,Shendi,Protection,Almanar Voluntary Organization,AMVO,NNGO
2026-06,East Darfur,Shia'ria,Multi-Purpose Cash,CARE International in Sudan,CARE,INGO
2026-06,South Darfur,Nyala Shimal,Protection,World Vision International,WVI,INGO
2026-06,North Darfur,Dar As Salam,Protection,Plan International,PI,INGO
2026-06,White Nile,Kosti,Protection,Save the Children International,SCI,INGO
2026-06,Blue Nile,Wad Al Mahi,Protection,International Rescue Committee,IRC,INGO
2026-06,River Nile,Al Buhaira,Protection,Child Development Foundation,CDF,NNGO
2026-06,Central Darfur,Wasat Jabal Marrah,Protection,Trust for Rehabilitation and Development Organization,TDO,NNGO
2026-06,South Darfur,Mershing,Protection,LM International (formerly known as International Aid Services),LM/IAS,INGO
2026-06,Central Darfur,Wadi Salih,Nutrition,Sudanese Red Crescent Society,SRCS,Red Cross
2026-06,South Kordofan,Dilling,Protection,Save the Children International,SCI,INGO
2026-06,White Nile,Kosti,Nutrition,Action Against Hunger,AAH,INGO
2026-06,South Darfur,Ed Al Fursan,Protection,Peace Bridge Association,PBA,NNGO
2026-06,White Nile,Kosti,Protection,Action against hunger - Spain,ACF -Spain,INGO
2026-06,South Darfur,Nyala Janoub,Protection,World Vision International,WVI,INGO
2026-06,South Kordofan,Talawdi,Protection,United Nations Children's Fund,UNICEF,UN Agency
2026-06,Central Darfur,Bendasi,Health,Sudanese Red Crescent Society,SRCS,Red Cross
2026-06,North Kordofan,Sheikan,Protection,JASMAR Human Security Organization,JHSO,NNGO
2026-06,Khartoum,Sharg An Neel,Protection,Relief International,RI,INGO
2026-06,White Nile,Kosti,Nutrition,International Rescue Committee,IRC,INGO
2026-06,Northern,Merwoe,Protection,Child Development Foundation,CDF,NNGO
2026-06,Central Darfur,Zalingi,Protection,Premiere Urgence Internationale,PUI,INGO
2026-06,White Nile,Al Gitaina,Nutrition,International Rescue Committee,IRC,INGO
2026-06,North Kordofan,Ar Rahad-NK,Health,Plan International,PI,INGO
2026-06,North Darfur,Tawila,Multi-Purpose Cash,International Rescue Committee,IRC,INGO
2026-06,Kassala,Reifi Aroma,Protection,Hope and Friendship for Development Organization,HFDO,NNGO
2026-06,South Darfur,Sharg Aj Jabal,Multi-Purpose Cash,Norwegian Refugee Council,NRC,INGO
2026-06,White Nile,Tendalti,Protection,Action against hunger - Spain,ACF -Spain,INGO
2026-06,North Darfur,Um Kadadah,Multi-Purpose Cash,Agency for Technical Cooperation and Development,ACTED,INGO
2026-06,Gedaref,Madeinat Al Gedaref,Health,CARE International in Sudan,CARE,INGO
2026-06,Kassala,Reifi Wad Elhilaiw,Multi-Purpose Cash,CARE International in Sudan,CARE,INGO
2026-06,South Kordofan,Dilling,Health,Plan International,PI,INGO
2026-06,Blue Nile,Ed Damazine,Food Security and Livelihoods,Islamic Relief Worldwide,IRW,INGO
2026-06,North Darfur,Al Lait,Refugee Consultative Forum,United Nations Children's Fund,UNICEF,UN Agency
2026-06,North Kordofan,Sheikan,Refugee Consultative Forum,World Food Programme,WFP,UN Agency
2026-06,East Darfur,Assalaya,Nutrition,CARE International in Sudan,CARE,INGO
2026-06,East Darfur,Yassin,Multi-Purpose Cash,CARE International in Sudan,CARE,INGO
2026-06,East Darfur,Shia'ria,Protection,WE ARE ALIGHT,ALIGHT,INGO
2026-06,Gedaref,Al Galabat Al Gharbyah - Kassab,Nutrition,Save the Children International,SCI,INGO
2026-06,Blue Nile,Geisan,Food Security and Livelihoods,World Vision International,WVI,INGO
2026-06,East Darfur,Al Firdous,Nutrition,WE ARE ALIGHT,ALIGHT,INGO
2026-06,South Darfur,Sharg Aj Jabal,Multi-Purpose Cash,CARE International in Sudan,CARE,INGO
2026-06,Khartoum,Bahri,Multi-Purpose Cash,Sudanese Red Crescent Society,SRCS,Red Cross
2026-06,West Kordofan,As Salam - WK,Nutrition,WE ARE ALIGHT,ALIGHT,INGO
2026-06,Khartoum,Jebel Awlia,Nutrition,Medair,Medair,INGO
2026-06,Khartoum,Karrari,Nutrition,Premiere Urgence Internationale,PUI,INGO
2026-06,East Darfur,Al Firdous,Multi-Purpose Cash,Agency for Technical Cooperation and Development,ACTED,INGO
2026-06,Blue Nile,Wad Al Mahi,Refugee Consultative Forum,World Food Programme,WFP,UN Agency
2026-06,East Darfur,Bahr Al Arab,Multi-Purpose Cash,Agency for Technical Cooperation and Development,ACTED,INGO
2026-06,Central Darfur,Azum,Refugee Consultative Forum,World Food Programme,WFP,UN Agency
2026-06,East Darfur,Abu Karinka,Refugee Consultative Forum,United Nations Children's Fund,UNICEF,UN Agency
2026-06,East Darfur,Abu Jabrah,Refugee Consultative Forum,United Nations Children's Fund,UNICEF,UN Agency
2026-06,Central Darfur,Um Dukhun,Refugee Consultative Forum,United Nations Children's Fund,UNICEF,UN Agency
2026-06,Northern,Al Golid,Refugee Consultative Forum,World Food Programme,WFP,UN Agency
2026-06,South Darfur,Nyala Janoub,Food Security and Livelihoods,Veterinaires Sans Frontières Germany,VSF-G,INGO
2026-06,North Darfur,Tawila,Nutrition,World Relief,WR,INGO
2026-06,South Kordofan,Al Leri,Refugee Consultative Forum,World Food Programme,WFP,UN Agency
2026-06,South Kordofan,Abassiya,Refugee Consultative Forum,World Food Programme,WFP,UN Agency
2026-06,Central Darfur,Gharb Jabal Marrah,Protection,Save the Children International,SCI,INGO
2026-06,River Nile,Ad Damar,Health,CAFA Development Organization,CAFA,NNGO
2026-06,South Kordofan,Habila - SK,Nutrition,Save the Children International,SCI,INGO
2026-06,South Kordofan,Habila - SK,Refugee Consultative Forum,United Nations Children's Fund,UNICEF,UN Agency
2026-06,Gedaref,Galabat Ash-Shargiah,Health,Save the Children International,SCI,INGO
2026-06,Central Darfur,Wasat Jabal Marrah,Food Security and Livelihoods,Danish Refugee Council,DRC,INGO
2026-06,Northern,Ad Dabbah,Shelter and NFIs,Auttash Organization for Peace and Development,AUTASH,NNGO
2026-06,West Kordofan,Al Dibab,Refugee Consultative Forum,World Food Programme,WFP,UN Agency
2026-06,West Darfur,Sirba,Protection,International Medical Corps,IMC,INGO
2026-06,North Kordofan,Sheikan,Shelter and NFIs,Sudan Organization for Local Community Development,SOLD,NNGO
2026-06,Central Darfur,Gharb Jabal Marrah,Shelter and NFIs,Danish Refugee Council,DRC,INGO
2026-06,Khartoum,Bahri,Protection,JASMAR Human Security Organization,JHSO,NNGO
2026-06,Sennar,Sennar,Food Security and Livelihoods,Sudanese Red Crescent Society,SRCS,Red Cross
2026-06,South Kordofan,Kadugli,Multi-Purpose Cash,Nuba Relief and Rehabilitation Development Organization,NRRDO,NNGO
2026-06,Aj Jazirah,Janub Al Jazirah,Shelter and NFIs,Islamic Relief Worldwide,IRW,INGO
2026-06,North Kordofan,Sheikan,Shelter and NFIs,Human Appeal - UK,HA UK,INGO
2026-06,White Nile,Ad Diwaim,Food Security and Livelihoods,Sudanese Red Crescent Society,SRCS,Red Cross
2026-06,North Darfur,Al Fasher,Shelter and NFIs,Norwegian Refugee Council,NRC,INGO
2026-06,South Darfur,Sharg Aj Jabal,Shelter and NFIs,Solidarites International,SI,INGO
2026-06,Central Darfur,Zalingi,Food Security and Livelihoods,Darfur Development and Reconstructure Agency,DDRA,NNGO
2026-06,South Kordofan,Abassiya,Food Security and Livelihoods,Save the Children International,SCI,INGO
2026-06,River Nile,Barbar,Food Security and Livelihoods,JASMAR Human Security Organization,JHSO,NNGO
2026-06,West Darfur,Foro Baranga,Nutrition,INTERSOS,INTERSOS,INGO
2026-06,West Darfur,Ag Geneina,Food Security and Livelihoods,Catholic Relief Services,CRS,INGO
2026-06,South Kordofan,Kadugli,Food Security and Livelihoods,Norwegian Refugee Council,NRC,INGO
2026-06,Khartoum,Um Bada,Multi-Purpose Cash,Sudan Zero Waste Organization,SZWO,NNGO
2026-06,Blue Nile,Ar Rusayris,Protection,Pan Health Care Organization,PHCO,NNGO
2026-06,West Darfur,Ag Geneina,Food Security and Livelihoods,World Relief,WR,INGO
2026-06,North Kordofan,Um Rawaba,Food Security and Livelihoods,Alsalam Organization for Rehabilitation and Development,AORD,NNGO
2026-06,River Nile,Atbara,Nutrition,Save the Children International,SCI,INGO
2026-06,Kassala,Reifi Wad Elhilaiw,Food Security and Livelihoods,MERCY CORPS,MC,INGO
2026-06,North Kordofan,Sheikan,Food Security and Livelihoods,Alsalam Organization for Rehabilitation and Development,AORD,NNGO
2026-06,Khartoum,Sharg An Neel,Multi-Purpose Cash,CAFA Development Organization,CAFA,NNGO
2026-06,West Darfur,Kereneik,Food Security and Livelihoods,Asyaj Charity Organization,Asyaj,NNGO
2026-06,North Darfur,Saraf Omra,Food Security and Livelihoods,Asyaj Charity Organization,Asyaj,NNGO
2026-06,North Darfur,As Serief,Food Security and Livelihoods,Asyaj Charity Organization,Asyaj,NNGO
2026-06,Khartoum,Um Durman,Multi-Purpose Cash,CAFA Development Organization,CAFA,NNGO
2026-06,Northern,Ad Dabbah,Multi-Purpose Cash,Relief International,RI,INGO
2026-06,North Darfur,Tawila,Food Security and Livelihoods,Al-Sadagat organization,Al-SO,NNGO
2026-06,White Nile,Aj Jabalain,Food Security and Livelihoods,Alegtinam Human Development Organization,AHDO,INGO
2026-06,White Nile,Rabak,Food Security and Livelihoods,Alegtinam Human Development Organization,AHDO,INGO
2026-06,Northern,Halfa,Multi-Purpose Cash,NADA Elazhar for Disaster Privention and Sustainable Development,NADA,NNGO
2026-06,Central Darfur,Gharb Jabal Marrah,Multi-Purpose Cash,African Friendship Organization,AFO,INGO
2026-06,Central Darfur,Um Dukhun,Protection,Trust for Rehabilitation and Development Organization,TDO,NNGO
2026-06,South Darfur,As Salam - SD,Health,Tabasheer for Aid and Development Organization,TADO,NNGO
2026-06,Central Darfur,Zalingi,Food Security and Livelihoods,Norwegian Church Aid,NCA,INGO
2026-06,South Kordofan,Habila - SK,Food Security and Livelihoods,World Vision International,WVI,INGO
2026-06,South Kordofan,Um Durein,Food Security and Livelihoods,World Vision International,WVI,INGO
2026-06,Gedaref,Galabat Ash-Shargiah,Food Security and Livelihoods,MERCY CORPS,MC,INGO
2026-06,South Kordofan,Dilling,Food Security and Livelihoods,World Vision International,WVI,INGO
2026-06,White Nile,Rabak,Protection,United Nations Children's Fund,UNICEF,UN Agency
2026-06,North Darfur,Saraf Omra,Protection,Friends of Peace & Development Organization,FPDO,NNGO
2026-05,Northern,Al Golid,Health,Building Foundation for Development,BFD,NNGO
2026-05,West Darfur,Ag Geneina,Multi-Purpose Cash,Handicap International Federation,HIF,INGO
2026-05,Northern,Dongola,Health,Building Foundation for Development,BFD,NNGO
2026-05,Northern,Halfa,Health,Building Foundation for Development,BFD,NNGO
2026-05,Northern,Dongola,Health,Building Resilience Development Organization,BRDO,NNGO
2026-05,Northern,Merwoe,Health,Building Foundation for Development,BFD,NNGO
2026-05,White Nile,Aj Jabalain,Education,Ayadina For Sudan Development Organization,Ayadina,NNGO
2026-05,Red Sea,Port Sudan,Health,Dar for Community Development,DCD,NNGO
2026-05,Red Sea,Port Sudan,Health,Sudanese American Physicians Association,SAPA,INGO
2026-05,River Nile,Al Buhaira,Health,Building Foundation for Development,BFD,NNGO
2026-05,White Nile,Guli,Health,Action Against Hunger,AAH,INGO
2026-05,Northern,Ad Dabbah,Health,MedGlobal,MedGlobal,INGO
2026-05,River Nile,Al Matama,Health,Building Foundation for Development,BFD,NNGO
2026-05,South Darfur,Um Dafoug,Health,Rufaida Health Foundation,RHF,NNGO
2026-05,South Darfur,Shattaya,Health,National Initiative Development Organization,NIDO,NNGO
2026-05,South Darfur,Sharg Aj Jabal,Health,National Initiative Development Organization,NIDO,NNGO
2026-05,Central Darfur,Zalingi,Health,Save the Children International,SCI,INGO
2026-05,South Darfur,Rehaid Albirdi,Health,Rufaida Health Foundation,RHF,NNGO
2026-05,Sennar,Ad Dinder,Education,Al-Sadagat organization,Al-SO,NNGO
2026-05,South Darfur,Kas,Health,CARE International in Sudan,CARE,INGO
2026-05,White Nile,Kosti,Multi-Purpose Cash,NADA Elazhar for Disaster Privention and Sustainable Development,NADA,NNGO
2026-05,South Darfur,Nyala Janoub,Health,CARE International in Sudan,CARE,INGO
2026-05,North Darfur,Kutum,Health,Goal Global,GOAL,INGO
2026-05,South Darfur,Beliel,Health,WE ARE ALIGHT,ALIGHT,INGO
2026-05,South Darfur,Kubum,Health,National Initiative Development Organization,NIDO,NNGO
2026-05,South Darfur,Ed Al Fursan,Health,Rufaida Health Foundation,RHF,NNGO
2026-05,South Kordofan,Abu Kershola,Health,Goal Global,GOAL,INGO
2026-05,West Darfur,Beida,Health,Dar for Community Development,DCD,NNGO
2026-05,West Darfur,Kereneik,Health,World Relief,WR,INGO
2026-05,White Nile,As Salam / Ar Rawat,Health,Sudan Social Development Organization,SSDO,NNGO
2026-05,West Kordofan,An Nuhud,Health,CAFA Development Organization,CAFA,NNGO
2026-05,Aj Jazirah,Sharg Al Jazirah,Health,Building Foundation for Development,BFD,NNGO
2026-05,Aj Jazirah,Al Qurashi,Health,Patient Helping Fund,PHF,NNGO
2026-05,White Nile,Um Rimta,Health,Sudan Social Development Organization,SSDO,NNGO
2026-05,Central Darfur,Azum,Health,World Relief,WR,INGO
2026-05,Central Darfur,Wasat Jabal Marrah,Health,World Relief,WR,INGO
2026-05,Central Darfur,Zalingi,Health,Sudanese Red Crescent Society,SRCS,Red Cross
2026-05,Central Darfur,Shamal Jabal Marrah,Health,Saeker Voluntary Organization,SVO,NNGO
2026-05,East Darfur,Bahr Al Arab,Health,CARE International in Sudan,CARE,INGO
2026-05,Gedaref,Al Qureisha,Health,Patient Helping Fund,PHF,NNGO
2026-05,Gedaref,Al Qureisha,Health,Rufaida Health Foundation,RHF,NNGO
2026-05,Aj Jazirah,Al Hasahisa,Nutrition,Muslim Aid Sudan,MAS,INGO
2026-05,Gedaref,Gala'a Al Nahal,Health,Patient Helping Fund,PHF,NNGO
2026-05,Gedaref,Basundah,Health,Patient Helping Fund,PHF,NNGO
2026-05,East Darfur,Shia'ria,Health,CARE International in Sudan,CARE,INGO
2026-05,Kassala,Reifi Gharb Kassala,Health,Patient Helping Fund,PHF,NNGO
2026-05,Kassala,Reifi Hamashkureib,Health,Patient Helping Fund,PHF,NNGO
2026-05,Kassala,Reifi Nahr Atbara,Health,Patient Helping Fund,PHF,NNGO
2026-05,Kassala,Reifi Telkok,Health,Patient Helping Fund,PHF,NNGO
2026-05,Khartoum,Jebel Awlia,Health,Medair,Medair,INGO
2026-05,North Darfur,Dar As Salam,Health,Patient Helping Fund,PHF,NNGO
2026-05,North Darfur,Kelemando,Health,Tabasheer for Aid and Development Organization,TADO,NNGO
2026-05,Khartoum,Um Durman,Health,Sudanese American Physicians Association,SAPA,INGO
2026-05,North Darfur,Tawila,Health,Tabasheer for Aid and Development Organization,TADO,NNGO
2026-05,North Darfur,Kebkabiya,Health,Auttash Organization for Peace and Development,AUTASH,NNGO
2026-05,North Darfur,Al Lait,Health,Sahari Organization For Development,SAHARI,NNGO
2026-05,North Darfur,Tawila,Health,WE ARE ALIGHT,ALIGHT,INGO
2026-05,North Darfur,Um Kadadah,Health,Sahari Organization For Development,SAHARI,NNGO
2026-05,North Darfur,Saraf Omra,Health,Auttash Organization for Peace and Development,AUTASH,NNGO
2026-05,North Darfur,Tawila,Shelter and NFIs,Norwegian Refugee Council,NRC,INGO
2026-05,North Kordofan,Sheikan,Health,Sudan Social Development Organization,SSDO,NNGO
2026-05,Northern,Al Burgaig,Health,Building Foundation for Development,BFD,NNGO
2026-05,South Darfur,Gereida,Health,WE ARE ALIGHT,ALIGHT,INGO
2026-05,North Darfur,As Serief,Health,Auttash Organization for Peace and Development,AUTASH,NNGO
2026-05,South Darfur,Nyala Janoub,Health,WE ARE ALIGHT,ALIGHT,INGO
2026-05,River Nile,Abu Hamad,Health,Building Foundation for Development,BFD,NNGO
2026-05,South Darfur,Kubum,Health,WE ARE ALIGHT,ALIGHT,INGO
2026-05,River Nile,Barbar,Health,Building Foundation for Development,BFD,NNGO
2026-05,North Darfur,Tawila,Shelter and NFIs,INTERSOS,INTERSOS,INGO
2026-05,South Darfur,Sharg Aj Jabal,Health,WE ARE ALIGHT,ALIGHT,INGO
2026-05,South Darfur,Buram,Health,National Initiative Development Organization,NIDO,NNGO
2026-05,Sennar,Sennar,Health,Pan Health Care Organization,PHCO,NNGO
2026-05,South Darfur,Buram,Health,WE ARE ALIGHT,ALIGHT,INGO
2026-05,South Darfur,As Salam - SD,Health,Tabasheer for Aid and Development Organization,TADO,NNGO
2026-05,South Kordofan,Ar Rashad,Health,Goal Global,GOAL,INGO
2026-05,Aj Jazirah,Medani Al Kubra,Health,Building Foundation Development/Benna,BFD/B,INGO
2026-05,South Darfur,Nyala Shimal,Health,CARE International in Sudan,CARE,INGO
2026-05,West Darfur,Kereneik,Health,World Vision International,WVI,INGO
2026-05,South Kordofan,Ghadeer,Health,Goal Global,GOAL,INGO
2026-05,White Nile,Guli,Health,Sudan Social Development Organization,SSDO,NNGO
2026-05,Gedaref,Wasat Al Gedaref,Health,Patient Helping Fund,PHF,NNGO
2026-05,Central Darfur,Gharb Jabal Marrah,Health,World Relief,WR,INGO
2026-05,Central Darfur,Um Dukhun,Health,World Relief,WR,INGO
2026-05,North Kordofan,Sheikan,Food Security and Livelihoods,Sudanese Red Crescent Society,SRCS,Red Cross
2026-05,Gedaref,Wasat Al Gedaref,Health,WE ARE ALIGHT,ALIGHT,INGO
2026-05,Khartoum,Sharg An Neel,Health,Medair,Medair,INGO
2026-05,South Darfur,As Salam - SD,Health,WE ARE ALIGHT,ALIGHT,INGO
2026-05,North Darfur,Tawila,Health,Patient Helping Fund,PHF,NNGO
2026-05,North Kordofan,Um Rawaba,Food Security and Livelihoods,Sudanese Red Crescent Society,SRCS,Red Cross
2026-05,East Darfur,Adila,Health,WE ARE ALIGHT,ALIGHT,INGO
2026-05,Blue Nile,Wad Al Mahi,Protection,Sudan Social Development Organization,SSDO,NNGO
2026-05,East Darfur,Assalaya,Health,WE ARE ALIGHT,ALIGHT,INGO
2026-05,River Nile,Atbara,Health,Building Foundation for Development,BFD,NNGO
2026-05,East Darfur,Ad Du'ayn,Health,WE ARE ALIGHT,ALIGHT,INGO
2026-05,Central Darfur,Zalingi,WASH,Triangle Génération Humanitaire,TGH,INGO
2026-05,Kassala,Reifi Hamashkureib,Health,Samaritan's Purse,SP,INGO
2026-05,White Nile,Kosti,Health,Addition for Disasters assistance and Development,ADD,NNGO
2026-05,East Darfur,Abu Karinka,Health,WE ARE ALIGHT,ALIGHT,INGO
2026-05,Gedaref,Al Galabat Al Gharbyah - Kassab,Health,Patient Helping Fund,PHF,NNGO
2026-05,North Darfur,Melit,Food Security and Livelihoods,Sudanese Red Crescent Society,SRCS,Red Cross
2026-05,Gedaref,Gala'a Al Nahal,Health,Save the Children International,SCI,INGO
2026-05,Northern,Ad Dabbah,Food Security and Livelihoods,Sudanese Red Crescent Society,SRCS,Red Cross
2026-05,North Darfur,Al Fasher,Health,Tabasheer for Aid and Development Organization,TADO,NNGO
2026-05,North Darfur,Al Koma,Health,Tabasheer for Aid and Development Organization,TADO,NNGO
2026-05,North Darfur,Melit,Health,Tabasheer for Aid and Development Organization,TADO,NNGO
2026-05,North Darfur,At Tawisha,Health,Sahari Organization For Development,SAHARI,NNGO
2026-05,West Darfur,Sirba,Health,Premiere Urgence Internationale,PUI,INGO
2026-05,West Darfur,Ag Geneina,Health,Premiere Urgence Internationale,PUI,INGO
2026-05,South Darfur,Nyala Shimal,Food Security and Livelihoods,World Vision International,WVI,INGO
2026-05,Aj Jazirah,Medani Al Kubra,Health,Premiere Urgence Internationale,PUI,INGO
2026-05,West Darfur,Jebel Moon,Food Security and Livelihoods,Asyaj Charity Organization,Asyaj,NNGO
2026-05,South Kordofan,Habila - SK,Health,Goal Global,GOAL,INGO
2026-05,Central Darfur,Wasat Jabal Marrah,Health,International Medical Corps,IMC,INGO
2026-05,South Kordofan,Abu Jubayhah,Multi-Purpose Cash,Alsalam Organization for Rehabilitation and Development,AORD,NNGO
2026-05,Blue Nile,Baw,WASH,World Relief,WR,INGO
2026-05,Red Sea,Port Sudan,WASH,Plan International,PI,INGO
2026-05,Gedaref,Wasat Al Gedaref,WASH,Rural Community Development Organization,RCDO,NNGO
2026-05,Khartoum,Um Bada,WASH,Sudan Zero Waste Organization,SZWO,NNGO
2026-05,Northern,Halfa,Protection,JASMAR Human Security Organization,JHSO,NNGO
2026-05,South Kordofan,At Tadamon - SK,WASH,Plan International,PI,INGO
2026-05,Gedaref,Madeinat Al Gedaref,WASH,Rural Community Development Organization,RCDO,NNGO
2026-05,Khartoum,Jebel Awlia,WASH,Sudan Zero Waste Organization,SZWO,NNGO
2026-05,Aj Jazirah,Al Manaqil,WASH,Relief International,RI,INGO
2026-05,Gedaref,Al Galabat Al Gharbyah - Kassab,WASH,Rural Community Development Organization,RCDO,NNGO
2026-05,South Darfur,Al Wihda,WASH,MERCY CORPS,MC,INGO
2026-05,Aj Jazirah,Medani Al Kubra,WASH,Islamic Relief Worldwide,IRW,INGO
2026-05,Khartoum,Sharg An Neel,WASH,Sudan Zero Waste Organization,SZWO,NNGO
2026-05,North Darfur,As Serief,Protection,Kabkabiya Small holders Charitable Society,KSCS,NNGO
2026-05,Khartoum,Khartoum,WASH,Agency for Technical Cooperation and Development,ACTED,INGO
2026-05,Gedaref,Wasat Al Gedaref,WASH,Agency for Technical Cooperation and Development,ACTED,INGO
2026-05,White Nile,Tendalti,WASH,Agency for Technical Cooperation and Development,ACTED,INGO
2026-05,Aj Jazirah,Janub Al Jazirah,WASH,Islamic Relief Worldwide,IRW,INGO
2026-05,Kassala,Reifi Telkok,WASH,Samaritan's Purse,SP,INGO
2026-05,Khartoum,Karrari,WASH,International Rescue Committee,IRC,INGO
2026-05,Kassala,Reifi Telkok,WASH,SOS Sahel Sudan Organization,SOS Sahel,NNGO
2026-05,Aj Jazirah,Sharg Al Jazirah,WASH,Agency for Technical Cooperation and Development,ACTED,INGO
2026-05,Aj Jazirah,Al Manaqil,Food Security and Livelihoods,Alegtinam Human Development Organization,AHDO,INGO
2026-05,West Darfur,Ag Geneina,Health,International Medical Corps,IMC,INGO
2026-05,Aj Jazirah,Medani Al Kubra,WASH,International Rescue Committee,IRC,INGO
2026-05,Sennar,Ad Dali,Food Security and Livelihoods,Alegtinam Human Development Organization,AHDO,INGO
2026-05,White Nile,Rabak,WASH,Action Against Hunger,AAH,INGO
2026-05,North Kordofan,Sheikan,WASH,Alsalam Organization for Rehabilitation and Development,AORD,NNGO
2026-05,Khartoum,Jebel Awlia,Food Security and Livelihoods,Alegtinam Human Development Organization,AHDO,INGO
2026-05,White Nile,Guli,Food Security and Livelihoods,Alegtinam Human Development Organization,AHDO,INGO
2026-05,South Darfur,Mershing,WASH,LM International,LMI,INGO
2026-05,Gedaref,Wasat Al Gedaref,WASH,Norwegian Refugee Council,NRC,INGO
2026-05,Red Sea,Port Sudan,Logistics,World Food Programme,WFP,UN Agency
2026-05,Blue Nile,Ed Damazine,Food Security and Livelihoods,Alegtinam Human Development Organization,AHDO,INGO
2026-05,South Kordofan,Abassiya,WASH,Plan International,PI,INGO
2026-05,North Kordofan,Sheikan,WASH,LM International,LMI,INGO
2026-05,North Darfur,Al Lait,Multi-Purpose Cash,Sudanese Organization for Relief and Development,SORD,NNGO
2026-05,Gedaref,Al Mafaza,WASH,International Rescue Committee,IRC,INGO
2026-05,North Darfur,Tawila,WASH,Friends of Peace & Development Organization,FPDO,NNGO
2026-05,Khartoum,Um Bada,Food Security and Livelihoods,Alegtinam Human Development Organization,AHDO,INGO
2026-05,West Kordofan,Al Lagowa,WASH,WE ARE ALIGHT,ALIGHT,INGO
2026-05,North Darfur,Tawila,WASH,Welthungerhilfe,WHH,INGO
2026-05,Aj Jazirah,Janub Al Jazirah,WASH,Relief International,RI,INGO
2026-05,North Darfur,Tawila,WASH,Triangle Génération Humanitaire,TGH,INGO
2026-05,North Darfur,Tawila,Health,World Relief,WR,INGO
2026-05,South Darfur,Beliel,Health,International Medical Corps,IMC,INGO
2026-05,White Nile,Kosti,WASH,Agency for Technical Cooperation and Development,ACTED,INGO
2026-05,South Darfur,Sharg Aj Jabal,WASH,WE ARE ALIGHT,ALIGHT,INGO
2026-05,North Darfur,Tawila,WASH,Relief International,RI,INGO
2026-05,Blue Nile,Wad Al Mahi,WASH,International Rescue Committee,IRC,INGO
2026-05,Aj Jazirah,Sharg Al Jazirah,Health,Building Foundation Development/Benna,BFD/B,INGO
2026-05,Gedaref,Galabat Ash-Shargiah,Health,Medical Teams International,MTI,INGO
2026-05,Northern,Merwoe,Health,Sahari Organization For Development,SAHARI,NNGO
2026-05,Gedaref,Galabat Ash-Shargiah,WASH,Friends of Peace & Development Organization,FPDO,NNGO
2026-05,Gedaref,Basundah,Health,Medical Teams International,MTI,INGO
2026-05,South Darfur,Nyala Shimal,WASH,WE ARE ALIGHT,ALIGHT,INGO
2026-05,Gedaref,Al Mafaza,Health,Medical Teams International,MTI,INGO
2026-05,Aj Jazirah,Al Manaqil,WASH,Agency for Technical Cooperation and Development,ACTED,INGO
2026-05,Aj Jazirah,Medani Al Kubra,WASH,Relief International,RI,INGO
2026-05,White Nile,Kosti,WASH,International Rescue Committee,IRC,INGO
2026-05,Blue Nile,Ed Damazine,WASH,International Rescue Committee,IRC,INGO
2026-05,White Nile,Aj Jabalain,WASH,Agency for Technical Cooperation and Development,ACTED,INGO
2026-05,North Kordofan,Ar Rahad-NK,Multi-Purpose Cash,MERCY CORPS,MC,INGO
2026-05,West Kordofan,An Nuhud,WASH,WE ARE ALIGHT,ALIGHT,INGO
2026-05,Khartoum,Bahri,Multi-Purpose Cash,NADA Elazhar for Disaster Privention and Sustainable Development,NADA,NNGO
2026-05,River Nile,Atbara,WASH,JASMAR Human Security Organization,JHSO,NNGO
2026-05,Central Darfur,Wasat Jabal Marrah,Food Security and Livelihoods,Save the Children International,SCI,INGO
2026-05,Northern,Dongola,Protection,Child Development Foundation,CDF,NNGO
2026-05,Central Darfur,Um Dukhun,Health,International Medical Corps,IMC,INGO
2026-05,Aj Jazirah,Medani Al Kubra,WASH,Triangle Génération Humanitaire,TGH,INGO
2026-05,Gedaref,Al Fao,WASH,WE ARE ALIGHT,ALIGHT,INGO
2026-05,Gedaref,Madeinat Al Gedaref,Food Security and Livelihoods,Save the Children International,SCI,INGO
2026-05,North Darfur,Tawila,WASH,LM International,LMI,INGO
2026-05,North Darfur,Tawila,Food Security and Livelihoods,Triangle Génération Humanitaire,TGH,INGO
2026-05,West Darfur,Foro Baranga,Food Security and Livelihoods,Triangle Génération Humanitaire,TGH,INGO
2026-05,North Darfur,Dar As Salam,WASH,Friends of Peace & Development Organization,FPDO,NNGO
2026-05,Central Darfur,Gharb Jabal Marrah,WASH,Sahari Organization For Development,SAHARI,NNGO
2026-05,North Darfur,Tawila,Protection,National Association for Child Protection,NACP,NNGO
2026-05,North Darfur,Al Malha,WASH,Relief International,RI,INGO
2026-05,White Nile,Ad Diwaim,WASH,International Rescue Committee,IRC,INGO
2026-05,North Darfur,Melit,Food Security and Livelihoods,Humanity for Development and Prosperity Organization,HDPO,NNGO
2026-05,Sennar,Ad Dinder,Food Security and Livelihoods,Alegtinam Human Development Organization,AHDO,INGO
2026-05,West Darfur,Foro Baranga,Health,INTERSOS,INTERSOS,INGO
2026-05,North Darfur,Tawila,Protection,Friends of Peace & Development Organization,FPDO,NNGO
2026-05,Kassala,Reifi Gharb Kassala,Protection,Hope and Friendship for Development Organization,HFDO,NNGO
2026-05,Blue Nile,Baw,Food Security and Livelihoods,Food and Agriculture Organization,FAO,UN Agency
2026-05,River Nile,Abu Hamad,Protection,Almanar Voluntary Organization,AMVO,NNGO
2026-05,Gedaref,Wasat Al Gedaref,Protection,Child Development Foundation,CDF,NNGO
2026-05,West Kordofan,As Salam - WK,Protection,WE ARE ALIGHT,ALIGHT,INGO
2026-05,Central Darfur,Wasat Jabal Marrah,Protection,AWAFY Sudanese Organization,AWAFY,NNGO
2026-05,White Nile,Kosti,Protection,Almanar Voluntary Organization,AMVO,NNGO
2026-05,West Kordofan,Al Idia,Protection,CAFA Development Organization,CAFA,NNGO
2026-05,White Nile,Kosti,Protection,JASMAR Human Security Organization,JHSO,NNGO
2026-05,North Darfur,Tawila,Protection,Nonviolent Peaceforce,NP,INGO
2026-05,Kassala,Halfa Aj Jadeedah,Protection,WE ARE ALIGHT,ALIGHT,INGO
2026-05,North Darfur,Al Koma,Protection,United Nations Children's Fund,UNICEF,UN Agency
2026-05,North Darfur,Kebkabiya,Protection,Kabkabiya Small holders Charitable Society,KSCS,NNGO
2026-05,North Darfur,Saraf Omra,Protection,United Nations Children's Fund,UNICEF,UN Agency
2026-05,North Darfur,Saraf Omra,Protection,Kabkabiya Small holders Charitable Society,KSCS,NNGO
2026-05,Central Darfur,Gharb Jabal Marrah,Protection,World Relief,WR,INGO
2026-05,Blue Nile,Ar Rusayris,Protection,United Nations Children's Fund,UNICEF,UN Agency
2026-05,Khartoum,Karrari,Protection,Almanar Voluntary Organization,AMVO,NNGO
2026-05,Khartoum,Bahri,Protection,Friends of Peace & Development Organization,FPDO,NNGO
2026-05,Sennar,Ad Dinder,Protection,CAFA Development Organization,CAFA,NNGO
2026-05,Northern,Halfa,Multi-Purpose Cash,NADA Elazhar for Disaster Privention and Sustainable Development,NADA,NNGO
2026-05,North Darfur,Melit,Protection,Cooperazione Internazionale,COOPI,INGO
2026-05,Blue Nile,Ed Damazine,Protection,CAFA Development Organization,CAFA,NNGO
2026-05,Red Sea,Port Sudan,Protection,Sudanese Coalition for Education for All,SCEFA,NNGO
2026-05,North Darfur,Tawila,Protection,INTERSOS,INTERSOS,INGO
2026-05,White Nile,Rabak,Protection,International Rescue Committee,IRC,INGO
2026-05,Kassala,Halfa Aj Jadeedah,Protection,Plan International,PI,INGO
2026-05,Gedaref,Al Galabat Al Gharbyah - Kassab,Protection,Norwegian Church Aid,NCA,INGO
2026-05,White Nile,Kosti,Protection,Save the Children International,SCI,INGO
2026-05,White Nile,Kosti,Protection,Danish Refugee Council,DRC,INGO
2026-05,East Darfur,Al Firdous,Protection,World Vision International,WVI,INGO
2026-05,West Darfur,Ag Geneina,Protection,Hope and Friendship for Development Organization,HFDO,NNGO
2026-05,Red Sea,Port Sudan,Protection,Abu Hadia Society for Women and Community Devleopment,AHSWCD,NNGO
2026-05,South Darfur,Mershing,Protection,LM International (formerly known as International Aid Services),LM/IAS,INGO
2026-05,White Nile,Kosti,Food Security and Livelihoods,Alegtinam Human Development Organization,AHDO,INGO
2026-05,Blue Nile,Baw,Protection,United Nations Children's Fund,UNICEF,UN Agency
2026-05,North Darfur,Al Malha,Protection,Relief International,RI,INGO
2026-05,North Darfur,Tawila,Protection,United Nations Children's Fund,UNICEF,UN Agency
2026-05,North Darfur,Melit,Health,Humanity for Development and Prosperity Organization,HDPO,NNGO
2026-05,White Nile,Kosti,Emergency Telecommunications,World Food Programme,WFP,UN Agency
2026-05,North Darfur,Tawila,Logistics,World Food Programme,WFP,UN Agency
2026-05,Blue Nile,Ed Damazine,Emergency Telecommunications,World Food Programme,WFP,UN Agency
2026-05,Central Darfur,Zalingi,Logistics,World Food Programme,WFP,UN Agency
2026-05,Northern,Ad Dabbah,Logistics,World Food Programme,WFP,UN Agency
2026-05,Kassala,Madeinat Kassala,Logistics,World Food Programme,WFP,UN Agency
2026-05,North Kordofan,Sheikan,Logistics,World Food Programme,WFP,UN Agency
2026-05,Kassala,Madeinat Kassala,Emergency Telecommunications,World Food Programme,WFP,UN Agency
2026-05,Khartoum,Khartoum,Multi-Purpose Cash,CARE International in Sudan,CARE,INGO
2026-05,Northern,Halfa,Food Security and Livelihoods,Food and Agriculture Organization,FAO,UN Agency
2026-05,North Kordofan,Sheikan,Multi-Purpose Cash,Agency for Technical Cooperation and Development,ACTED,INGO
2026-05,South Kordofan,Habila - SK,Multi-Purpose Cash,Agency for Technical Cooperation and Development,ACTED,INGO
2026-05,Red Sea,Port Sudan,Emergency Telecommunications,World Food Programme,WFP,UN Agency
2026-05,Aj Jazirah,Medani Al Kubra,Protection,JASMAR Human Security Organization,JHSO,NNGO
2026-05,Kassala,Halfa Aj Jadeedah,Health,Building Resilience Development Organization,BRDO,NNGO
2026-05,Central Darfur,Shamal Jabal Marrah,WASH,Solidarites International,SI,INGO
2026-05,Khartoum,Um Bada,WASH,Solidarites International,SI,INGO
2026-05,East Darfur,Yassin,WASH,African Relief Committee,ARC,NNGO
2026-05,Khartoum,Sharg An Neel,WASH,Agency for Technical Cooperation and Development,ACTED,INGO
2026-05,White Nile,Aj Jabalain,WASH,Adventist Development and Relief Agency,ADRA,INGO
2026-05,Kassala,Madeinat Kassala,Health,Building Resilience Development Organization,BRDO,NNGO
2026-05,South Darfur,Ed Al Fursan,Health,WE ARE ALIGHT,ALIGHT,INGO
2026-05,Central Darfur,Wasat Jabal Marrah,Protection,Hope and Friendship for Development Organization,HFDO,NNGO
2026-05,Gedaref,Al Fao,Multi-Purpose Cash,Danish Refugee Council,DRC,INGO
2026-05,Khartoum,Jebel Awlia,Health,EMERGENCY NGO,EMERGENCY NGO,INGO
2026-05,Aj Jazirah,Medani Al Kubra,Health,WE ARE ALIGHT,ALIGHT,INGO
2026-05,North Darfur,Tawila,Health,INTERSOS,INTERSOS,INGO
2026-05,Aj Jazirah,Janub Al Jazirah,Health,Premiere Urgence Internationale,PUI,INGO
2026-05,Northern,Delgo,Health,MedGlobal,MedGlobal,INGO
2026-05,Central Darfur,Um Dukhun,Protection,AWAFY Sudanese Organization,AWAFY,NNGO
2026-05,West Darfur,Kereneik,Health,Premiere Urgence Internationale,PUI,INGO
2026-05,West Darfur,Kereneik,Protection,Premiere Urgence Internationale,PUI,INGO
2026-05,Central Darfur,Zalingi,Health,Premiere Urgence Internationale,PUI,INGO
2026-05,Aj Jazirah,Sharg Al Jazirah,Multi-Purpose Cash,Relief International,RI,INGO
2026-05,Northern,Halfa,Protection,Child Development Foundation,CDF,NNGO
2026-05,Khartoum,Um Durman,Health,Medical Teams International,MTI,INGO
2026-05,Gedaref,Wasat Al Gedaref,Health,Save the Children International,SCI,INGO
2026-05,Gedaref,Galabat Ash-Shargiah,Health,Save the Children International,SCI,INGO
2026-05,Kassala,Madeinat Kassala,Health,WE ARE ALIGHT,ALIGHT,INGO
2026-05,North Darfur,Melit,Multi-Purpose Cash,Relief International,RI,INGO
2026-05,North Darfur,Tawila,Multi-Purpose Cash,Relief International,RI,INGO
2026-05,East Darfur,Yassin,Health,WE ARE ALIGHT,ALIGHT,INGO
2026-05,North Kordofan,Um Rawaba,Health,Sudan Social Development Organization,SSDO,NNGO
2026-05,River Nile,Atbara,Health,Building Foundation Development/Benna,BFD/B,INGO
2026-05,Central Darfur,Gharb Jabal Marrah,Food Security and Livelihoods,Danish Refugee Council,DRC,INGO
2026-05,North Darfur,At Tina,Nutrition,Welthungerhilfe (German Agro Action),WHH,INGO
2026-05,Northern,Ad Dabbah,Health,Al-Sadagat organization,Al-SO,NNGO
2026-05,River Nile,Atbara,WASH,International Rescue Committee,IRC,INGO
2026-05,East Darfur,Al Firdous,Health,World Vision International,WVI,INGO
2026-05,West Darfur,Habila - WD,Food Security and Livelihoods,Adventist Development and Relief Agency,ADRA,INGO
2026-05,South Kordofan,Kadugli,Health,Save the Children International,SCI,INGO
2026-05,South Kordofan,Abu Jubayhah,Food Security and Livelihoods,CARE International in Sudan,CARE,INGO
2026-05,South Kordofan,Ar Rashad,Health,Save the Children International,SCI,INGO
2026-05,Central Darfur,Azum,Health,Concern WorldWide,CWW,INGO
2026-05,South Kordofan,Abu Jubayhah,Health,Save the Children International,SCI,INGO
2026-05,West Kordofan,Abyei,Health,Concern WorldWide,CWW,INGO
2026-05,White Nile,Kosti,Health,Medical Teams International,MTI,INGO
2026-05,White Nile,Um Rimta,Refugee Consultative Forum,World Food Programme,WFP,UN Agency
2026-05,South Kordofan,Abassiya,Health,Save the Children International,SCI,INGO
2026-05,White Nile,As Salam / Ar Rawat,Refugee Consultative Forum,United Nations Children's Fund,UNICEF,UN Agency
2026-05,Khartoum,Jebel Awlia,Health,World Relief,WR,INGO
2026-05,Northern,Al Burgaig,Health,Build Resilience Humanitarian Organization,BRHO,INGO
2026-05,West Darfur,Habila - WD,Refugee Consultative Forum,World Food Programme,WFP,UN Agency
2026-05,West Kordofan,Al Lagowa,Food Security and Livelihoods,Sudanese Red Crescent Society,SRCS,Red Cross
2026-05,East Darfur,Abu Karinka,Food Security and Livelihoods,CARE International in Sudan,CARE,INGO
2026-05,East Darfur,Ad Du'ayn,Food Security and Livelihoods,CARE International in Sudan,CARE,INGO
2026-05,North Darfur,Tawila,Health,Save the Children International,SCI,INGO
2026-05,Blue Nile,Ed Damazine,Health,Pan Health Care Organization,PHCO,NNGO
2026-05,North Darfur,Tawila,Refugee Consultative Forum,World Food Programme,WFP,UN Agency
2026-05,Northern,Merwoe,Refugee Consultative Forum,World Food Programme,WFP,UN Agency
2026-05,East Darfur,Yassin,Refugee Consultative Forum,United Nations Children's Fund,UNICEF,UN Agency
2026-05,West Darfur,Ag Geneina,Food Security and Livelihoods,Adventist Development and Relief Agency,ADRA,INGO
2026-05,South Darfur,Nyala Shimal,Health,WE ARE ALIGHT,ALIGHT,INGO
2026-05,Central Darfur,Azum,Refugee Consultative Forum,World Food Programme,WFP,UN Agency
2026-05,West Darfur,Kereneik,Food Security and Livelihoods,Adventist Development and Relief Agency,ADRA,INGO
2026-05,South Darfur,Kas,Food Security and Livelihoods,World Vision International,WVI,INGO
2026-05,Gedaref,Wasat Al Gedaref,Site Management,Agency for Technical Cooperation and Development,ACTED,INGO
2026-05,Blue Nile,Baw,Site Management,Agency for Technical Cooperation and Development,ACTED,INGO
2026-05,White Nile,Kosti,Site Management,Agency for Technical Cooperation and Development,ACTED,INGO
2026-05,Khartoum,Um Bada,WASH,Agency for Technical Cooperation and Development,ACTED,INGO
2026-05,Gedaref,Al Mafaza,WASH,Friends of Peace & Development Organization,FPDO,NNGO
2026-05,South Darfur,Beliel,WASH,WE ARE ALIGHT,ALIGHT,INGO
2026-05,North Darfur,At Tina,Food Security and Livelihoods,Humanity for Development and Prosperity Organization,HDPO,NNGO
2026-05,Gedaref,Ar Rahad-GD,WASH,WE ARE ALIGHT,ALIGHT,INGO
2026-05,Kassala,Reifi Kassla,Health,Patient Helping Fund,PHF,NNGO
2026-05,West Darfur,Sirba,Food Security and Livelihoods,Triangle Génération Humanitaire,TGH,INGO
2026-05,Central Darfur,Shamal Jabal Marrah,Food Security and Livelihoods,Triangle Génération Humanitaire,TGH,INGO
2026-05,North Darfur,Tawila,Food Security and Livelihoods,Save the Children International,SCI,INGO
2026-05,Central Darfur,Shamal Jabal Marrah,Food Security and Livelihoods,Save the Children International,SCI,INGO
2026-05,South Kordofan,Ar Rashad,WASH,CARE International in Sudan,CARE,INGO
2026-05,River Nile,Atbara,Food Security and Livelihoods,JASMAR Human Security Organization,JHSO,NNGO
2026-05,White Nile,Kosti,Food Security and Livelihoods,We Are All Values,WAVs,NNGO
2026-05,West Darfur,Foro Baranga,WASH,Triangle Génération Humanitaire,TGH,INGO
2026-05,Gedaref,Al Fashaga,WASH,WE ARE ALIGHT,ALIGHT,INGO
2026-05,Blue Nile,Ed Damazine,WASH,Alsalam Organization for Rehabilitation and Development,AORD,NNGO
2026-05,Aj Jazirah,Sharg Al Jazirah,WASH,Relief International,RI,INGO
2026-05,West Kordofan,As Sunut,WASH,WE ARE ALIGHT,ALIGHT,INGO
2026-05,Gedaref,Al Fashaga,Health,Medical Teams International,MTI,INGO
2026-05,North Kordofan,Soudari,Health,Patient Helping Fund,PHF,NNGO
2026-05,Khartoum,Khartoum,Multi-Purpose Cash,International Organization for Migration,IOM,UN Agency
2026-05,River Nile,Atbara,Multi-Purpose Cash,NADA Elazhar for Disaster Privention and Sustainable Development,NADA,NNGO
2026-05,South Darfur,As Salam - SD,Health,International Medical Corps,IMC,INGO
2026-05,Kassala,Reifi Wad Elhilaiw,Refugee Consultative Forum,United Nations Children's Fund,UNICEF,UN Agency
2026-05,Gedaref,Wasat Al Gedaref,Protection,Agency for Technical Cooperation and Development,ACTED,INGO
2026-05,Khartoum,Khartoum,WASH,Sudan Zero Waste Organization,SZWO,NNGO
2026-05,River Nile,Atbara,Health,International Rescue Committee,IRC,INGO
2026-05,North Darfur,Tawila,Coordination and Common Services,Community Development Program,CDP,NNGO
2026-05,White Nile,As Salam / Ar Rawat,Food Security and Livelihoods,Alegtinam Human Development Organization,AHDO,INGO
2026-05,Khartoum,Sharg An Neel,Food Security and Livelihoods,Alegtinam Human Development Organization,AHDO,INGO
2026-05,Khartoum,Bahri,Health,Medair,Medair,INGO
2026-05,Khartoum,Um Durman,Food Security and Livelihoods,Alegtinam Human Development Organization,AHDO,INGO
2026-05,Khartoum,Karrari,Food Security and Livelihoods,Alegtinam Human Development Organization,AHDO,INGO
2026-05,Khartoum,Khartoum,Food Security and Livelihoods,Alegtinam Human Development Organization,AHDO,INGO
2026-05,Aj Jazirah,Janub Al Jazirah,Food Security and Livelihoods,Alegtinam Human Development Organization,AHDO,INGO
2026-05,Aj Jazirah,Medani Al Kubra,Food Security and Livelihoods,Alegtinam Human Development Organization,AHDO,INGO
2026-05,Aj Jazirah,Sharg Al Jazirah,Health,International Rescue Committee,IRC,INGO
2026-05,Gedaref,Al Galabat Al Gharbyah - Kassab,Protection,Agency for Technical Cooperation and Development,ACTED,INGO
2026-05,Aj Jazirah,Medani Al Kubra,Health,International Rescue Committee,IRC,INGO
2026-05,Aj Jazirah,Janub Al Jazirah,Protection,JASMAR Human Security Organization,JHSO,NNGO
2026-05,Aj Jazirah,Janub Al Jazirah,Health,Relief International,RI,INGO
2026-05,Aj Jazirah,Medani Al Kubra,Health,Relief International,RI,INGO
2026-05,North Kordofan,Sheikan,WASH,Human Appeal - UK,HA UK,INGO
2026-05,Aj Jazirah,Sharg Al Jazirah,Health,Relief International,RI,INGO
2026-05,North Darfur,Tawila,WASH,Elamar Charitable Development Organization,ECDO,NNGO
2026-05,Khartoum,Sharg An Neel,Health,Relief International,RI,INGO
2026-05,Central Darfur,Um Dukhun,Protection,United Nations High Commissioner for Refugees,UNHCR,UN Agency
2026-05,Red Sea,Port Sudan,Protection,Islamic Relief Worldwide,IRW,INGO
2026-05,Khartoum,Khartoum,Health,Relief International,RI,INGO
2026-05,Gedaref,Madeinat Al Gedaref,Protection,Hope and Friendship for Development Organization,HFDO,NNGO
2026-05,North Darfur,Al Malha,Health,Relief International,RI,INGO
2026-05,White Nile,Rabak,Protection,Green Dream Organization,GDO,NNGO
2026-05,Gedaref,Al Butanah,Health,Patient Helping Fund,PHF,NNGO
2026-05,Aj Jazirah,Medani Al Kubra,Health,Handicap International Federation,HIF,INGO
2026-05,South Kordofan,Dilling,Health,Goal Global,GOAL,INGO
2026-05,South Kordofan,Abu Jubayhah,Health,Sudanese American Physicians Association,SAPA,INGO
2026-05,South Darfur,As Sunta,Health,WE ARE ALIGHT,ALIGHT,INGO
2026-05,Aj Jazirah,Medani Al Kubra,Health,Building Foundation for Development,BFD,NNGO
2026-05,South Kordofan,Abassiya,Health,Child Development Foundation,CDF,NNGO
2026-05,South Kordofan,Abu Jubayhah,Multi-Purpose Cash,CARE International in Sudan,CARE,INGO
2026-05,South Kordofan,Ghadeer,Multi-Purpose Cash,CARE International in Sudan,CARE,INGO
2026-05,North Darfur,Kutum,Multi-Purpose Cash,Goal Global,GOAL,INGO
2026-05,Northern,Ad Dabbah,Health,Sudanese American Physicians Association,SAPA,INGO
2026-05,Central Darfur,Zalingi,Multi-Purpose Cash,MERCY CORPS,MC,INGO
2026-05,North Darfur,Tawila,Health,Sudanese American Physicians Association,SAPA,INGO
2026-05,North Darfur,Al Fasher,Multi-Purpose Cash,Norwegian Refugee Council,NRC,INGO
2026-05,West Darfur,Beida,Health,Medair,Medair,INGO
2026-05,North Darfur,Tawila,Multi-Purpose Cash,International Rescue Committee,IRC,INGO
2026-05,South Darfur,Tulus,Health,Medair,Medair,INGO
2026-05,Khartoum,Karrari,Multi-Purpose Cash,Anhar for Peace Development and Humanitarian Work Organization,APDHWO,NNGO
2026-05,Blue Nile,Wad Al Mahi,Education,Adventist Development and Relief Agency,ADRA,INGO
2026-05,Central Darfur,Gharb Jabal Marrah,Logistics,World Food Programme,WFP,UN Agency
2026-05,North Darfur,Al Fasher,Logistics,World Food Programme,WFP,UN Agency
2026-05,North Darfur,Tawila,Education,Norwegian Refugee Council,NRC,INGO
2026-05,East Darfur,Al Firdous,Food Security and Livelihoods,World Vision International,WVI,INGO
2026-05,Aj Jazirah,Al Qurashi,Nutrition,Muslim Aid Sudan,MAS,INGO
2026-05,Khartoum,Karrari,Education,Rural Community Development Organization,RCDO,NNGO
2026-05,East Darfur,Ad Du'ayn,Food Security and Livelihoods,World Vision International,WVI,INGO
2026-05,Blue Nile,Ar Rusayris,Health,World Relief,WR,INGO
2026-05,Central Darfur,Wasat Jabal Marrah,Education,Norwegian Refugee Council,NRC,INGO
2026-05,Red Sea,Sinkat,Education,Building Resilience Development Organization,BRDO,NNGO
2026-05,White Nile,Tendalti,Education,Ayadina For Sudan Development Organization,Ayadina,NNGO
2026-05,North Kordofan,Sheikan,Education,Al-Sadagat organization,Al-SO,NNGO
2026-05,Aj Jazirah,Um Algura,Education,Save the Children International,SCI,INGO
2026-05,Aj Jazirah,Al Manaqil,Education,Save the Children International,SCI,INGO
2026-05,South Kordofan,Dilling,Education,Save the Children International,SCI,INGO
2026-05,South Kordofan,Heiban,Shelter and NFIs,Save the Children International,SCI,INGO
2026-05,Kassala,Reifi Telkok,Shelter and NFIs,Sudanese Organisation for Relief and Recovery,SORR,NNGO
2026-05,Sennar,Sinja,Education,Al-Sadagat organization,Al-SO,NNGO
2026-05,Khartoum,Khartoum,Logistics,World Food Programme,WFP,UN Agency
2026-05,White Nile,Kosti,Shelter and NFIs,Norwegian Refugee Council,NRC,INGO
2026-05,Khartoum,Um Bada,Food Security and Livelihoods,We Are All Values,WAVs,NNGO
2026-05,North Darfur,Al Lait,Multi-Purpose Cash,Sudanese Organisation for Relief and Recovery,SORR,NNGO
2026-05,Central Darfur,Um Dukhun,Shelter and NFIs,World Relief,WR,INGO
2026-05,Kassala,Reifi Gharb Kassala,Food Security and Livelihoods,CARE International in Sudan,CARE,INGO
2026-05,North Darfur,Tawila,Food Security and Livelihoods,Sudanese Red Crescent Society,SRCS,Red Cross
2026-05,North Darfur,Al Koma,Food Security and Livelihoods,Sudanese Red Crescent Society,SRCS,Red Cross
2026-05,South Darfur,Beliel,Food Security and Livelihoods,World Vision International,WVI,INGO
2026-05,South Darfur,Nyala Janoub,Food Security and Livelihoods,World Vision International,WVI,INGO
2026-05,Khartoum,Sharg An Neel,Food Security and Livelihoods,We Are All Values,WAVs,NNGO
2026-05,South Kordofan,Um Durein,Food Security and Livelihoods,World Vision International,WVI,INGO
2026-05,South Kordofan,Talawdi,Food Security and Livelihoods,World Vision International,WVI,INGO
2026-05,Aj Jazirah,Al Hasahisa,Protection,National Units for Mine Action and Development Organization,NUMAD,NNGO
2026-05,Kassala,Madeinat Kassala,Protection,WE ARE ALIGHT,ALIGHT,INGO
2026-05,Gedaref,Wasat Al Gedaref,Protection,Plan International,PI,INGO
2026-05,West Kordofan,Al Meiram,Protection,WE ARE ALIGHT,ALIGHT,INGO
2026-05,Northern,Delgo,Protection,Child Development Foundation,CDF,NNGO
2026-05,Aj Jazirah,Medani Al Kubra,Protection,Save the Children International,SCI,INGO
2026-05,Khartoum,Bahri,Protection,JASMAR Human Security Organization,JHSO,NNGO
2026-05,Khartoum,Bahri,Food Security and Livelihoods,We Are All Values,WAVs,NNGO
2026-05,North Kordofan,Sheikan,Education,Plan International,PI,INGO
2026-05,Gedaref,Al Galabat Al Gharbyah - Kassab,Protection,WE ARE ALIGHT,ALIGHT,INGO
2026-05,North Darfur,Dar As Salam,Protection,Friends of Peace & Development Organization,FPDO,NNGO
2026-05,South Darfur,Nyala Shimal,Protection,Hope and Friendship for Development Organization,HFDO,NNGO
2026-05,North Darfur,Al Lait,Protection,United Nations High Commissioner for Refugees,UNHCR,UN Agency
2026-05,South Darfur,Nyala Shimal,Protection,United Nations Children's Fund,UNICEF,UN Agency
2026-05,Central Darfur,Shamal Jabal Marrah,Protection,World Relief,WR,INGO
2026-05,Blue Nile,Geisan,Health,Save the Children International,SCI,INGO
2026-05,Blue Nile,Baw,Health,Save the Children International,SCI,INGO
2026-05,Khartoum,Um Bada,Protection,Save the Children International,SCI,INGO
2026-05,North Darfur,Tawila,Protection,United Nations High Commissioner for Refugees,UNHCR,UN Agency
2026-05,South Kordofan,At Tadamon - SK,Protection,Plan International,PI,INGO
2026-05,Central Darfur,Shamal Jabal Marrah,Health,Save the Children International,SCI,INGO
2026-05,Gedaref,Madeinat Al Gedaref,Protection,Norwegian Church Aid,NCA,INGO
2026-05,Central Darfur,Wasat Jabal Marrah,Health,Save the Children International,SCI,INGO
2026-05,West Kordofan,Abu Zabad,Multi-Purpose Cash,Agency for Technical Cooperation and Development,ACTED,INGO
2026-05,Central Darfur,Azum,Health,Save the Children International,SCI,INGO
2026-05,West Kordofan,As Salam - WK,Health,WE ARE ALIGHT,ALIGHT,INGO
2026-05,North Darfur,Al Lait,Protection,United Nations Children's Fund,UNICEF,UN Agency
2026-05,West Darfur,Ag Geneina,Food Security and Livelihoods,Asyaj Charity Organization,Asyaj,NNGO
2026-05,North Darfur,Tawila,Health,Jabal Marra Charity Organization for Rural Development,JMCO,NNGO
2026-05,Central Darfur,Zalingi,Protection,United Nations Children's Fund,UNICEF,UN Agency
2026-05,Gedaref,Al Galabat Al Gharbyah - Kassab,Multi-Purpose Cash,Danish Refugee Council,DRC,INGO
2026-05,Gedaref,Wasat Al Gedaref,Protection,Rural Community Development Organization,RCDO,NNGO
2026-05,Khartoum,Karrari,Protection,Premiere Urgence Internationale,PUI,INGO
2026-05,Khartoum,Bahri,Health,Medical Teams International,MTI,INGO
2026-05,River Nile,Atbara,Protection,International Rescue Committee,IRC,INGO
2026-05,Red Sea,Agig,Health,Addition for Disasters assistance and Development,ADD,NNGO
2026-05,Northern,Merwoe,Protection,Child Development Foundation,CDF,NNGO
2026-05,South Darfur,Nyala Janoub,Protection,United Nations Children's Fund,UNICEF,UN Agency
2026-05,Red Sea,Sawakin,Health,Addition for Disasters assistance and Development,ADD,NNGO
2026-05,Khartoum,Sharg An Neel,Health,Save the Children International,SCI,INGO
2026-05,Central Darfur,Wasat Jabal Marrah,Multi-Purpose Cash,Islamic Relief Worldwide,IRW,INGO
2026-05,Gedaref,Madeinat Al Gedaref,Protection,Child Development Foundation,CDF,NNGO
2026-05,Khartoum,Karrari,Health,Save the Children International,SCI,INGO
2026-05,Khartoum,Um Bada,Health,Save the Children International,SCI,INGO
2026-05,River Nile,Ad Damar,Health,Save the Children International,SCI,INGO
2026-05,West Darfur,Sirba,Multi-Purpose Cash,Handicap International Federation,HIF,INGO
2026-05,Blue Nile,Wad Al Mahi,Protection,International Rescue Committee,IRC,INGO
2026-05,Red Sea,Port Sudan,Health,EMERGENCY NGO,EMERGENCY NGO,INGO
2026-05,Kassala,Madeinat Kassala,Protection,Woman and Child Care Organization,WCC,INGO
2026-05,River Nile,Al Matama,Protection,Auttash Organization for Peace and Development,AUTASH,NNGO
2026-05,South Darfur,Nyala Janoub,Protection,Women for Peace and Development Organization,WPDO,NNGO
2026-05,Central Darfur,Azum,Health,Premiere Urgence Internationale,PUI,INGO
2026-05,East Darfur,Bahr Al Arab,Protection,CARE International in Sudan,CARE,INGO
2026-05,Khartoum,Jebel Awlia,Protection,National Units for Mine Action and Development Organization,NUMAD,NNGO
2026-05,North Kordofan,Um Rawaba,Protection,Save the Children International,SCI,INGO
2026-05,Khartoum,Jebel Awlia,Health,Medical Teams International,MTI,INGO
2026-05,Gedaref,Madeinat Al Gedaref,Health,Save the Children International,SCI,INGO
2026-05,East Darfur,Shia'ria,Protection,CARE International in Sudan,CARE,INGO
2026-05,Red Sea,Sawakin,Protection,WE ARE ALIGHT,ALIGHT,INGO
2026-05,Gedaref,Al Galabat Al Gharbyah - Kassab,Health,Save the Children International,SCI,INGO
2026-05,Khartoum,Karrari,Health,Premiere Urgence Internationale,PUI,INGO
2026-05,Blue Nile,Ar Rusayris,Protection,International Rescue Committee,IRC,INGO
2026-05,Khartoum,Karrari,Protection,International Rescue Committee,IRC,INGO
2026-05,Khartoum,Jebel Awlia,Health,Premiere Urgence Internationale,PUI,INGO
2026-05,Central Darfur,Zalingi,Protection,National Association for Child Protection,NACP,NNGO
2026-05,Blue Nile,Ed Damazine,Protection,Pan Health Care Organization,PHCO,NNGO
2026-05,Central Darfur,Zalingi,Protection,Hope and Friendship for Development Organization,HFDO,NNGO
2026-05,South Darfur,Beliel,Protection,Hope and Friendship for Development Organization,HFDO,NNGO
2026-05,East Darfur,Ad Du'ayn,Protection,WE ARE ALIGHT,ALIGHT,INGO
2026-05,Blue Nile,Baw,Protection,Sudan Social Development Organization,SSDO,NNGO
2026-05,West Darfur,Beida,Protection,United Nations High Commissioner for Refugees,UNHCR,UN Agency
2026-05,Northern,Halfa,Protection,NADA Elazhar for Disaster Privention and Sustainable Development,NADA,NNGO
2026-05,Kassala,Reifi Aroma,Health,CARE International in Sudan,CARE,INGO
2026-05,South Kordofan,Abassiya,Health,CARE International in Sudan,CARE,INGO
2026-05,Aj Jazirah,Al Manaqil,Nutrition,Muslim Aid Sudan,MAS,INGO
2026-05,Aj Jazirah,Al Manaqil,Nutrition,Relief International,RI,INGO
2026-05,Aj Jazirah,Janub Al Jazirah,Nutrition,Muslim Aid Sudan,MAS,INGO
2026-05,Aj Jazirah,Medani Al Kubra,Nutrition,Building Foundation for Development,BFD,NNGO
2026-05,Aj Jazirah,Medani Al Kubra,Nutrition,Muslim Aid Sudan,MAS,INGO
2026-05,South Darfur,Beliel,Health,CARE International in Sudan,CARE,INGO
2026-05,Aj Jazirah,Sharg Al Jazirah,Nutrition,Muslim Aid Sudan,MAS,INGO
2026-05,Aj Jazirah,Um Algura,Nutrition,Muslim Aid Sudan,MAS,INGO
2026-05,Khartoum,Sharg An Neel,Health,CARE International in Sudan,CARE,INGO
2026-05,Kassala,Reifi Wad Elhilaiw,Health,CARE International in Sudan,CARE,INGO
2026-05,Central Darfur,Azum,Nutrition,Premiere Urgence Internationale,PUI,INGO
2026-05,Central Darfur,Gharb Jabal Marrah,Nutrition,Catholic Relief Services,CRS,INGO
2026-05,Khartoum,Jebel Awlia,Health,CARE International in Sudan,CARE,INGO
2026-05,Central Darfur,Shamal Jabal Marrah,Nutrition,Catholic Relief Services,CRS,INGO
2026-05,South Kordofan,Ghadeer,Food Security and Livelihoods,CARE International in Sudan,CARE,INGO
2026-05,South Kordofan,At Tadamon - SK,Food Security and Livelihoods,CARE International in Sudan,CARE,INGO
2026-05,Gedaref,Al Mafaza,Health,CARE International in Sudan,CARE,INGO
2026-05,Central Darfur,Um Dukhun,Nutrition,World Relief,WR,INGO
2026-05,Central Darfur,Wadi Salih,Nutrition,Action Against Hunger,AAH,INGO
2026-05,Central Darfur,Wadi Salih,Nutrition,World Relief,WR,INGO
2026-05,West Darfur,Ag Geneina,Health,Concern WorldWide,CWW,INGO
2026-05,Central Darfur,Wasat Jabal Marrah,Nutrition,World Relief,WR,INGO
2026-05,Aj Jazirah,Medani Al Kubra,Health,CARE International in Sudan,CARE,INGO
2026-05,Central Darfur,Zalingi,Nutrition,Action Against Hunger,AAH,INGO
2026-05,West Darfur,Jebel Moon,Health,Concern WorldWide,CWW,INGO
2026-05,Central Darfur,Zalingi,Nutrition,Premiere Urgence Internationale,PUI,INGO
2026-05,West Darfur,Kulbus,Health,Concern WorldWide,CWW,INGO
2026-05,North Kordofan,Ar Rahad-NK,Multi-Purpose Cash,Plan International,PI,INGO
2026-05,West Kordofan,Al Idia,Health,Concern WorldWide,CWW,INGO
2026-05,East Darfur,Ad Du'ayn,Nutrition,Catholic Relief Services,CRS,INGO
2026-05,West Kordofan,Abu Zabad,Health,Concern WorldWide,CWW,INGO
2026-05,West Kordofan,Al Meiram,Health,Concern WorldWide,CWW,INGO
2026-05,East Darfur,Adila,Nutrition,WE ARE ALIGHT,ALIGHT,INGO
2026-05,East Darfur,Bahr Al Arab,Nutrition,Catholic Relief Services,CRS,INGO
2026-05,Gedaref,Al Fao,Nutrition,Welthungerhilfe (German Agro Action),WHH,INGO
2026-05,Gedaref,Al Galabat Al Gharbyah - Kassab,Nutrition,Medical Teams International,MTI,INGO
2026-05,Gedaref,Al Mafaza,Nutrition,Welthungerhilfe (German Agro Action),WHH,INGO
2026-05,Gedaref,Gala'a Al Nahal,Nutrition,Save the Children International,SCI,INGO
2026-05,Gedaref,Galabat Ash-Shargiah,Nutrition,Medical Teams International,MTI,INGO
2026-05,Gedaref,Madeinat Al Gedaref,Nutrition,Save the Children International,SCI,INGO
2026-05,Khartoum,Bahri,Nutrition,Muslim Aid Sudan,MAS,INGO
2026-05,Khartoum,Jebel Awlia,Nutrition,Muslim Aid Sudan,MAS,INGO
2026-05,Khartoum,Karrari,Nutrition,International Rescue Committee,IRC,INGO
2026-05,Khartoum,Karrari,Nutrition,Muslim Aid Sudan,MAS,INGO
2026-05,North Darfur,Tawila,Food Security and Livelihoods,Catholic Relief Services,CRS,INGO
2026-05,Khartoum,Karrari,Nutrition,Premiere Urgence Internationale,PUI,INGO
2026-05,West Darfur,Sirba,Health,World Relief,WR,INGO
2026-05,Khartoum,Um Bada,Nutrition,Medical Teams International,MTI,INGO
2026-05,West Darfur,Habila - WD,Health,World Relief,WR,INGO
2026-05,Khartoum,Khartoum,Nutrition,Relief International,RI,INGO
2026-05,North Kordofan,Um Rawaba,Multi-Purpose Cash,Alsalam Organization for Rehabilitation and Development,AORD,NNGO
2026-05,Khartoum,Um Durman,Nutrition,Muslim Aid Sudan,MAS,INGO
2026-05,Khartoum,Khartoum,Multi-Purpose Cash,Sudanese Development Call Organization,NIDAA,NNGO
2026-05,Kassala,Reifi Aroma,Food Security and Livelihoods,Sudanese Red Crescent Society,SRCS,Red Cross
2026-05,North Darfur,Al Fasher,Nutrition,Relief International,RI,INGO
2026-05,Kassala,Madeinat Kassala,Health,Sudanese Red Crescent Society,SRCS,Red Cross
2026-05,East Darfur,Bahr Al Arab,Food Security and Livelihoods,CARE International in Sudan,CARE,INGO
2026-05,North Darfur,Al Malha,Nutrition,Relief International,RI,INGO
2026-05,North Darfur,At Tawisha,Nutrition,Sahari Organization For Development,SAHARI,NNGO
2026-05,South Kordofan,Ar Rashad,Food Security and Livelihoods,CARE International in Sudan,CARE,INGO
2026-05,North Darfur,Kelemando,Nutrition,Save the Children International,SCI,INGO
2026-05,North Darfur,Kebkabiya,Nutrition,Welthungerhilfe (German Agro Action),WHH,INGO
2026-05,North Darfur,Kernoi,Nutrition,Welthungerhilfe (German Agro Action),WHH,INGO
2026-05,North Darfur,Kutum,Nutrition,Welthungerhilfe (German Agro Action),WHH,INGO
2026-05,North Darfur,Kutum,Nutrition,Goal Global,GOAL,INGO
2026-05,North Darfur,Melit,Nutrition,Relief International,RI,INGO
2026-05,North Kordofan,Ar Rahad-NK,Health,Addition for Disasters assistance and Development,ADD,NNGO
2026-05,North Darfur,Al Lait,Multi-Purpose Cash,Welthungerhilfe,WHH,INGO
2026-05,River Nile,Atbara,Health,INTERSOS,INTERSOS,INGO
2026-05,North Darfur,Um Baru,Nutrition,Welthungerhilfe (German Agro Action),WHH,INGO
2026-05,North Darfur,Um Kadadah,Nutrition,Sahari Organization For Development,SAHARI,NNGO
2026-05,North Kordofan,Bara,Nutrition,Islamic Relief Worldwide,IRW,INGO
2026-05,White Nile,Um Rimta,Food Security and Livelihoods,World Vision International,WVI,INGO
2026-05,Central Darfur,Zalingi,Food Security and Livelihoods,Veterinaires Sans Frontières Germany,VSF-G,INGO
2026-05,West Darfur,Habila - WD,Food Security and Livelihoods,Veterinaires Sans Frontières Germany,VSF-G,INGO
2026-05,Central Darfur,Wadi Salih,Health,Sudan Family Planning Association,SFPA,NNGO
2026-05,North Darfur,Tawila,Nutrition,Action Against Hunger,AAH,INGO
2026-05,North Kordofan,Sheikan,Nutrition,Plan International,PI,INGO
2026-05,North Kordofan,Um Rawaba,Nutrition,Islamic Relief Worldwide,IRW,INGO
2026-05,Red Sea,Agig,Nutrition,Save the Children International,SCI,INGO
2026-05,Northern,Dongola,Nutrition,Building Foundation for Development,BFD,NNGO
2026-05,Blue Nile,Wad Al Mahi,Nutrition,World Relief,WR,INGO
2026-05,River Nile,Al Buhaira,Nutrition,Building Foundation for Development,BFD,NNGO
2026-05,Aj Jazirah,Medani Al Kubra,Health,Sudan Family Planning Association,SFPA,NNGO
2026-05,Blue Nile,Geisan,Nutrition,World Relief,WR,INGO
2026-05,River Nile,Al Matama,Nutrition,Building Foundation for Development,BFD,NNGO
2026-05,Blue Nile,Ed Damazine,Nutrition,World Relief,WR,INGO
2026-05,River Nile,Barbar,Nutrition,Building Foundation for Development,BFD,NNGO
2026-05,Sennar,Sennar,Nutrition,Pan Health Care Organization,PHCO,NNGO
2026-05,South Darfur,Beliel,Nutrition,WE ARE ALIGHT,ALIGHT,INGO
2026-05,Blue Nile,Baw,Nutrition,World Relief,WR,INGO
2026-05,Blue Nile,At Tadamon - BN,Nutrition,World Relief,WR,INGO
2026-05,South Darfur,Gereida,Nutrition,WE ARE ALIGHT,ALIGHT,INGO
2026-05,Central Darfur,Zalingi,Multi-Purpose Cash,Norwegian Refugee Council,NRC,INGO
2026-05,South Darfur,Buram,Nutrition,National Initiative Development Organization,NIDO,NNGO
2026-05,South Darfur,Shattaya,Nutrition,National Initiative Development Organization,NIDO,NNGO
2026-05,South Darfur,Tulus,Nutrition,Medair,Medair,INGO
2026-05,South Kordofan,Abu Jubayhah,Nutrition,Concern WorldWide,CWW,INGO
2026-05,Blue Nile,Ar Rusayris,Nutrition,World Relief,WR,INGO
2026-05,South Kordofan,Abu Kershola,Nutrition,Goal Global,GOAL,INGO
2026-05,South Kordofan,Abu Jubayhah,Nutrition,Save the Children International,SCI,INGO
2026-05,White Nile,Um Rimta,Nutrition,Plan International,PI,INGO
2026-05,South Kordofan,Ghadeer,Nutrition,Concern WorldWide,CWW,INGO
2026-05,White Nile,Rabak,Nutrition,Plan International,PI,INGO
2026-05,South Kordofan,Talawdi,Nutrition,Concern WorldWide,CWW,INGO
2026-05,Central Darfur,Wasat Jabal Marrah,Site Management,Danish Refugee Council,DRC,INGO
2026-05,North Darfur,Tawila,Site Management,Danish Refugee Council,DRC,INGO
2026-05,Gedaref,Al Galabat Al Gharbyah - Kassab,Site Management,Agency for Technical Cooperation and Development,ACTED,INGO
2026-05,West Darfur,Ag Geneina,Nutrition,Catholic Relief Services,CRS,INGO
2026-05,White Nile,Kosti,Nutrition,Plan International,PI,INGO
2026-05,Gedaref,Madeinat Al Gedaref,Site Management,Agency for Technical Cooperation and Development,ACTED,INGO
2026-05,West Darfur,Beida,Nutrition,Medair,Medair,INGO
2026-05,West Darfur,Foro Baranga,Nutrition,Catholic Relief Services,CRS,INGO
2026-05,White Nile,Guli,Nutrition,Plan International,PI,INGO
2026-05,White Nile,Guli,Nutrition,Action Against Hunger,AAH,INGO
2026-05,West Darfur,Beida,Nutrition,Dar for Community Development,DCD,NNGO
2026-05,South Darfur,Sharg Aj Jabal,Nutrition,WE ARE ALIGHT,ALIGHT,INGO
2026-05,White Nile,As Salam / Ar Rawat,Nutrition,Medical Teams International,MTI,INGO
2026-05,North Darfur,Tawila,Site Management,Norwegian Refugee Council,NRC,INGO
2026-05,West Darfur,Kereneik,Nutrition,World Relief,WR,INGO
2026-05,West Darfur,Kulbus,Nutrition,Concern WorldWide,CWW,INGO
2026-05,South Kordofan,At Tadamon - SK,Food Security and Livelihoods,World Vision International,WVI,INGO
2026-05,West Darfur,Kulbus,Nutrition,Premiere Urgence Internationale,PUI,INGO
2026-05,White Nile,Aj Jabalain,Nutrition,Medical Teams International,MTI,INGO
2026-05,River Nile,Shendi,Health,International Rescue Committee,IRC,INGO
2026-05,West Kordofan,Abyei,Nutrition,Concern WorldWide,CWW,INGO
2026-05,West Kordofan,Al Idia,Nutrition,Concern WorldWide,CWW,INGO
2026-05,West Kordofan,Al Lagowa,Nutrition,Concern WorldWide,CWW,INGO
2026-05,Blue Nile,Ar Rusayris,Health,International Rescue Committee,IRC,INGO
2026-05,Blue Nile,Wad Al Mahi,Health,International Rescue Committee,IRC,INGO
2026-05,White Nile,Ad Diwaim,Nutrition,Plan International,PI,INGO
2026-05,West Kordofan,As Salam - WK,Nutrition,Concern WorldWide,CWW,INGO
2026-05,West Darfur,Kereneik,Nutrition,Concern WorldWide,CWW,INGO
2026-05,Aj Jazirah,Al Hasahisa,Health,International Rescue Committee,IRC,INGO
2026-05,Aj Jazirah,Janub Al Jazirah,Health,International Rescue Committee,IRC,INGO
2026-05,West Kordofan,Al Dibab,Nutrition,Concern WorldWide,CWW,INGO
2026-05,West Darfur,Sirba,Nutrition,Premiere Urgence Internationale,PUI,INGO
2026-05,Aj Jazirah,Al Manaqil,Health,Relief International,RI,INGO
2026-05,West Darfur,Sirba,Nutrition,Catholic Relief Services,CRS,INGO
2026-05,Khartoum,Um Bada,Health,Relief International,RI,INGO
2026-05,Khartoum,Karrari,Health,Relief International,RI,INGO
2026-05,West Darfur,Kereneik,Multi-Purpose Cash,Norwegian Refugee Council,NRC,INGO
2026-05,Northern,Ad Dabbah,Health,Auttash Organization for Peace and Development,AUTASH,NNGO
2026-05,West Darfur,Kereneik,Nutrition,Catholic Relief Services,CRS,INGO
2026-05,Northern,Dongola,Health,Auttash Organization for Peace and Development,AUTASH,NNGO
2026-05,North Darfur,Tawila,Health,Relief International,RI,INGO
2026-05,West Darfur,Jebel Moon,Nutrition,Concern WorldWide,CWW,INGO
2026-05,Northern,Al Golid,Health,Auttash Organization for Peace and Development,AUTASH,NNGO
2026-05,West Darfur,Foro Baranga,Nutrition,INTERSOS,INTERSOS,INGO
2026-05,Northern,Al Burgaig,Health,Auttash Organization for Peace and Development,AUTASH,NNGO
2026-05,South Kordofan,Abu Jubayhah,Food Security and Livelihoods,World Vision International,WVI,INGO
2026-05,Blue Nile,Ed Damazine,Health,Save the Children International,SCI,INGO
2026-05,West Darfur,Ag Geneina,Nutrition,Premiere Urgence Internationale,PUI,INGO
2026-05,West Darfur,Ag Geneina,Nutrition,Concern WorldWide,CWW,INGO
2026-05,White Nile,Ad Diwaim,Health,Action Against Hunger,AAH,INGO
2026-05,Aj Jazirah,Medani Al Kubra,Health,Save the Children International,SCI,INGO
2026-05,West Darfur,Kereneik,Health,Child Development Foundation,CDF,NNGO
2026-05,South Kordofan,Kadugli,Nutrition,Save the Children International,SCI,INGO
2026-05,North Kordofan,Sheikan,Food Security and Livelihoods,Save the Children International,SCI,INGO
2026-05,White Nile,Kosti,Protection,Agency for Technical Cooperation and Development,ACTED,INGO
2026-05,South Kordofan,Dilling,Nutrition,Save the Children International,SCI,INGO
2026-05,Khartoum,Bahri,Health,Save the Children International,SCI,INGO
2026-05,South Kordofan,Ar Rashad,Nutrition,Save the Children International,SCI,INGO
2026-05,Khartoum,Jebel Awlia,Health,Save the Children International,SCI,INGO
2026-05,River Nile,Atbara,Health,Save the Children International,SCI,INGO
2026-05,South Kordofan,Ar Rashad,Nutrition,Goal Global,GOAL,INGO
2026-05,Central Darfur,Wasat Jabal Marrah,Food Security and Livelihoods,Danish Refugee Council,DRC,INGO
2026-05,Kassala,Reifi Wad Elhilaiw,Food Security and Livelihoods,Practical Action Sudan,PA,INGO
2026-05,South Darfur,Sharg Aj Jabal,Nutrition,National Initiative Development Organization,NIDO,NNGO
2026-05,South Darfur,Kubum,Nutrition,National Initiative Development Organization,NIDO,NNGO
2026-05,South Darfur,As Salam - SD,Nutrition,International Medical Corps,IMC,INGO
2026-05,South Darfur,Beliel,Nutrition,International Medical Corps,IMC,INGO
2026-05,Khartoum,Sharg An Neel,Multi-Purpose Cash,CARE International in Sudan,CARE,INGO
2026-05,West Kordofan,Al Meiram,Multi-Purpose Cash,Agency for Technical Cooperation and Development,ACTED,INGO
2026-05,River Nile,Abu Hamad,Nutrition,Building Foundation for Development,BFD,NNGO
2026-05,Central Darfur,Gharb Jabal Marrah,Multi-Purpose Cash,African Friendship Organization,AFO,INGO
2026-05,Khartoum,Sharg An Neel,Multi-Purpose Cash,CAFA Development Organization,CAFA,NNGO
2026-05,Khartoum,Bahri,Multi-Purpose Cash,CAFA Development Organization,CAFA,NNGO
2026-05,River Nile,Ad Damar,Food Security and Livelihoods,MERCY CORPS,MC,INGO
2026-05,Northern,Al Burgaig,Food Security and Livelihoods,MERCY CORPS,MC,INGO
2026-05,River Nile,Abu Hamad,Food Security and Livelihoods,MERCY CORPS,MC,INGO
2026-05,South Darfur,Mershing,Food Security and Livelihoods,World Vision International,WVI,INGO
2026-05,North Kordofan,Gharb Bara,Nutrition,Islamic Relief Worldwide,IRW,INGO
2026-05,Khartoum,Um Bada,Multi-Purpose Cash,Sudanese Red Crescent Society,SRCS,Red Cross
2026-05,Blue Nile,Ed Damazine,Education,Adventist Development and Relief Agency,ADRA,INGO
2026-05,Northern,Ad Dabbah,Food Security and Livelihoods,MERCY CORPS,MC,INGO
2026-05,South Kordofan,Dilling,Education,Plan International,PI,INGO
2026-05,North Darfur,Tawila,Education,Plan International,PI,INGO
2026-05,Gedaref,Madeinat Al Gedaref,Education,Building Resilience Development Organization,BRDO,NNGO
2026-05,South Kordofan,Kadugli,Education,Plan International,PI,INGO
2026-05,Central Darfur,Shamal Jabal Marrah,Education,Norwegian Refugee Council,NRC,INGO
2026-05,Red Sea,Port Sudan,Education,LM International,LMI,INGO
2026-05,Central Darfur,Wasat Jabal Marrah,Education,Jabal Marra Charity Organization for Rural Development,JMCO,NNGO
2026-05,Red Sea,Port Sudan,Education,Building Resilience Development Organization,BRDO,NNGO
2026-05,White Nile,Al Gitaina,Education,Ayadina For Sudan Development Organization,Ayadina,NNGO
2026-05,Red Sea,Sawakin,Education,LM International,LMI,INGO
2026-05,Red Sea,Dordieb,Education,Save the Children International,SCI,INGO
2026-05,Red Sea,Port Sudan,Education,Save the Children International,SCI,INGO
2026-05,Sennar,As Suki,Education,Al-Sadagat organization,Al-SO,NNGO
2026-05,Central Darfur,Shamal Jabal Marrah,Education,Save the Children International,SCI,INGO
2026-05,Blue Nile,Baw,Education,Al-Sadagat organization,Al-SO,NNGO
2026-05,Gedaref,Al Galabat Al Gharbyah - Kassab,Education,Al-Sadagat organization,Al-SO,NNGO
2026-05,Aj Jazirah,Al Qurashi,Education,Save the Children International,SCI,INGO
2026-05,Gedaref,Al Fashaga,Education,Al-Sadagat organization,Al-SO,NNGO
2026-05,White Nile,Um Rimta,Education,Ayadina For Sudan Development Organization,Ayadina,NNGO
2026-05,North Darfur,Saraf Omra,Nutrition,Welthungerhilfe (German Agro Action),WHH,INGO
2026-05,Sennar,Sharg Sennar,Education,Al-Sadagat organization,Al-SO,NNGO
2026-05,South Kordofan,Habila - SK,Education,Save the Children International,SCI,INGO
2026-05,Central Darfur,Wasat Jabal Marrah,Education,Save the Children International,SCI,INGO
2026-05,River Nile,Atbara,Education,Child Development Foundation,CDF,NNGO
2026-05,North Kordofan,Ar Rahad-NK,Education,Save the Children International,SCI,INGO
2026-05,Gedaref,Al Fao,Education,Al-Sadagat organization,Al-SO,NNGO
2026-05,Kassala,Madeinat Kassala,Shelter and NFIs,Sudanese Organisation for Relief and Recovery,SORR,NNGO
2026-05,White Nile,Aj Jabalain,Shelter and NFIs,Norwegian Refugee Council,NRC,INGO
2026-05,East Darfur,Bahr Al Arab,Shelter and NFIs,Sudanese Organisation for Relief and Recovery,SORR,NNGO
2026-05,East Darfur,Ad Du'ayn,Shelter and NFIs,Sudanese Organisation for Relief and Recovery,SORR,NNGO
2026-05,North Darfur,Tawila,Shelter and NFIs,ZOA International,ZOA,INGO
2026-05,North Darfur,Tawila,Shelter and NFIs,Samaritan Organization,SAO,NNGO
2026-05,Aj Jazirah,Al Kamlin,Shelter and NFIs,Islamic Relief Worldwide,IRW,INGO
2026-05,West Darfur,Habila - WD,Shelter and NFIs,Child Development Foundation,CDF,NNGO
2026-05,Aj Jazirah,Janub Al Jazirah,Shelter and NFIs,Islamic Relief Worldwide,IRW,INGO
2026-05,Khartoum,Jebel Awlia,Food Security and Livelihoods,We Are All Values,WAVs,NNGO
2026-05,North Darfur,Tawila,Shelter and NFIs,Save the Children International,SCI,INGO
2026-05,White Nile,Rabak,Food Security and Livelihoods,World Vision International,WVI,INGO
2026-05,Kassala,Reifi Shamal Ad Delta,Food Security and Livelihoods,CARE International in Sudan,CARE,INGO
2026-05,Kassala,Reifi Hamashkureib,Food Security and Livelihoods,CARE International in Sudan,CARE,INGO
2026-05,West Darfur,Kulbus,Food Security and Livelihoods,World Relief,WR,INGO
2026-05,Central Darfur,Zalingi,Food Security and Livelihoods,Islamic Relief Worldwide,IRW,INGO
2026-05,North Darfur,Al Fasher,Food Security and Livelihoods,Sudanese Red Crescent Society,SRCS,Red Cross
2026-05,South Kordofan,Dilling,Food Security and Livelihoods,World Vision International,WVI,INGO
2026-05,Northern,Al Golid,Food Security and Livelihoods,Sudanese Red Crescent Society,SRCS,Red Cross
2026-05,Central Darfur,Gharb Jabal Marrah,Food Security and Livelihoods,Islamic Relief Worldwide,IRW,INGO
2026-05,Central Darfur,Shamal Jabal Marrah,Food Security and Livelihoods,Catholic Relief Services,CRS,INGO
2026-05,Khartoum,Karrari,Food Security and Livelihoods,We Are All Values,WAVs,NNGO
2026-05,Khartoum,Um Durman,Food Security and Livelihoods,We Are All Values,WAVs,NNGO
2026-05,North Darfur,Kebkabiya,Food Security and Livelihoods,Sudanese Red Crescent Society,SRCS,Red Cross
2026-05,South Kordofan,Habila - SK,Food Security and Livelihoods,World Vision International,WVI,INGO
2026-05,North Darfur,Um Kadadah,Food Security and Livelihoods,Sudanese Red Crescent Society,SRCS,Red Cross
2026-05,North Kordofan,Soudari,Food Security and Livelihoods,Sudanese Red Crescent Society,SRCS,Red Cross
2026-05,South Darfur,As Salam - SD,Food Security and Livelihoods,World Vision International,WVI,INGO
2026-05,South Kordofan,Abassiya,Food Security and Livelihoods,World Vision International,WVI,INGO
2026-05,South Kordofan,Heiban,Food Security and Livelihoods,World Vision International,WVI,INGO
2026-05,West Darfur,Kereneik,Food Security and Livelihoods,Sudanese Red Crescent Society,SRCS,Red Cross
2026-05,White Nile,Ad Diwaim,Food Security and Livelihoods,Sudanese Red Crescent Society,SRCS,Red Cross
2026-05,South Darfur,Gereida,Protection,World Vision International,WVI,INGO
2026-05,Khartoum,Bahri,Protection,National Units for Mine Action and Development Organization,NUMAD,NNGO
2026-05,White Nile,Kosti,Protection,Hope and Friendship for Development Organization,HFDO,NNGO
2026-05,White Nile,Kosti,Protection,International Rescue Committee,IRC,INGO
2026-05,River Nile,Ad Damar,Protection,International Rescue Committee,IRC,INGO
2026-05,North Darfur,Kutum,Protection,United Nations High Commissioner for Refugees,UNHCR,UN Agency
2026-05,Blue Nile,Ed Damazine,Protection,Save the Children International,SCI,INGO
2026-05,West Darfur,Kereneik,Protection,United Nations High Commissioner for Refugees,UNHCR,UN Agency
2026-05,West Darfur,Kereneik,Protection,Child Development Foundation,CDF,NNGO
2026-05,North Kordofan,Sheikan,Protection,Green Dream Organization,GDO,NNGO
2026-05,Central Darfur,Shamal Jabal Marrah,Protection,Save the Children International,SCI,INGO
2026-05,River Nile,Shendi,Protection,Sudan Social Development Organization,SSDO,NNGO
2026-05,Northern,Ad Dabbah,Shelter and NFIs,Relief International,RI,INGO
2026-05,River Nile,Ad Damar,Protection,NADA Elazhar for Disaster Privention and Sustainable Development,NADA,NNGO
2026-05,White Nile,Kosti,Protection,NADA Elazhar for Disaster Privention and Sustainable Development,NADA,NNGO
2026-05,Khartoum,Karrari,Protection,Relief International,RI,INGO
2026-05,Central Darfur,Gharb Jabal Marrah,Protection,Save the Children International,SCI,INGO
2026-05,Gedaref,Wasat Al Gedaref,Protection,Almanar Voluntary Organization,AMVO,NNGO
2026-05,Gedaref,Madeinat Al Gedaref,Protection,Norwegian Refugee Council,NRC,INGO
2026-05,South Darfur,Nyala Janoub,Protection,Hope and Friendship for Development Organization,HFDO,NNGO
2026-05,North Darfur,Melit,Protection,United Nations High Commissioner for Refugees,UNHCR,UN Agency
2026-05,North Darfur,At Tina,Protection,United Nations High Commissioner for Refugees,UNHCR,UN Agency
2026-05,East Darfur,Ad Du'ayn,Protection,Hope and Friendship for Development Organization,HFDO,NNGO
2026-05,Northern,Ad Dabbah,Protection,Relief International,RI,INGO
2026-05,North Darfur,Um Baru,Protection,United Nations High Commissioner for Refugees,UNHCR,UN Agency
2026-05,White Nile,Rabak,Protection,Almanar Voluntary Organization,AMVO,NNGO
2026-05,Northern,Ad Dabbah,Shelter and NFIs,Auttash Organization for Peace and Development,AUTASH,NNGO
2026-05,Central Darfur,Um Dukhun,Protection,World Relief,WR,INGO
2026-05,East Darfur,Ad Du'ayn,Protection,World Vision International,WVI,INGO
2026-05,Red Sea,Port Sudan,Protection,WE ARE ALIGHT,ALIGHT,INGO
2026-05,River Nile,Shendi,Protection,National Planning Organization,NPO,NNGO
2026-05,Sennar,Sinja,Protection,Save the Children International,SCI,INGO
2026-05,South Kordofan,Abu Jubayhah,Protection,United Nations High Commissioner for Refugees,UNHCR,UN Agency
2026-05,North Darfur,Al Fasher,Protection,United Nations High Commissioner for Refugees,UNHCR,UN Agency
2026-05,North Darfur,Tawila,Protection,NADA Elazhar for Disaster Privention and Sustainable Development,NADA,NNGO
2026-05,River Nile,Al Buhaira,Protection,National Planning Organization,NPO,NNGO
2026-05,West Darfur,Kulbus,Protection,United Nations High Commissioner for Refugees,UNHCR,UN Agency
2026-05,Khartoum,Khartoum,Protection,JASMAR Human Security Organization,JHSO,NNGO
2026-05,West Darfur,Ag Geneina,Protection,World Relief,WR,INGO
2026-05,Gedaref,Al Galabat Al Gharbyah - Kassab,Protection,CAFA Development Organization,CAFA,NNGO
2026-05,Blue Nile,Baw,Protection,International Rescue Committee,IRC,INGO
2026-05,Red Sea,Port Sudan,Protection,Sudan Family Planning Association,SFPA,NNGO
2026-05,River Nile,Abu Hamad,Protection,National Planning Organization,NPO,NNGO
2026-05,Central Darfur,Wasat Jabal Marrah,Protection,Save the Children International,SCI,INGO
2026-05,Khartoum,Karrari,Protection,Cooperazione Internazionale,COOPI,INGO
2026-05,North Darfur,Kelemando,Protection,Auttash Organization for Peace and Development,AUTASH,NNGO
2026-05,Central Darfur,Zalingi,Protection,NADA Elazhar for Disaster Privention and Sustainable Development,NADA,NNGO
2026-05,River Nile,Atbara,Protection,National Planning Organization,NPO,NNGO
2026-05,North Darfur,At Tawisha,Protection,Auttash Organization for Peace and Development,AUTASH,NNGO
2026-05,West Darfur,Jebel Moon,Protection,LM International,LMI,INGO
2026-05,North Darfur,Melit,Protection,United Nations Children's Fund,UNICEF,UN Agency
2026-05,Gedaref,Al Mafaza,Protection,International Rescue Committee,IRC,INGO
2026-05,Kassala,Reifi Wad Elhilaiw,Protection,Child Development Foundation,CDF,NNGO
2026-05,Blue Nile,Ed Damazine,Protection,United Nations Children's Fund,UNICEF,UN Agency
2026-05,South Darfur,Nyala Shimal,Protection,World Vision International,WVI,INGO
2026-05,Aj Jazirah,Al Kamlin,Protection,National Units for Mine Action and Development Organization,NUMAD,NNGO
2026-05,West Darfur,Habila - WD,Protection,World Relief,WR,INGO
2026-05,White Nile,Rabak,Protection,Norwegian Refugee Council,NRC,INGO
2026-05,East Darfur,Ad Du'ayn,Protection,CARE International in Sudan,CARE,INGO
2026-05,Khartoum,Um Bada,Protection,Relief International,RI,INGO
2026-05,West Darfur,Habila - WD,Protection,United Nations High Commissioner for Refugees,UNHCR,UN Agency
2026-05,North Darfur,Dar As Salam,Protection,United Nations High Commissioner for Refugees,UNHCR,UN Agency
2026-05,West Kordofan,Keilak,Protection,WE ARE ALIGHT,ALIGHT,INGO
2026-05,Khartoum,Jebel Awlia,Protection,NADA Elazhar for Disaster Privention and Sustainable Development,NADA,NNGO
2026-05,River Nile,Ad Damar,Protection,CAFA Development Organization,CAFA,NNGO
2026-05,Gedaref,Al Mafaza,Protection,Almanar Voluntary Organization,AMVO,NNGO
2026-05,Blue Nile,Ar Rusayris,Protection,Sudan Social Development Organization,SSDO,NNGO
2026-05,Gedaref,Al Fashaga,Protection,Danish Refugee Council,DRC,INGO
2026-05,South Kordofan,Habila - SK,Protection,Save the Children International,SCI,INGO
2026-05,White Nile,Aj Jabalain,Protection,Danish Refugee Council,DRC,INGO
2026-05,North Darfur,Saraf Omra,Protection,United Nations High Commissioner for Refugees,UNHCR,UN Agency
2026-05,Gedaref,Madeinat Al Gedaref,Protection,WE ARE ALIGHT,ALIGHT,INGO
2026-05,Northern,Dongola,Protection,Al Ruhama,AR,NNGO
2026-05,West Darfur,Ag Geneina,Protection,International Medical Corps,IMC,INGO
2026-05,Gedaref,Al Mafaza,Protection,Norwegian Church Aid,NCA,INGO
2026-05,North Darfur,Al Fasher,Protection,National Association for Child Protection,NACP,NNGO
2026-05,East Darfur,Ad Du'ayn,Protection,United Nations Children's Fund,UNICEF,UN Agency
2026-05,White Nile,Al Gitaina,Protection,Friends of Peace & Development Organization,FPDO,NNGO
2026-05,Central Darfur,Wasat Jabal Marrah,Protection,World Relief,WR,INGO
2026-05,North Darfur,Tawila,Protection,World Relief,WR,INGO
2026-05,Blue Nile,Ar Rusayris,Protection,Pan Health Care Organization,PHCO,NNGO
2026-05,East Darfur,Bahr Al Arab,Protection,World Vision International,WVI,INGO
2026-05,Khartoum,Um Durman,Protection,Danish Refugee Council,DRC,INGO
2026-05,River Nile,Ad Damar,Protection,Child Development Foundation,CDF,NNGO
2026-05,Sennar,Abu Hujar,Protection,United Nations Children's Fund,UNICEF,UN Agency
2026-05,North Darfur,Tawila,Protection,Sahari Organization For Development,SAHARI,NNGO
2026-05,White Nile,Aj Jabalain,Protection,Green Dream Organization,GDO,NNGO
2026-05,Khartoum,Sharg An Neel,Nutrition,Medair,Medair,INGO
2026-05,Sennar,Abu Hujar,Protection,Save the Children International,SCI,INGO
2026-05,River Nile,Shendi,Protection,International Rescue Committee,IRC,INGO
2026-05,White Nile,Aj Jabalain,Protection,JASMAR Human Security Organization,JHSO,NNGO
2026-05,White Nile,Aj Jabalain,Protection,Agency for Technical Cooperation and Development,ACTED,INGO
2026-05,River Nile,Barbar,Protection,Child Development Foundation,CDF,NNGO
2026-05,North Kordofan,Sheikan,Protection,United Nations High Commissioner for Refugees,UNHCR,UN Agency
2026-05,Blue Nile,At Tadamon - BN,Protection,CAFA Development Organization,CAFA,NNGO
2026-05,Kassala,Reifi Khashm Elgirba,Protection,Plan International,PI,INGO
2026-05,North Darfur,Tawila,Protection,AWAFY Sudanese Organization,AWAFY,NNGO
2026-05,Khartoum,Bahri,Protection,NADA Elazhar for Disaster Privention and Sustainable Development,NADA,NNGO
2026-05,Kassala,Halfa Aj Jadeedah,Protection,Woman and Child Care Organization,WCC,INGO
2026-05,Sennar,Ad Dinder,Protection,United Nations Children's Fund,UNICEF,UN Agency
2026-05,North Kordofan,Sheikan,Protection,Save the Children International,SCI,INGO
2026-05,White Nile,Kosti,Protection,Humanitarian Conflict Resolution Organization,HCRO,NNGO
2026-05,East Darfur,Yassin,Protection,WE ARE ALIGHT,ALIGHT,INGO
2026-05,River Nile,Atbara,Protection,Child Development Foundation,CDF,NNGO
2026-05,Northern,Al Golid,Protection,Auttash Organization for Peace and Development,AUTASH,NNGO
2026-05,Northern,Ad Dabbah,Protection,Child Development Foundation,CDF,NNGO
2026-05,Khartoum,Bahri,Protection,Save the Children International,SCI,INGO
2026-05,Aj Jazirah,Medani Al Kubra,Protection,Premiere Urgence Internationale,PUI,INGO
2026-05,Red Sea,Port Sudan,Protection,Save the Children International,SCI,INGO
2026-05,Central Darfur,Gharb Jabal Marrah,Protection,Hope and Friendship for Development Organization,HFDO,NNGO
2026-05,Aj Jazirah,Al Hasahisa,Protection,Friends of Peace & Development Organization,FPDO,NNGO
2026-05,Gedaref,Wasat Al Gedaref,Protection,Norwegian Church Aid,NCA,INGO
2026-05,Central Darfur,Zalingi,Protection,Premiere Urgence Internationale,PUI,INGO
2026-05,Kassala,Madeinat Kassala,Protection,Plan International,PI,INGO
2026-05,South Kordofan,Kadugli,Food Security and Livelihoods,World Vision International,WVI,INGO
2026-05,South Kordofan,Delami,Food Security and Livelihoods,World Vision International,WVI,INGO
2026-05,River Nile,Atbara,Protection,Sudan Social Development Organization,SSDO,NNGO
2026-05,Aj Jazirah,Al Manaqil,Protection,Save the Children International,SCI,INGO
2026-05,North Darfur,As Serief,Protection,United Nations High Commissioner for Refugees,UNHCR,UN Agency
2026-05,Central Darfur,Wasat Jabal Marrah,Food Security and Livelihoods,Islamic Relief Worldwide,IRW,INGO
2026-05,Khartoum,Khartoum,Protection,Sudan Agwa Organization,AGWA,NNGO
2026-05,Blue Nile,Ar Rusayris,Food Security and Livelihoods,World Vision International,WVI,INGO
2026-05,East Darfur,Al Firdous,Protection,CARE International in Sudan,CARE,INGO
2026-05,Khartoum,Khartoum,Food Security and Livelihoods,We Are All Values,WAVs,NNGO
2026-05,Blue Nile,Ed Damazine,Food Security and Livelihoods,World Vision International,WVI,INGO
2026-05,Blue Nile,Ed Damazine,Protection,Sudan Social Development Organization,SSDO,NNGO
2026-05,East Darfur,Yassin,Protection,CARE International in Sudan,CARE,INGO
2026-05,South Kordofan,Kadugli,Protection,United Nations High Commissioner for Refugees,UNHCR,UN Agency
2026-05,River Nile,Shendi,Food Security and Livelihoods,World Vision International,WVI,INGO
2026-05,Blue Nile,Baw,Food Security and Livelihoods,World Vision International,WVI,INGO
2026-05,White Nile,Kosti,Food Security and Livelihoods,World Vision International,WVI,INGO
2026-05,Central Darfur,Gharb Jabal Marrah,Protection,Danish Refugee Council,DRC,INGO
2026-05,Gedaref,Galabat Ash-Shargiah,Protection,Plan International,PI,INGO
2026-05,Central Darfur,Gharb Jabal Marrah,Multi-Purpose Cash,Sudanese Organisation for Relief and Recovery,SORR,NNGO
2026-05,North Darfur,Tawila,Protection,Action Contre la Faim (Action Against Hunger),ACF,INGO
2026-05,Sennar,Sennar,Shelter and NFIs,Islamic Relief Worldwide,IRW,INGO
2026-05,Central Darfur,Zalingi,Protection,Action against hunger - Spain,ACF -Spain,INGO
2026-05,Aj Jazirah,Um Algura,Shelter and NFIs,Islamic Relief Worldwide,IRW,INGO
2026-05,White Nile,Tendalti,Shelter and NFIs,Norwegian Refugee Council,NRC,INGO
2026-05,North Darfur,Um Kadadah,Protection,United Nations High Commissioner for Refugees,UNHCR,UN Agency
2026-05,North Kordofan,Sheikan,Protection,Plan International,PI,INGO
2026-05,North Darfur,Tawila,Protection,Action against hunger - Spain,ACF -Spain,INGO
2026-05,South Darfur,Mershing,Protection,LM International,LMI,INGO
2026-05,Blue Nile,Ed Damazine,Shelter and NFIs,Adventist Development and Relief Agency,ADRA,INGO
2026-05,Central Darfur,Um Dukhun,Protection,International Medical Corps,IMC,INGO
2026-05,North Darfur,Al Lait,Shelter and NFIs,Sudanese Organisation for Relief and Recovery,SORR,NNGO
2026-05,North Darfur,Kernoi,Protection,United Nations High Commissioner for Refugees,UNHCR,UN Agency
2026-05,West Darfur,Sirba,Protection,Premiere Urgence Internationale,PUI,INGO
2026-05,Gedaref,Wasat Al Gedaref,Protection,WE ARE ALIGHT,ALIGHT,INGO
2026-05,Kassala,Reifi Kassla,Shelter and NFIs,Sudanese Organisation for Relief and Recovery,SORR,NNGO
2026-05,Kassala,Reifi Shamal Ad Delta,Shelter and NFIs,Sudanese Organisation for Relief and Recovery,SORR,NNGO
2026-05,Central Darfur,Azum,Protection,Premiere Urgence Internationale,PUI,INGO
2026-05,Aj Jazirah,Al Hasahisa,Nutrition,International Rescue Committee,IRC,INGO
2026-05,White Nile,Kosti,Education,Trust for Rehabilitation and Development Organization,TDO,NNGO
2026-05,River Nile,Ad Damar,Education,Child Development Foundation,CDF,NNGO
2026-05,Kassala,Reifi Hamashkureib,Multi-Purpose Cash,JASMAR Human Security Organization,JHSO,NNGO
2026-05,Central Darfur,Gharb Jabal Marrah,Education,Save the Children International,SCI,INGO
2026-05,Aj Jazirah,Al Kamlin,Nutrition,Muslim Aid Sudan,MAS,INGO
2026-05,Kassala,Halfa Aj Jadeedah,Education,Al-Sadagat organization,Al-SO,NNGO
2026-05,Sennar,Sennar,Education,Al-Sadagat organization,Al-SO,NNGO
2026-05,Sennar,Abu Hujar,Education,Al-Sadagat organization,Al-SO,NNGO
2026-05,Gedaref,Wasat Al Gedaref,Education,Al-Sadagat organization,Al-SO,NNGO
2026-05,North Darfur,Al Fasher,Education,Alnahda Organization For Peace And Development,AlNahda,NNGO
2026-05,Blue Nile,Ed Damazine,Education,Al-Sadagat organization,Al-SO,NNGO
2026-05,Central Darfur,Shamal Jabal Marrah,Education,Jabal Marra Charity Organization for Rural Development,JMCO,NNGO
2026-05,Aj Jazirah,Janub Al Jazirah,Nutrition,International Rescue Committee,IRC,INGO
2026-05,Gedaref,Madeinat Al Gedaref,Education,JAIDAN Youth Organization for Peace and Development,JAIDAN,NNGO
2026-05,Red Sea,Haya,Education,Building Resilience Development Organization,BRDO,NNGO
2026-05,Aj Jazirah,Janub Al Jazirah,Nutrition,Premiere Urgence Internationale,PUI,INGO
2026-05,Aj Jazirah,Sharg Al Jazirah,Education,Sawa Sudan for Development and Humanitarian Aid,SSDHA,NNGO
2026-05,Aj Jazirah,Medani Al Kubra,Nutrition,WE ARE ALIGHT,ALIGHT,INGO
2026-05,Khartoum,Um Bada,Education,Rural Community Development Organization,RCDO,NNGO
2026-05,Aj Jazirah,Medani Al Kubra,Nutrition,International Rescue Committee,IRC,INGO
2026-05,North Darfur,Dar As Salam,Education,Plan International,PI,INGO
2026-05,Aj Jazirah,Medani Al Kubra,Nutrition,Premiere Urgence Internationale,PUI,INGO
2026-05,Khartoum,Jebel Awlia,Multi-Purpose Cash,Sudanese Red Crescent Society,SRCS,Red Cross
2026-05,Aj Jazirah,Medani Al Kubra,Nutrition,Save the Children International,SCI,INGO
2026-05,Aj Jazirah,Sharg Al Jazirah,Nutrition,Building Foundation for Development,BFD,NNGO
2026-05,North Kordofan,Sheikan,Multi-Purpose Cash,Sudanese Red Crescent Society,SRCS,Red Cross
2026-05,Aj Jazirah,Janub Al Jazirah,Multi-Purpose Cash,CAFA Development Organization,CAFA,NNGO
2026-05,Aj Jazirah,Sharg Al Jazirah,Nutrition,International Rescue Committee,IRC,INGO
2026-05,River Nile,Barbar,Food Security and Livelihoods,MERCY CORPS,MC,INGO
2026-05,Kassala,Reifi Gharb Kassala,Food Security and Livelihoods,World Food Programme,WFP,UN Agency
2026-05,Kassala,Reifi Wad Elhilaiw,Food Security and Livelihoods,MERCY CORPS,MC,INGO
2026-05,Kassala,Halfa Aj Jadeedah,Food Security and Livelihoods,MERCY CORPS,MC,INGO
2026-05,Aj Jazirah,Sharg Al Jazirah,Nutrition,Relief International,RI,INGO
2026-05,Blue Nile,Baw,Multi-Purpose Cash,Action Contre la Faim (Action Against Hunger),ACF,INGO
2026-05,Blue Nile,Ar Rusayris,Nutrition,International Rescue Committee,IRC,INGO
2026-05,Blue Nile,Ar Rusayris,Nutrition,Save the Children International,SCI,INGO
2026-05,North Darfur,At Tina,Food Security and Livelihoods,Al Juzour Organization,JPRD,NNGO
2026-05,Blue Nile,Baw,Nutrition,International Rescue Committee,IRC,INGO
2026-05,Blue Nile,Baw,Nutrition,Save the Children International,SCI,INGO
2026-05,Red Sea,Sinkat,Health,INTERSOS,INTERSOS,INGO
2026-05,Blue Nile,Geisan,Nutrition,Save the Children International,SCI,INGO
2026-05,Red Sea,Port Sudan,Health,INTERSOS,INTERSOS,INGO
2026-05,Blue Nile,Wad Al Mahi,Nutrition,International Rescue Committee,IRC,INGO
2026-05,Central Darfur,Azum,Nutrition,Concern WorldWide,CWW,INGO
2026-05,Central Darfur,Azum,Nutrition,Save the Children International,SCI,INGO
2026-05,Central Darfur,Bendasi,Nutrition,Catholic Relief Services,CRS,INGO
2026-05,Central Darfur,Azum,Nutrition,World Relief,WR,INGO
2026-05,Central Darfur,Gharb Jabal Marrah,Nutrition,Action Against Hunger,AAH,INGO
2026-05,Central Darfur,Gharb Jabal Marrah,Nutrition,Islamic Relief Worldwide,IRW,INGO
2026-05,Central Darfur,Gharb Jabal Marrah,Nutrition,World Relief,WR,INGO
2026-05,Central Darfur,Mukjar,Nutrition,Catholic Relief Services,CRS,INGO
2026-05,Central Darfur,Shamal Jabal Marrah,Nutrition,Save the Children International,SCI,INGO
2026-05,Central Darfur,Shamal Jabal Marrah,Nutrition,World Relief,WR,INGO
2026-05,Central Darfur,Um Dukhun,Nutrition,Catholic Relief Services,CRS,INGO
2026-05,Central Darfur,Um Dukhun,Nutrition,International Medical Corps,IMC,INGO
2026-05,Central Darfur,Um Dukhun,Nutrition,MERCY CORPS,MC,INGO
2026-05,Central Darfur,Wadi Salih,Nutrition,Catholic Relief Services,CRS,INGO
2026-05,Central Darfur,Wasat Jabal Marrah,Nutrition,Catholic Relief Services,CRS,INGO
2026-05,Central Darfur,Wasat Jabal Marrah,Nutrition,International Medical Corps,IMC,INGO
2026-05,Central Darfur,Wasat Jabal Marrah,Nutrition,Save the Children International,SCI,INGO
2026-05,Central Darfur,Zalingi,Nutrition,Catholic Relief Services,CRS,INGO
2026-05,Central Darfur,Zalingi,Nutrition,Save the Children International,SCI,INGO
2026-05,Central Darfur,Zalingi,Nutrition,World Relief,WR,INGO
2026-05,East Darfur,Abu Jabrah,Nutrition,WE ARE ALIGHT,ALIGHT,INGO
2026-05,East Darfur,Abu Jabrah,Nutrition,Catholic Relief Services,CRS,INGO
2026-05,East Darfur,Abu Karinka,Nutrition,WE ARE ALIGHT,ALIGHT,INGO
2026-05,East Darfur,Ad Du'ayn,Nutrition,WE ARE ALIGHT,ALIGHT,INGO
2026-05,East Darfur,Assalaya,Nutrition,WE ARE ALIGHT,ALIGHT,INGO
2026-05,East Darfur,Shia'ria,Nutrition,Catholic Relief Services,CRS,INGO
2026-05,East Darfur,Shia'ria,Nutrition,WE ARE ALIGHT,ALIGHT,INGO
2026-05,East Darfur,Yassin,Nutrition,WE ARE ALIGHT,ALIGHT,INGO
2026-05,East Darfur,Yassin,Nutrition,Catholic Relief Services,CRS,INGO
2026-05,Gedaref,Al Fashaga,Nutrition,Medical Teams International,MTI,INGO
2026-05,Gedaref,Ar Rahad-GD,Nutrition,Medical Teams International,MTI,INGO
2026-05,Gedaref,Galabat Ash-Shargiah,Nutrition,Friends of Peace & Development Organization,FPDO,NNGO
2026-05,Gedaref,Wasat Al Gedaref,Nutrition,WE ARE ALIGHT,ALIGHT,INGO
2026-05,Gedaref,Madeinat Al Gedaref,Nutrition,Medical Teams International,MTI,INGO
2026-05,Gedaref,Wasat Al Gedaref,Nutrition,Save the Children International,SCI,INGO
2026-05,Gedaref,Al Galabat Al Gharbyah - Kassab,Nutrition,Save the Children International,SCI,INGO
2026-05,Khartoum,Bahri,Nutrition,Medair,Medair,INGO
2026-05,Kassala,Reifi Hamashkureib,Nutrition,Samaritan's Purse,SP,INGO
2026-05,Khartoum,Jebel Awlia,Nutrition,Medecins Sans Frontieres - Spain,MSF Spain,INGO
2026-05,Khartoum,Jebel Awlia,Nutrition,Medair,Medair,INGO
2026-05,East Darfur,Al Firdous,Nutrition,WE ARE ALIGHT,ALIGHT,INGO
2026-05,Khartoum,Jebel Awlia,Nutrition,Premiere Urgence Internationale,PUI,INGO
2026-05,Khartoum,Jebel Awlia,Health,Relief International,RI,INGO
2026-05,Khartoum,Jebel Awlia,Nutrition,World Relief,WR,INGO
2026-05,Khartoum,Jebel Awlia,Nutrition,Relief International,RI,INGO
2026-05,Khartoum,Um Durman,Health,Relief International,RI,INGO
2026-05,Khartoum,Khartoum,Nutrition,Premiere Urgence Internationale,PUI,INGO
2026-05,Khartoum,Karrari,Nutrition,Relief International,RI,INGO
2026-05,Blue Nile,Baw,Health,International Rescue Committee,IRC,INGO
2026-05,Khartoum,Um Bada,Nutrition,Relief International,RI,INGO
2026-05,Gedaref,Al Mafaza,Health,International Rescue Committee,IRC,INGO
2026-05,White Nile,Rabak,Health,International Rescue Committee,IRC,INGO
2026-05,South Darfur,Nyala Shimal,Multi-Purpose Cash,Norwegian Refugee Council,NRC,INGO
2026-05,North Darfur,Al Lait,Nutrition,Sahari Organization For Development,SAHARI,NNGO
2026-05,North Darfur,Al Koma,Nutrition,Sahari Organization For Development,SAHARI,NNGO
2026-05,Central Darfur,Um Dukhun,Site Management,Danish Refugee Council,DRC,INGO
2026-05,South Kordofan,Al Leri,Food Security and Livelihoods,World Vision International,WVI,INGO
2026-05,North Darfur,As Serief,Nutrition,Welthungerhilfe (German Agro Action),WHH,INGO
2026-05,North Darfur,Tawila,Multi-Purpose Cash,Norwegian Refugee Council,NRC,INGO
2026-05,Gedaref,Al Mafaza,Nutrition,International Rescue Committee,IRC,INGO
2026-05,Aj Jazirah,Medani Al Kubra,Nutrition,Relief International,RI,INGO
2026-05,North Darfur,At Tina,Nutrition,"Aljuzur Organization for Peace, Rehabilitation and Development",JPRD,NNGO
2026-05,Kassala,Reifi Nahr Atbara,Education,Building Resilience Development Organization,BRDO,NNGO
2026-05,Aj Jazirah,Sharg Al Jazirah,Shelter and NFIs,CAFA Development Organization,CAFA,NNGO
2026-05,North Darfur,Dar As Salam,Nutrition,International Medical Corps,IMC,INGO
2026-05,Aj Jazirah,Janub Al Jazirah,Nutrition,Relief International,RI,INGO
2026-05,North Darfur,Kernoi,Nutrition,"Aljuzur Organization for Peace, Rehabilitation and Development",JPRD,NNGO
2026-05,North Darfur,At Tawisha,Multi-Purpose Cash,Welthungerhilfe,WHH,INGO
2026-05,Gedaref,Al Mafaza,Education,Al-Sadagat organization,Al-SO,NNGO
2026-05,Central Darfur,Wadi Salih,Food Security and Livelihoods,Veterinaires Sans Frontières Germany,VSF-G,INGO
2026-05,Khartoum,Bahri,Multi-Purpose Cash,International Rescue Committee,IRC,INGO
2026-05,North Kordofan,Um Rawaba,Education,Save the Children International,SCI,INGO
2026-05,West Darfur,Jebel Moon,Protection,United Nations High Commissioner for Refugees,UNHCR,UN Agency
2026-05,Khartoum,Khartoum,Protection,Almanar Voluntary Organization,AMVO,NNGO
2026-05,Central Darfur,Shamal Jabal Marrah,Protection,Hope and Friendship for Development Organization,HFDO,NNGO
2026-05,North Darfur,Melit,Nutrition,Sahari Organization For Development,SAHARI,NNGO
2026-05,North Darfur,Kelemando,Health,Save the Children International,SCI,INGO
2026-05,Khartoum,Sharg An Neel,Protection,Relief International,RI,INGO
2026-05,South Kordofan,Abassiya,Food Security and Livelihoods,CARE International in Sudan,CARE,INGO
2026-05,Gedaref,Al Galabat Al Gharbyah - Kassab,Protection,Plan International,PI,INGO
2026-05,South Kordofan,Dilling,Protection,Save the Children International,SCI,INGO
2026-05,West Darfur,Ag Geneina,Food Security and Livelihoods,World Relief,WR,INGO
2026-05,North Darfur,Tawila,Nutrition,WE ARE ALIGHT,ALIGHT,INGO
2026-05,North Darfur,Tawila,Nutrition,INTERSOS,INTERSOS,INGO
2026-05,North Darfur,Tawila,Nutrition,Relief International,RI,INGO
2026-05,North Darfur,Tawila,Nutrition,Sahari Organization For Development,SAHARI,NNGO
2026-05,White Nile,Aj Jabalain,Protection,United Nations Children's Fund,UNICEF,UN Agency
2026-05,Sennar,Sennar,Food Security and Livelihoods,Sudanese Red Crescent Society,SRCS,Red Cross
2026-05,North Darfur,Tawila,Nutrition,Save the Children International,SCI,INGO
2026-05,North Darfur,Um Baru,Nutrition,"Aljuzur Organization for Peace, Rehabilitation and Development",JPRD,NNGO
2026-05,North Darfur,Tawila,Nutrition,World Relief,WR,INGO
2026-05,North Darfur,At Tawisha,Food Security and Livelihoods,Sudanese Red Crescent Society,SRCS,Red Cross
2026-05,Aj Jazirah,Sharg Al Jazirah,Multi-Purpose Cash,Sudanese Organisation for Relief and Recovery,SORR,NNGO
2026-05,South Darfur,Buram,Food Security and Livelihoods,World Vision International,WVI,INGO
2026-05,North Darfur,Um Baru,Nutrition,Sudan Assist for Development Organization,SADO,NNGO
2026-05,North Darfur,Um Baru,Nutrition,Goal Global,GOAL,INGO
2026-05,North Kordofan,Sheikan,Nutrition,Islamic Relief Worldwide,IRW,INGO
2026-05,North Kordofan,Um Dam Haj Ahmed,Nutrition,Islamic Relief Worldwide,IRW,INGO
2026-05,Northern,Al Burgaig,Nutrition,Building Foundation for Development,BFD,NNGO
2026-05,Northern,Al Golid,Nutrition,Building Foundation for Development,BFD,NNGO
2026-05,Gedaref,Al Fao,Food Security and Livelihoods,MERCY CORPS,MC,INGO
2026-05,Gedaref,Wasat Al Gedaref,Protection,Danish Refugee Council,DRC,INGO
2026-05,West Kordofan,Al Lagowa,Health,Concern WorldWide,CWW,INGO
2026-05,Northern,Halfa,Nutrition,Building Foundation for Development,BFD,NNGO
2026-05,North Kordofan,Sheikan,Food Security and Livelihoods,Alsalam Organization for Rehabilitation and Development,AORD,NNGO
2026-05,Red Sea,Sawakin,Nutrition,Save the Children International,SCI,INGO
2026-05,North Kordofan,Sheikan,Protection,CAFA Development Organization,CAFA,NNGO
2026-05,West Darfur,Kereneik,Health,Concern WorldWide,CWW,INGO
2026-05,East Darfur,Abu Karinka,Protection,CARE International in Sudan,CARE,INGO
2026-05,Sennar,As Suki,Protection,United Nations Children's Fund,UNICEF,UN Agency
2026-05,River Nile,Ad Damar,Protection,Save the Children International,SCI,INGO
2026-05,North Darfur,Al Fasher,Protection,United Nations Children's Fund,UNICEF,UN Agency
2026-05,Kassala,Madeinat Kassala,Food Security and Livelihoods,MERCY CORPS,MC,INGO
2026-05,North Darfur,Tawila,Protection,Hope and Friendship for Development Organization,HFDO,NNGO
2026-05,Northern,Dongola,Food Security and Livelihoods,MERCY CORPS,MC,INGO
2026-05,West Kordofan,Babanusa,Multi-Purpose Cash,Agency for Technical Cooperation and Development,ACTED,INGO
2026-05,West Kordofan,Al Khiwai,Multi-Purpose Cash,Agency for Technical Cooperation and Development,ACTED,INGO
2026-05,West Kordofan,Al Dibab,Multi-Purpose Cash,Agency for Technical Cooperation and Development,ACTED,INGO
2026-05,North Darfur,Al Koma,Multi-Purpose Cash,Agency for Technical Cooperation and Development,ACTED,INGO
2026-05,South Darfur,Ed Al Fursan,Multi-Purpose Cash,International Rescue Committee,IRC,INGO
2026-05,North Darfur,Um Kadadah,Multi-Purpose Cash,International Rescue Committee,IRC,INGO
2026-05,North Darfur,Kelemando,Multi-Purpose Cash,International Rescue Committee,IRC,INGO
2026-05,North Darfur,Dar As Salam,Multi-Purpose Cash,International Rescue Committee,IRC,INGO
2026-05,Khartoum,Um Durman,Multi-Purpose Cash,Agency for Technical Cooperation and Development,ACTED,INGO
2026-05,North Kordofan,Sheikan,Multi-Purpose Cash,MERCY CORPS,MC,INGO
2026-05,Aj Jazirah,Medani Al Kubra,Multi-Purpose Cash,International Rescue Committee,IRC,INGO
2026-05,North Darfur,As Serief,Protection,United Nations Children's Fund,UNICEF,UN Agency
2026-05,South Kordofan,Delami,Multi-Purpose Cash,Norwegian Refugee Council,NRC,INGO
2026-05,South Kordofan,Kadugli,Multi-Purpose Cash,CARE International in Sudan,CARE,INGO
2026-05,River Nile,Atbara,Nutrition,Building Foundation for Development,BFD,NNGO
2026-05,River Nile,Atbara,Nutrition,International Rescue Committee,IRC,INGO
2026-05,River Nile,Shendi,Nutrition,International Rescue Committee,IRC,INGO
2026-05,South Darfur,As Sunta,Nutrition,WE ARE ALIGHT,ALIGHT,INGO
2026-05,West Darfur,Ag Geneina,Health,Sudanese Red Crescent Society,SRCS,Red Cross
2026-05,West Darfur,Ag Geneina,WASH,Solidarites International,SI,INGO
2026-05,Khartoum,Karrari,Protection,Sudan Social Development Organization,SSDO,NNGO
2026-05,Khartoum,Jebel Awlia,Protection,National Planning Organization,NPO,NNGO
2026-05,Central Darfur,Wasat Jabal Marrah,WASH,Sahari Organization For Development,SAHARI,NNGO
2026-05,North Darfur,Melit,WASH,Relief International,RI,INGO
2026-05,South Darfur,Buram,Nutrition,WE ARE ALIGHT,ALIGHT,INGO
2026-05,Central Darfur,Um Dukhun,Protection,Trust for Rehabilitation and Development Organization,TDO,NNGO
2026-05,North Kordofan,Sheikan,Protection,United Nations Children's Fund,UNICEF,UN Agency
2026-05,South Kordofan,Abassiya,WASH,CARE International in Sudan,CARE,INGO
2026-05,White Nile,Tendalti,Protection,JASMAR Human Security Organization,JHSO,NNGO
2026-05,South Kordofan,Abu Jubayhah,Protection,Save the Children International,SCI,INGO
2026-05,Central Darfur,Wasat Jabal Marrah,Protection,International Medical Corps,IMC,INGO
2026-05,Khartoum,Karrari,WASH,Agency for Technical Cooperation and Development,ACTED,INGO
2026-05,West Darfur,Sirba,Protection,United Nations High Commissioner for Refugees,UNHCR,UN Agency
2026-05,Gedaref,Madeinat Al Gedaref,WASH,WE ARE ALIGHT,ALIGHT,INGO
2026-05,West Darfur,Sirba,WASH,Triangle Génération Humanitaire,TGH,INGO
2026-05,South Darfur,As Salam - SD,Nutrition,WE ARE ALIGHT,ALIGHT,INGO
2026-05,Khartoum,Um Bada,WASH,LM International,LMI,INGO
2026-05,Blue Nile,Baw,WASH,Agency for Technical Cooperation and Development,ACTED,INGO
2026-05,Kassala,Reifi Hamashkureib,WASH,Samaritan's Purse,SP,INGO
2026-05,Kassala,Madeinat Kassala,WASH,Sudanese Red Crescent Society,SRCS,Red Cross
2026-05,Blue Nile,Ar Rusayris,WASH,World Relief,WR,INGO
2026-05,South Kordofan,Ar Rashad,WASH,Plan International,PI,INGO
2026-05,South Darfur,Kubum,Nutrition,WE ARE ALIGHT,ALIGHT,INGO
2026-05,Gedaref,Al Fao,Health,Patient Helping Fund,PHF,NNGO
2026-05,South Darfur,Nyala Janoub,Nutrition,WE ARE ALIGHT,ALIGHT,INGO
2026-05,Khartoum,Khartoum,Health,Premiere Urgence Internationale,PUI,INGO
2026-05,South Darfur,Nyala Shimal,Nutrition,WE ARE ALIGHT,ALIGHT,INGO
2026-05,South Kordofan,Abassiya,Nutrition,Concern WorldWide,CWW,INGO
2026-05,East Darfur,Yassin,Health,World Vision International,WVI,INGO
2026-05,South Kordofan,Abassiya,Nutrition,Save the Children International,SCI,INGO
2026-05,South Kordofan,Al Leri,Nutrition,Concern WorldWide,CWW,INGO
2026-05,South Kordofan,Dilling,Health,Save the Children International,SCI,INGO
2026-05,White Nile,As Salam / Ar Rawat,Refugee Consultative Forum,World Food Programme,WFP,UN Agency
2026-05,White Nile,Aj Jabalain,Refugee Consultative Forum,World Food Programme,WFP,UN Agency
2026-05,West Kordofan,As Sunut,Refugee Consultative Forum,World Food Programme,WFP,UN Agency
2026-05,Gedaref,Madeinat Al Gedaref,Multi-Purpose Cash,Save the Children International,SCI,INGO
2026-05,South Darfur,As Sunta,Refugee Consultative Forum,World Food Programme,WFP,UN Agency
2026-05,North Kordofan,Um Rawaba,Refugee Consultative Forum,World Food Programme,WFP,UN Agency
2026-05,Kassala,Reifi Wad Elhilaiw,Refugee Consultative Forum,World Food Programme,WFP,UN Agency
2026-05,Kassala,Reifi Khashm Elgirba,Refugee Consultative Forum,World Food Programme,WFP,UN Agency
2026-05,Kassala,Reifi Kassla,Refugee Consultative Forum,World Food Programme,WFP,UN Agency
2026-05,South Kordofan,Dilling,Nutrition,Goal Global,GOAL,INGO
2026-05,Gedaref,Al Fashaga,Refugee Consultative Forum,World Food Programme,WFP,UN Agency
2026-05,East Darfur,Shia'ria,Refugee Consultative Forum,World Food Programme,WFP,UN Agency
2026-05,East Darfur,Al Firdous,Refugee Consultative Forum,United Nations Children's Fund,UNICEF,UN Agency
2026-05,East Darfur,Adila,Refugee Consultative Forum,World Food Programme,WFP,UN Agency
2026-05,Central Darfur,Um Dukhun,Refugee Consultative Forum,World Food Programme,WFP,UN Agency
2026-05,Blue Nile,Wad Al Mahi,Refugee Consultative Forum,World Food Programme,WFP,UN Agency
2026-05,Aj Jazirah,Sharg Al Jazirah,Protection,Relief International,RI,INGO
2026-05,Gedaref,Madeinat Al Gedaref,Protection,Agency for Technical Cooperation and Development,ACTED,INGO
2026-05,Central Darfur,Mukjar,Protection,United Nations High Commissioner for Refugees,UNHCR,UN Agency
2026-05,North Kordofan,Ar Rahad-NK,Protection,Save the Children International,SCI,INGO
2026-05,North Kordofan,Ar Rahad-NK,Protection,Plan International,PI,INGO
2026-05,South Kordofan,Ghadeer,Nutrition,Goal Global,GOAL,INGO
2026-05,Central Darfur,Bendasi,Protection,United Nations High Commissioner for Refugees,UNHCR,UN Agency
2026-05,Aj Jazirah,Janub Al Jazirah,Protection,Premiere Urgence Internationale,PUI,INGO
2026-05,Kassala,Madeinat Kassala,Protection,JASMAR Human Security Organization,JHSO,NNGO
2026-05,Central Darfur,Wasat Jabal Marrah,Protection,Islamic Relief Worldwide,IRW,INGO
2026-05,Abyei PCA,Abyei PCA area,Health,Hope and Friendship for Development Organization,HFDO,NNGO
2026-05,South Kordofan,Talawdi,Health,Goal Global,GOAL,INGO
2026-05,South Kordofan,Abu Jubayhah,Health,Goal Global,GOAL,INGO
2026-05,South Kordofan,Talawdi,Nutrition,Goal Global,GOAL,INGO
2026-05,North Darfur,Um Baru,Health,Goal Global,GOAL,INGO
2026-05,South Kordofan,Habila - SK,Nutrition,Goal Global,GOAL,INGO
2026-05,West Darfur,Ag Geneina,Health,Child Development Foundation,CDF,NNGO
2026-05,South Kordofan,Dilling,Health,Child Development Foundation,CDF,NNGO
2026-05,West Darfur,Ag Geneina,Food Security and Livelihoods,Catholic Relief Services,CRS,INGO
2026-05,West Darfur,Ag Geneina,Nutrition,International Medical Corps,IMC,INGO
2026-05,Northern,Ad Dabbah,Multi-Purpose Cash,Relief International,RI,INGO
2026-05,West Darfur,Habila - WD,Nutrition,Catholic Relief Services,CRS,INGO
2026-05,Gedaref,Madeinat Al Gedaref,Multi-Purpose Cash,Islamic Relief Worldwide,IRW,INGO
2026-05,West Darfur,Kereneik,Nutrition,Premiere Urgence Internationale,PUI,INGO
2026-05,South Darfur,Sharg Aj Jabal,Health,CARE International in Sudan,CARE,INGO
2026-05,East Darfur,Ad Du'ayn,Health,CARE International in Sudan,CARE,INGO
2026-05,North Darfur,Dar As Salam,Multi-Purpose Cash,Plan International,PI,INGO
2026-05,North Darfur,Melit,Health,United Peace Organization,UPO,NNGO
2026-05,West Kordofan,Abu Zabad,Nutrition,Concern WorldWide,CWW,INGO
2026-05,North Darfur,Dar As Salam,Health,Sudan Family Planning Association,SFPA,NNGO
2026-05,West Kordofan,Al Meiram,Nutrition,Concern WorldWide,CWW,INGO
2026-05,White Nile,Tendalti,Nutrition,Plan International,PI,INGO
2026-05,White Nile,Ad Diwaim,Nutrition,Action Against Hunger,AAH,INGO
2026-05,White Nile,Al Gitaina,Nutrition,International Rescue Committee,IRC,INGO
2026-05,West Kordofan,As Salam - WK,Nutrition,WE ARE ALIGHT,ALIGHT,INGO
2026-05,White Nile,Kosti,Nutrition,International Rescue Committee,IRC,INGO
2026-05,White Nile,Rabak,Nutrition,International Rescue Committee,IRC,INGO
2026-05,Blue Nile,Al Kurmuk,Nutrition,World Relief,WR,INGO
2026-05,Kassala,Madeinat Kassala,Nutrition,WE ARE ALIGHT,ALIGHT,INGO
2026-05,South Kordofan,Abu Jubayhah,Refugee Consultative Forum,World Food Programme,WFP,UN Agency
2026-05,Aj Jazirah,Al Manaqil,Health,Sudan Family Planning Association,SFPA,NNGO
2026-05,North Darfur,Al Fasher,Health,Sudan Family Planning Association,SFPA,NNGO
2026-05,Blue Nile,Ed Damazine,Health,Sudan Family Planning Association,SFPA,NNGO
2026-05,Red Sea,Port Sudan,Health,Addition for Disasters assistance and Development,ADD,NNGO
2026-05,Khartoum,Karrari,Health,Sudanese American Physicians Association,SAPA,INGO
2026-05,West Darfur,Ag Geneina,Health,INTERSOS,INTERSOS,INGO
2026-05,South Kordofan,Abu Jubayhah,Health,Child Development Foundation,CDF,NNGO
2026-05,North Kordofan,Sheikan,Multi-Purpose Cash,Save the Children International,SCI,INGO
2026-05,Gedaref,Al Mafaza,Nutrition,Medical Teams International,MTI,INGO
2026-05,White Nile,Kosti,Health,International Rescue Committee,IRC,INGO
2026-05,South Kordofan,Dilling,Multi-Purpose Cash,Plan International,PI,INGO
2026-05,North Kordofan,Sheikan,Multi-Purpose Cash,Plan International,PI,INGO
2026-05,South Kordofan,Ar Rashad,Multi-Purpose Cash,Plan International,PI,INGO
2026-05,South Kordofan,Abu Jubayhah,Multi-Purpose Cash,Plan International,PI,INGO
2026-05,Gedaref,Madeinat Al Gedaref,Health,CARE International in Sudan,CARE,INGO
2026-05,Gedaref,Wasat Al Gedaref,Health,CARE International in Sudan,CARE,INGO
2026-05,Blue Nile,Ed Damazine,Nutrition,Save the Children International,SCI,INGO
2026-05,South Kordofan,Abu Jubayhah,Health,CARE International in Sudan,CARE,INGO
2026-05,South Kordofan,At Tadamon - SK,Health,CARE International in Sudan,CARE,INGO
2026-05,West Darfur,Ag Geneina,Protection,United Nations High Commissioner for Refugees,UNHCR,UN Agency
2026-05,Gedaref,Madeinat Al Gedaref,Protection,Sudan Zero Waste Organization,SZWO,NNGO
2026-05,East Darfur,Shia'ria,Protection,World Vision International,WVI,INGO
2026-05,North Darfur,Tawila,Health,CARE International in Sudan,CARE,INGO
2026-05,North Darfur,Melit,Protection,Humanity for Development and Prosperity Organization,HDPO,NNGO
2026-05,North Darfur,At Tawisha,Protection,United Nations High Commissioner for Refugees,UNHCR,UN Agency
2026-05,Gedaref,Al Qureisha,Protection,Friends of Peace & Development Organization,FPDO,NNGO
2026-05,North Kordofan,Um Rawaba,Protection,United Nations High Commissioner for Refugees,UNHCR,UN Agency
2026-05,Kassala,Reifi Telkok,Protection,AAR JAPAN,AAR JAPAN,INGO
2026-05,West Darfur,Habila - WD,Protection,Child Development Foundation,CDF,NNGO
2026-05,West Kordofan,Al Dibab,Health,Concern WorldWide,CWW,INGO
2026-05,Kassala,Reifi Aroma,Protection,Hope and Friendship for Development Organization,HFDO,NNGO
2026-05,Aj Jazirah,Medani Al Kubra,Multi-Purpose Cash,Relief International,RI,INGO
2026-05,Khartoum,Jebel Awlia,Multi-Purpose Cash,Relief International,RI,INGO
2026-05,Gedaref,Galabat Ash-Shargiah,Protection,Norwegian Church Aid,NCA,INGO
2026-05,Khartoum,Karrari,Multi-Purpose Cash,Relief International,RI,INGO
2026-05,Central Darfur,Gharb Jabal Marrah,Multi-Purpose Cash,Islamic Relief Worldwide,IRW,INGO
2026-05,White Nile,Kosti,Protection,Norwegian Refugee Council,NRC,INGO
2026-05,North Darfur,Kebkabiya,Protection,United Nations High Commissioner for Refugees,UNHCR,UN Agency
2026-05,North Darfur,Kelemando,Protection,United Nations High Commissioner for Refugees,UNHCR,UN Agency
2026-05,Central Darfur,Wasat Jabal Marrah,Protection,Trust for Rehabilitation and Development Organization,TDO,NNGO
2026-05,Khartoum,Um Bada,Protection,Almanar Voluntary Organization,AMVO,NNGO
2026-05,Northern,Al Golid,Protection,Sudan Agwa Organization,AGWA,NNGO
2026-05,West Darfur,Sirba,Food Security and Livelihoods,Asyaj Charity Organization,Asyaj,NNGO
2026-05,South Darfur,Nyala Shimal,Health,EMERGENCY NGO,EMERGENCY NGO,INGO
2026-05,Khartoum,Khartoum,Protection,Friends of Peace & Development Organization,FPDO,NNGO
2026-05,North Darfur,Al Lait,Protection,Auttash Organization for Peace and Development,AUTASH,NNGO
2026-05,Blue Nile,Ar Rusayris,Health,Save the Children International,SCI,INGO
2026-05,Aj Jazirah,Al Manaqil,Food Security and Livelihoods,Save the Children International,SCI,INGO
2026-05,West Darfur,Kereneik,Food Security and Livelihoods,Asyaj Charity Organization,Asyaj,NNGO
2026-05,Khartoum,Jebel Awlia,Protection,Premiere Urgence Internationale,PUI,INGO
2026-05,West Darfur,Foro Baranga,Protection,United Nations High Commissioner for Refugees,UNHCR,UN Agency
2026-05,West Kordofan,As Sunut,Protection,United Nations High Commissioner for Refugees,UNHCR,UN Agency
2026-05,North Darfur,Kutum,Protection,National Association for Child Protection,NACP,NNGO
2026-05,North Darfur,Melit,Protection,Relief International,RI,INGO
2026-05,White Nile,Rabak,Protection,United Nations Children's Fund,UNICEF,UN Agency
2026-05,North Darfur,Tawila,Protection,Plan International,PI,INGO
2026-05,East Darfur,Ad Du'ayn,Protection,Alswaid Alkhdara Organization,AAO,NNGO
2026-05,South Kordofan,Dilling,Protection,United Nations High Commissioner for Refugees,UNHCR,UN Agency
2026-05,Khartoum,Sharg An Neel,Protection,JASMAR Human Security Organization,JHSO,NNGO
2026-05,Central Darfur,Um Dukhun,Food Security and Livelihoods,Catholic Relief Services,CRS,INGO
2026-05,Central Darfur,Bendasi,Food Security and Livelihoods,Catholic Relief Services,CRS,INGO
2026-05,Central Darfur,Wadi Salih,Health,World Relief,WR,INGO
2026-05,Aj Jazirah,Al Hasahisa,Shelter and NFIs,Islamic Relief Worldwide,IRW,INGO
2026-05,South Kordofan,Abassiya,Protection,Plan International,PI,INGO
2026-05,West Kordofan,Al Idia,Multi-Purpose Cash,Agency for Technical Cooperation and Development,ACTED,INGO
2026-05,Central Darfur,Gharb Jabal Marrah,Education,Jabal Marra Charity Organization for Rural Development,JMCO,NNGO
2026-05,South Kordofan,Ghadeer,Food Security and Livelihoods,World Vision International,WVI,INGO
2026-05,South Kordofan,Abu Kershola,Food Security and Livelihoods,World Vision International,WVI,INGO
2026-05,West Kordofan,Ghubaish,Multi-Purpose Cash,Agency for Technical Cooperation and Development,ACTED,INGO
2026-05,Gedaref,Madeinat Al Gedaref,Logistics,World Food Programme,WFP,UN Agency
2026-05,Khartoum,Um Durman,Multi-Purpose Cash,CAFA Development Organization,CAFA,NNGO
2026-05,West Kordofan,Keilak,Multi-Purpose Cash,Agency for Technical Cooperation and Development,ACTED,INGO
2026-05,West Kordofan,As Sunut,Multi-Purpose Cash,Agency for Technical Cooperation and Development,ACTED,INGO
2026-05,West Kordofan,As Salam - WK,Multi-Purpose Cash,Agency for Technical Cooperation and Development,ACTED,INGO
2026-05,West Kordofan,Wad Bandah,Multi-Purpose Cash,Agency for Technical Cooperation and Development,ACTED,INGO
2026-05,West Kordofan,Al Lagowa,Multi-Purpose Cash,Agency for Technical Cooperation and Development,ACTED,INGO
2026-05,South Kordofan,Kadugli,Multi-Purpose Cash,Agency for Technical Cooperation and Development,ACTED,INGO
2026-05,Red Sea,Agig,Food Security and Livelihoods,Sudanese Red Crescent Society,SRCS,Red Cross
2026-05,South Kordofan,Dilling,Multi-Purpose Cash,Agency for Technical Cooperation and Development,ACTED,INGO
2026-05,West Kordofan,An Nuhud,Multi-Purpose Cash,Agency for Technical Cooperation and Development,ACTED,INGO
2026-05,North Darfur,Tawila,Shelter and NFIs,Sahari Organization For Development,SAHARI,NNGO
2026-05,North Kordofan,Sheikan,Shelter and NFIs,Human Appeal - UK,HA UK,INGO
2026-05,Red Sea,Port Sudan,Multi-Purpose Cash,Save the Children International,SCI,INGO
2026-05,Central Darfur,Wasat Jabal Marrah,Shelter and NFIs,Triangle Génération Humanitaire,TGH,INGO
2026-05,North Darfur,At Tawisha,Shelter and NFIs,Sudanese Organisation for Relief and Recovery,SORR,NNGO
2026-05,North Darfur,Kelemando,Multi-Purpose Cash,Agency for Technical Cooperation and Development,ACTED,INGO
2026-05,Khartoum,Um Durman,Multi-Purpose Cash,CARE International in Sudan,CARE,INGO
2026-05,North Darfur,Tawila,Food Security and Livelihoods,Plan International,PI,INGO
2026-05,Khartoum,Jebel Awlia,Multi-Purpose Cash,CARE International in Sudan,CARE,INGO
2026-05,South Kordofan,Abu Jubayhah,Education,World Vision International,WVI,INGO
2026-05,South Darfur,As Sunta,Multi-Purpose Cash,International Rescue Committee,IRC,INGO
2026-05,Kassala,Reifi Kassla,Education,Al-Sadagat organization,Al-SO,NNGO
2026-05,West Darfur,Kulbus,Health,Child Development Foundation,CDF,NNGO
2026-05,Gedaref,Ar Rahad-GD,Education,Al-Sadagat organization,Al-SO,NNGO
2026-05,South Kordofan,Al Leri,Multi-Purpose Cash,Agency for Technical Cooperation and Development,ACTED,INGO
2026-05,Khartoum,Bahri,Multi-Purpose Cash,CARE International in Sudan,CARE,INGO
2026-05,Kassala,Reifi Nahr Atbara,Education,Ayadina For Sudan Development Organization,Ayadina,NNGO
2026-05,North Darfur,Melit,Multi-Purpose Cash,International Rescue Committee,IRC,INGO
2026-05,Khartoum,Um Bada,Education,Sawa Sudan for Development and Humanitarian Aid,SSDHA,NNGO
2026-05,North Darfur,Kutum,Multi-Purpose Cash,International Rescue Committee,IRC,INGO
2026-05,North Darfur,Al Malha,Multi-Purpose Cash,International Rescue Committee,IRC,INGO
2026-05,White Nile,Kosti,Logistics,World Food Programme,WFP,UN Agency
2026-05,North Darfur,Kebkabiya,Multi-Purpose Cash,International Rescue Committee,IRC,INGO
2026-05,South Kordofan,Abu Jubayhah,Food Security and Livelihoods,Save the Children International,SCI,INGO
2026-05,Northern,Dongola,Logistics,World Food Programme,WFP,UN Agency
2026-05,South Kordofan,Dilling,Logistics,World Food Programme,WFP,UN Agency
2026-05,Gedaref,Galabat Ash-Shargiah,Logistics,World Food Programme,WFP,UN Agency
2026-05,Khartoum,Um Bada,Multi-Purpose Cash,Agency for Technical Cooperation and Development,ACTED,INGO
2026-05,Khartoum,Khartoum,Multi-Purpose Cash,Agency for Technical Cooperation and Development,ACTED,INGO
2026-05,Central Darfur,Wasat Jabal Marrah,Logistics,World Food Programme,WFP,UN Agency
2026-05,West Darfur,Ag Geneina,Logistics,World Food Programme,WFP,UN Agency
2026-05,Central Darfur,Um Dukhun,Logistics,World Food Programme,WFP,UN Agency
2026-05,Gedaref,Madeinat Al Gedaref,Emergency Telecommunications,World Food Programme,WFP,UN Agency
2026-05,Kassala,Reifi Khashm Elgirba,Food Security and Livelihoods,MERCY CORPS,MC,INGO
2026-05,Blue Nile,Ed Damazine,Logistics,World Food Programme,WFP,UN Agency
2026-05,West Darfur,Ag Geneina,Multi-Purpose Cash,Norwegian Refugee Council,NRC,INGO
2026-05,Central Darfur,Azum,Multi-Purpose Cash,Norwegian Refugee Council,NRC,INGO
2026-05,Red Sea,Sinkat,Health,AAR JAPAN,AAR JAPAN,INGO
2026-05,West Kordofan,As Sunut,Multi-Purpose Cash,Concern WorldWide,CWW,INGO
2026-05,River Nile,Atbara,Emergency Telecommunications,World Food Programme,WFP,UN Agency
2026-05,Khartoum,Bahri,Multi-Purpose Cash,Agency for Technical Cooperation and Development,ACTED,INGO
2026-05,Khartoum,Khartoum,Emergency Telecommunications,World Food Programme,WFP,UN Agency
2026-05,Northern,Merwoe,Health,MedGlobal,MedGlobal,INGO
2026-05,West Kordofan,Ghubaish,Multi-Purpose Cash,Concern WorldWide,CWW,INGO
2026-05,South Kordofan,Dilling,Multi-Purpose Cash,CARE International in Sudan,CARE,INGO
2026-05,South Kordofan,Ar Rashad,Multi-Purpose Cash,CARE International in Sudan,CARE,INGO
2026-05,South Kordofan,Ar Rashad,Health,Child Development Foundation,CDF,NNGO
2026-05,South Kordofan,Kadugli,Health,Child Development Foundation,CDF,NNGO
2026-05,South Darfur,Buram,Refugee Consultative Forum,World Food Programme,WFP,UN Agency
2026-05,North Darfur,Tawila,Food Security and Livelihoods,World Relief,WR,INGO
2026-05,West Kordofan,As Salam - WK,Health,Concern WorldWide,CWW,INGO
2026-05,Central Darfur,Azum,Health,Hope and Friendship for Development Organization,HFDO,NNGO
2026-05,North Darfur,Kebkabiya,Health,Tabasheer for Aid and Development Organization,TADO,NNGO
2026-05,Central Darfur,Azum,Protection,United Nations High Commissioner for Refugees,UNHCR,UN Agency
2026-05,Aj Jazirah,Sharg Al Jazirah,Protection,Agency for Technical Cooperation and Development,ACTED,INGO
2026-05,Central Darfur,Wasat Jabal Marrah,Protection,United Nations High Commissioner for Refugees,UNHCR,UN Agency
2026-05,Blue Nile,Ed Damazine,Protection,Action against hunger - Spain,ACF -Spain,INGO
2026-05,Central Darfur,Zalingi,Protection,United Nations High Commissioner for Refugees,UNHCR,UN Agency
2026-05,Northern,Dongola,Protection,Sudan Agwa Organization,AGWA,NNGO
2026-05,South Darfur,Kas,Protection,Child Development Foundation,CDF,NNGO
2026-05,Aj Jazirah,Janub Al Jazirah,Protection,CAFA Development Organization,CAFA,NNGO
2026-05,Central Darfur,Wadi Salih,Protection,United Nations High Commissioner for Refugees,UNHCR,UN Agency
2026-05,Aj Jazirah,Um Algura,Protection,Islamic Relief Worldwide,IRW,INGO
2026-05,Aj Jazirah,Medani Al Kubra,Protection,Islamic Relief Worldwide,IRW,INGO
2026-05,Gedaref,Al Galabat Al Gharbyah - Kassab,Protection,Hope and Friendship for Development Organization,HFDO,NNGO
2026-05,Aj Jazirah,Sharg Al Jazirah,Protection,JASMAR Human Security Organization,JHSO,NNGO
2026-05,South Darfur,Beliel,Protection,Child Development Foundation,CDF,NNGO
2026-05,North Kordofan,Ar Rahad-NK,Protection,United Nations High Commissioner for Refugees,UNHCR,UN Agency
2026-05,Central Darfur,Gharb Jabal Marrah,Protection,United Nations High Commissioner for Refugees,UNHCR,UN Agency
2026-05,White Nile,Al Gitaina,Health,International Rescue Committee,IRC,INGO
2026-05,North Kordofan,Um Rawaba,Health,Patient Helping Fund,PHF,NNGO
2026-05,North Kordofan,Sheikan,Health,Patient Helping Fund,PHF,NNGO
2026-05,North Kordofan,Gebrat Al Sheikh,Health,Patient Helping Fund,PHF,NNGO
2026-05,North Darfur,Tawila,Protection,Relief International,RI,INGO
2026-05,East Darfur,Abu Jabrah,Refugee Consultative Forum,World Food Programme,WFP,UN Agency
2026-05,Central Darfur,Gharb Jabal Marrah,Site Management,Danish Refugee Council,DRC,INGO
2026-05,East Darfur,Abu Karinka,Refugee Consultative Forum,World Food Programme,WFP,UN Agency
2026-05,East Darfur,Al Firdous,Refugee Consultative Forum,World Food Programme,WFP,UN Agency
2026-05,East Darfur,Assalaya,Refugee Consultative Forum,World Food Programme,WFP,UN Agency
2026-05,East Darfur,Bahr Al Arab,Refugee Consultative Forum,World Food Programme,WFP,UN Agency
2026-05,Gedaref,Al Mafaza,Refugee Consultative Forum,World Food Programme,WFP,UN Agency
2026-05,Gedaref,Galabat Ash-Shargiah,Refugee Consultative Forum,World Food Programme,WFP,UN Agency
2026-05,Gedaref,Basundah,Refugee Consultative Forum,World Food Programme,WFP,UN Agency
2026-05,Kassala,Madeinat Kassala,Refugee Consultative Forum,World Food Programme,WFP,UN Agency
2026-05,Central Darfur,Shamal Jabal Marrah,Protection,United Nations High Commissioner for Refugees,UNHCR,UN Agency
2026-05,East Darfur,Yassin,Refugee Consultative Forum,World Food Programme,WFP,UN Agency
2026-05,Central Darfur,Gharb Jabal Marrah,Food Security and Livelihoods,Veterinaires Sans Frontières Germany,VSF-G,INGO
2026-05,North Darfur,Al Lait,Refugee Consultative Forum,United Nations Children's Fund,UNICEF,UN Agency
2026-05,North Darfur,Al Malha,Refugee Consultative Forum,World Food Programme,WFP,UN Agency
2026-05,Central Darfur,Um Dukhun,Food Security and Livelihoods,Veterinaires Sans Frontières Germany,VSF-G,INGO
2026-05,Red Sea,Port Sudan,Refugee Consultative Forum,World Food Programme,WFP,UN Agency
2026-05,North Kordofan,Ar Rahad-NK,Refugee Consultative Forum,World Food Programme,WFP,UN Agency
2026-05,Red Sea,Tawkar,Refugee Consultative Forum,World Food Programme,WFP,UN Agency
2026-05,South Kordofan,Al Leri,Refugee Consultative Forum,World Food Programme,WFP,UN Agency
2026-05,South Kordofan,Ar Rashad,Refugee Consultative Forum,World Food Programme,WFP,UN Agency
2026-05,South Kordofan,Abassiya,Refugee Consultative Forum,World Food Programme,WFP,UN Agency
2026-05,West Darfur,Ag Geneina,Refugee Consultative Forum,World Food Programme,WFP,UN Agency
2026-05,South Kordofan,Dilling,Refugee Consultative Forum,World Food Programme,WFP,UN Agency
2026-05,South Kordofan,At Tadamon - SK,Refugee Consultative Forum,World Food Programme,WFP,UN Agency
2026-05,Aj Jazirah,Sharg Al Jazirah,WASH,CAFA Development Organization,CAFA,NNGO
2026-05,Sennar,Sharg Sennar,Food Security and Livelihoods,Sudanese Red Crescent Society,SRCS,Red Cross
2026-05,West Kordofan,Al Lagowa,Refugee Consultative Forum,World Food Programme,WFP,UN Agency
2026-05,South Darfur,Beliel,Refugee Consultative Forum,World Food Programme,WFP,UN Agency
2026-05,Red Sea,Port Sudan,Education,IAS/LM International,IAS/LMI,INGO
2026-05,River Nile,Atbara,Food Security and Livelihoods,MERCY CORPS,MC,INGO
2026-05,Kassala,Reifi Nahr Atbara,Refugee Consultative Forum,World Food Programme,WFP,UN Agency
2026-05,White Nile,Kosti,Refugee Consultative Forum,World Food Programme,WFP,UN Agency
2026-05,Central Darfur,Mukjar,Food Security and Livelihoods,Catholic Relief Services,CRS,INGO
2026-05,North Kordofan,Sheikan,Education,Hope and Friendship for Development Organization,HFDO,NNGO
2026-05,South Kordofan,Habila - SK,Health,Save the Children International,SCI,INGO
2026-05,Gedaref,Wasat Al Gedaref,WASH,Solidarites International,SI,INGO
2026-05,River Nile,Al Matama,Health,Building Resilience Development Organization,BRDO,NNGO
2026-05,Central Darfur,Um Dukhun,Food Security and Livelihoods,Danish Refugee Council,DRC,INGO
2026-04,West Darfur,Ag Geneina,Health,Sudanese Red Crescent Society,SRCS,Red Cross
2026-04,Central Darfur,Zalingi,Health,Sudanese Red Crescent Society,SRCS,Red Cross
2026-04,Central Darfur,Wadi Salih,Health,Sudanese Red Crescent Society,SRCS,Red Cross
2026-04,South Kordofan,Al Leri,Health,Almanar Voluntary Organization,AMVO,NNGO
2026-04,Aj Jazirah,Um Algura,Health,Sudanese Red Crescent Society,SRCS,Red Cross
2026-04,Central Darfur,Bendasi,Health,Sudanese Red Crescent Society,SRCS,Red Cross
2026-04,Gedaref,Al Galabat Al Gharbyah - Kassab,Health,Sudanese Red Crescent Society,SRCS,Red Cross
2026-04,Aj Jazirah,Medani Al Kubra,Health,Sudanese Red Crescent Society,SRCS,Red Cross
2026-04,Khartoum,Jebel Awlia,Health,Sudanese Red Crescent Society,SRCS,Red Cross
2026-04,Khartoum,Um Durman,Health,Sudanese Red Crescent Society,SRCS,Red Cross
2026-04,White Nile,Kosti,Health,Sudanese Red Crescent Society,SRCS,Red Cross
2026-04,Blue Nile,Wad Al Mahi,Health,Sudanese Red Crescent Society,SRCS,Red Cross
2026-04,Khartoum,Bahri,Multi-Purpose Cash,NADA Elazhar for Disaster Privention and Sustainable Development,NADA,NNGO
2026-04,South Darfur,Beliel,Health,Sudanese Red Crescent Society,SRCS,Red Cross
2026-04,Central Darfur,Gharb Jabal Marrah,Multi-Purpose Cash,African Friendship Organization,AFO,INGO
2026-04,Aj Jazirah,Medani Al Kubra,Multi-Purpose Cash,Relief International,RI,INGO
2026-04,Red Sea,Haya,Multi-Purpose Cash,Betay Development Organization,BDO,NNGO
2026-04,South Darfur,Sharg Aj Jabal,Multi-Purpose Cash,Norwegian Refugee Council,NRC,INGO
2026-04,North Darfur,Tawila,Multi-Purpose Cash,Relief International,RI,INGO
2026-04,North Darfur,Tawila,Multi-Purpose Cash,Norwegian Refugee Council,NRC,INGO
2026-04,Northern,Ad Dabbah,Multi-Purpose Cash,Relief International,RI,INGO
2026-04,Red Sea,Port Sudan,Multi-Purpose Cash,International Committee for the Development of Peoples,CISP,INGO
2026-04,South Kordofan,Kadugli,Multi-Purpose Cash,Save the Children International,SCI,INGO
2026-04,White Nile,Kosti,Multi-Purpose Cash,SOS Sahel Sudan Organization,SOS Sahel,NNGO
2026-04,North Darfur,Tawila,Multi-Purpose Cash,Goal Global,GOAL,INGO
2026-04,North Darfur,Tawila,Multi-Purpose Cash,Plan International,PI,INGO
2026-04,South Kordofan,Dilling,Multi-Purpose Cash,Plan International,PI,INGO
2026-04,Khartoum,Um Bada,Multi-Purpose Cash,Sudan Zero Waste Organization,SZWO,NNGO
2026-04,White Nile,Um Rimta,Multi-Purpose Cash,Plan International,PI,INGO
2026-04,White Nile,Kosti,Multi-Purpose Cash,Adventist Development and Relief Agency,ADRA,INGO
2026-04,Khartoum,Khartoum,Multi-Purpose Cash,Agency for Technical Cooperation and Development,ACTED,INGO
2026-04,White Nile,Aj Jabalain,Multi-Purpose Cash,Plan International,PI,INGO
2026-04,Khartoum,Sharg An Neel,Multi-Purpose Cash,Agency for Technical Cooperation and Development,ACTED,INGO
2026-04,Khartoum,Um Bada,Multi-Purpose Cash,CARE International in Sudan,CARE,INGO
2026-04,North Darfur,Tawila,Multi-Purpose Cash,International Rescue Committee,IRC,INGO
2026-04,Sennar,Sinja,Multi-Purpose Cash,Sudan Hope and Development,HOPE,NNGO
2026-04,Central Darfur,Wasat Jabal Marrah,Multi-Purpose Cash,MERCY CORPS,MC,INGO
2026-04,Central Darfur,Zalingi,Multi-Purpose Cash,MERCY CORPS,MC,INGO
2026-04,Khartoum,Um Durman,Multi-Purpose Cash,Agency for Technical Cooperation and Development,ACTED,INGO
2026-04,North Kordofan,Sheikan,Multi-Purpose Cash,MERCY CORPS,MC,INGO
2026-04,Khartoum,Um Durman,Multi-Purpose Cash,Save the Children International,SCI,INGO
2026-04,South Darfur,Nyala Janoub,Multi-Purpose Cash,Norwegian Refugee Council,NRC,INGO
2026-04,South Kordofan,Um Durein,Multi-Purpose Cash,Norwegian Refugee Council,NRC,INGO
2026-04,South Kordofan,Kadugli,Multi-Purpose Cash,Norwegian Refugee Council,NRC,INGO
2026-04,South Kordofan,Heiban,Multi-Purpose Cash,Norwegian Refugee Council,NRC,INGO
2026-04,North Kordofan,Ar Rahad-NK,Multi-Purpose Cash,MERCY CORPS,MC,INGO
2026-04,South Darfur,Kas,Multi-Purpose Cash,Norwegian Refugee Council,NRC,INGO
2026-04,Blue Nile,Ar Rusayris,Multi-Purpose Cash,Agency for Technical Cooperation and Development,ACTED,INGO
2026-04,South Kordofan,Al Quoz,Multi-Purpose Cash,MERCY CORPS,MC,INGO
2026-04,South Kordofan,Dilling,Multi-Purpose Cash,MERCY CORPS,MC,INGO
2026-04,South Darfur,Mershing,Multi-Purpose Cash,Agency for Technical Cooperation and Development,ACTED,INGO
2026-04,East Darfur,Ad Du'ayn,Multi-Purpose Cash,Agency for Technical Cooperation and Development,ACTED,INGO
2026-04,East Darfur,Bahr Al Arab,Multi-Purpose Cash,Agency for Technical Cooperation and Development,ACTED,INGO
2026-04,Gedaref,Gala'a Al Nahal,Multi-Purpose Cash,Save the Children International,SCI,INGO
2026-04,Blue Nile,Ed Damazine,Multi-Purpose Cash,Agency for Technical Cooperation and Development,ACTED,INGO
2026-04,North Kordofan,Um Rawaba,Multi-Purpose Cash,MERCY CORPS,MC,INGO
2026-04,Aj Jazirah,Sharg Al Jazirah,Multi-Purpose Cash,Agency for Technical Cooperation and Development,ACTED,INGO
2026-04,Khartoum,Karrari,Multi-Purpose Cash,Agency for Technical Cooperation and Development,ACTED,INGO
2026-04,Khartoum,Jebel Awlia,Multi-Purpose Cash,Agency for Technical Cooperation and Development,ACTED,INGO
2026-04,North Darfur,Al Fasher,Multi-Purpose Cash,Agency for Technical Cooperation and Development,ACTED,INGO
2026-04,North Darfur,Al Malha,Multi-Purpose Cash,Agency for Technical Cooperation and Development,ACTED,INGO
2026-04,Aj Jazirah,Al Kamlin,Multi-Purpose Cash,Agency for Technical Cooperation and Development,ACTED,INGO
2026-04,North Darfur,Al Lait,Multi-Purpose Cash,Agency for Technical Cooperation and Development,ACTED,INGO
2026-04,North Darfur,Kutum,Multi-Purpose Cash,Agency for Technical Cooperation and Development,ACTED,INGO
2026-04,North Darfur,Tawila,Multi-Purpose Cash,Agency for Technical Cooperation and Development,ACTED,INGO
2026-04,North Darfur,Saraf Omra,Multi-Purpose Cash,Agency for Technical Cooperation and Development,ACTED,INGO
2026-04,North Kordofan,Ar Rahad-NK,Multi-Purpose Cash,Agency for Technical Cooperation and Development,ACTED,INGO
2026-04,North Darfur,Um Kadadah,Multi-Purpose Cash,Agency for Technical Cooperation and Development,ACTED,INGO
2026-04,North Darfur,Al Waha,Multi-Purpose Cash,Agency for Technical Cooperation and Development,ACTED,INGO
2026-04,North Kordofan,Gebrat Al Sheikh,Multi-Purpose Cash,Agency for Technical Cooperation and Development,ACTED,INGO
2026-04,Aj Jazirah,Al Hasahisa,Multi-Purpose Cash,Agency for Technical Cooperation and Development,ACTED,INGO
2026-04,North Kordofan,Um Dam Haj Ahmed,Multi-Purpose Cash,Agency for Technical Cooperation and Development,ACTED,INGO
2026-04,South Darfur,Beliel,Multi-Purpose Cash,Agency for Technical Cooperation and Development,ACTED,INGO
2026-04,South Darfur,As Sunta,Multi-Purpose Cash,Agency for Technical Cooperation and Development,ACTED,INGO
2026-04,South Darfur,As Salam - SD,Multi-Purpose Cash,Agency for Technical Cooperation and Development,ACTED,INGO
2026-04,South Darfur,Nyala Shimal,Multi-Purpose Cash,Agency for Technical Cooperation and Development,ACTED,INGO
2026-04,South Darfur,Kas,Multi-Purpose Cash,Agency for Technical Cooperation and Development,ACTED,INGO
2026-04,South Kordofan,Abu Kershola,Multi-Purpose Cash,Agency for Technical Cooperation and Development,ACTED,INGO
2026-04,South Kordofan,Abu Jubayhah,Multi-Purpose Cash,Agency for Technical Cooperation and Development,ACTED,INGO
2026-04,South Kordofan,Dilling,Multi-Purpose Cash,Agency for Technical Cooperation and Development,ACTED,INGO
2026-04,South Kordofan,Talawdi,Multi-Purpose Cash,Agency for Technical Cooperation and Development,ACTED,INGO
2026-04,West Kordofan,Al Dibab,Multi-Purpose Cash,Agency for Technical Cooperation and Development,ACTED,INGO
2026-04,Khartoum,Karrari,Health,Almanar Voluntary Organization,AMVO,NNGO
2026-04,East Darfur,Yassin,Multi-Purpose Cash,Agency for Technical Cooperation and Development,ACTED,INGO
2026-04,South Kordofan,Al Leri,Multi-Purpose Cash,Agency for Technical Cooperation and Development,ACTED,INGO
2026-04,North Kordofan,Gharb Bara,Multi-Purpose Cash,Agency for Technical Cooperation and Development,ACTED,INGO
2026-04,West Kordofan,Babanusa,Multi-Purpose Cash,Agency for Technical Cooperation and Development,ACTED,INGO
2026-04,Aj Jazirah,Medani Al Kubra,Multi-Purpose Cash,CARE International in Sudan,CARE,INGO
2026-04,West Kordofan,Wad Bandah,Multi-Purpose Cash,Agency for Technical Cooperation and Development,ACTED,INGO
2026-04,West Kordofan,Keilak,Multi-Purpose Cash,Agency for Technical Cooperation and Development,ACTED,INGO
2026-04,North Darfur,Al Fasher,Multi-Purpose Cash,International Rescue Committee,IRC,INGO
2026-04,North Darfur,Al Lait,Multi-Purpose Cash,International Rescue Committee,IRC,INGO
2026-04,North Darfur,Um Kadadah,Multi-Purpose Cash,International Rescue Committee,IRC,INGO
2026-04,West Kordofan,Al Khiwai,Multi-Purpose Cash,Agency for Technical Cooperation and Development,ACTED,INGO
2026-04,North Darfur,Um Baru,Multi-Purpose Cash,International Rescue Committee,IRC,INGO
2026-04,South Darfur,Ed Al Fursan,Multi-Purpose Cash,Norwegian Refugee Council,NRC,INGO
2026-04,South Darfur,Al Wihda,Multi-Purpose Cash,International Rescue Committee,IRC,INGO
2026-04,South Darfur,Rehaid Albirdi,Multi-Purpose Cash,Norwegian Refugee Council,NRC,INGO
2026-04,West Kordofan,Al Meiram,Multi-Purpose Cash,Agency for Technical Cooperation and Development,ACTED,INGO
2026-04,Aj Jazirah,Janub Al Jazirah,Multi-Purpose Cash,Sudanese Development Organization,SDO,NNGO
2026-04,West Kordofan,Al Lagowa,Multi-Purpose Cash,Agency for Technical Cooperation and Development,ACTED,INGO
2026-04,South Darfur,Tulus,Multi-Purpose Cash,Norwegian Refugee Council,NRC,INGO
2026-04,River Nile,Ad Damar,Multi-Purpose Cash,NADA Elazhar for Disaster Privention and Sustainable Development,NADA,NNGO
2026-04,Aj Jazirah,Sharg Al Jazirah,Multi-Purpose Cash,Sudanese Development Organization,SDO,NNGO
2026-04,South Darfur,Nyala Shimal,Multi-Purpose Cash,Norwegian Refugee Council,NRC,INGO
2026-04,South Darfur,Kubum,Multi-Purpose Cash,Norwegian Refugee Council,NRC,INGO
2026-04,South Darfur,As Sunta,Multi-Purpose Cash,Norwegian Refugee Council,NRC,INGO
2026-04,South Darfur,Mershing,Multi-Purpose Cash,International Rescue Committee,IRC,INGO
2026-04,North Darfur,Dar As Salam,Multi-Purpose Cash,International Rescue Committee,IRC,INGO
2026-04,North Darfur,Al Koma,Multi-Purpose Cash,International Rescue Committee,IRC,INGO
2026-04,West Kordofan,Ghubaish,Multi-Purpose Cash,Agency for Technical Cooperation and Development,ACTED,INGO
2026-04,West Kordofan,As Sunut,Multi-Purpose Cash,Agency for Technical Cooperation and Development,ACTED,INGO
2026-04,West Kordofan,An Nuhud,Multi-Purpose Cash,Agency for Technical Cooperation and Development,ACTED,INGO
2026-04,West Kordofan,As Salam - WK,Multi-Purpose Cash,Agency for Technical Cooperation and Development,ACTED,INGO
2026-04,West Kordofan,Abu Zabad,Multi-Purpose Cash,Agency for Technical Cooperation and Development,ACTED,INGO
2026-04,South Kordofan,Habila - SK,Multi-Purpose Cash,Agency for Technical Cooperation and Development,ACTED,INGO
2026-04,South Kordofan,Ghadeer,Multi-Purpose Cash,Agency for Technical Cooperation and Development,ACTED,INGO
2026-04,South Kordofan,Delami,Multi-Purpose Cash,Agency for Technical Cooperation and Development,ACTED,INGO
2026-04,South Kordofan,At Tadamon - SK,Multi-Purpose Cash,Agency for Technical Cooperation and Development,ACTED,INGO
2026-04,South Kordofan,Ar Rashad,Multi-Purpose Cash,Agency for Technical Cooperation and Development,ACTED,INGO
2026-04,South Kordofan,Abassiya,Multi-Purpose Cash,Agency for Technical Cooperation and Development,ACTED,INGO
2026-04,South Darfur,Ed Al Fursan,Multi-Purpose Cash,Agency for Technical Cooperation and Development,ACTED,INGO
2026-04,North Kordofan,Um Rawaba,Multi-Purpose Cash,Agency for Technical Cooperation and Development,ACTED,INGO
2026-04,North Kordofan,Soudari,Multi-Purpose Cash,Agency for Technical Cooperation and Development,ACTED,INGO
2026-04,North Kordofan,Sheikan,Multi-Purpose Cash,Agency for Technical Cooperation and Development,ACTED,INGO
2026-04,North Kordofan,Bara,Multi-Purpose Cash,Agency for Technical Cooperation and Development,ACTED,INGO
2026-04,North Darfur,Um Baru,Multi-Purpose Cash,Agency for Technical Cooperation and Development,ACTED,INGO
2026-04,North Darfur,Melit,Multi-Purpose Cash,Agency for Technical Cooperation and Development,ACTED,INGO
2026-04,North Darfur,Dar As Salam,Multi-Purpose Cash,Agency for Technical Cooperation and Development,ACTED,INGO
2026-04,North Darfur,At Tina,Multi-Purpose Cash,Agency for Technical Cooperation and Development,ACTED,INGO
2026-04,North Darfur,At Tawisha,Multi-Purpose Cash,Agency for Technical Cooperation and Development,ACTED,INGO
2026-04,North Darfur,Al Koma,Multi-Purpose Cash,Agency for Technical Cooperation and Development,ACTED,INGO
2026-04,Khartoum,Um Bada,Multi-Purpose Cash,Agency for Technical Cooperation and Development,ACTED,INGO
2026-04,Aj Jazirah,Um Algura,Multi-Purpose Cash,Agency for Technical Cooperation and Development,ACTED,INGO
2026-04,Aj Jazirah,Medani Al Kubra,Multi-Purpose Cash,Agency for Technical Cooperation and Development,ACTED,INGO
2026-04,Aj Jazirah,Janub Al Jazirah,Multi-Purpose Cash,Agency for Technical Cooperation and Development,ACTED,INGO
2026-04,Aj Jazirah,Al Manaqil,Multi-Purpose Cash,Agency for Technical Cooperation and Development,ACTED,INGO
2026-04,East Darfur,Shia'ria,Multi-Purpose Cash,Agency for Technical Cooperation and Development,ACTED,INGO
2026-04,East Darfur,Al Firdous,Multi-Purpose Cash,Agency for Technical Cooperation and Development,ACTED,INGO
2026-04,East Darfur,Adila,Multi-Purpose Cash,Agency for Technical Cooperation and Development,ACTED,INGO
2026-04,East Darfur,Abu Jabrah,Multi-Purpose Cash,Agency for Technical Cooperation and Development,ACTED,INGO
2026-04,East Darfur,Assalaya,Multi-Purpose Cash,Agency for Technical Cooperation and Development,ACTED,INGO
2026-04,Blue Nile,Wad Al Mahi,Multi-Purpose Cash,Agency for Technical Cooperation and Development,ACTED,INGO
2026-04,Central Darfur,Zalingi,Multi-Purpose Cash,Norwegian Refugee Council,NRC,INGO
2026-04,South Darfur,Beliel,Multi-Purpose Cash,Norwegian Refugee Council,NRC,INGO
2026-04,South Kordofan,Kadugli,Multi-Purpose Cash,MERCY CORPS,MC,INGO
2026-04,Khartoum,Um Durman,Multi-Purpose Cash,CARE International in Sudan,CARE,INGO
2026-04,Khartoum,Karrari,Multi-Purpose Cash,CARE International in Sudan,CARE,INGO
2026-04,Khartoum,Bahri,Multi-Purpose Cash,CARE International in Sudan,CARE,INGO
2026-04,Aj Jazirah,Al Manaqil,Multi-Purpose Cash,Save the Children International,SCI,INGO
2026-04,Aj Jazirah,Al Manaqil,Multi-Purpose Cash,Adventist Development and Relief Agency,ADRA,INGO
2026-04,North Darfur,Dar As Salam,Multi-Purpose Cash,Plan International,PI,INGO
2026-04,North Darfur,Al Fasher,Multi-Purpose Cash,Norwegian Refugee Council,NRC,INGO
2026-04,Aj Jazirah,Janub Al Jazirah,Multi-Purpose Cash,Sudan Social Development Organization,SSDO,NNGO
2026-04,North Kordofan,Sheikan,Multi-Purpose Cash,Save the Children International,SCI,INGO
2026-04,Red Sea,Port Sudan,Multi-Purpose Cash,Save the Children International,SCI,INGO
2026-04,White Nile,Kosti,Multi-Purpose Cash,Danish Refugee Council,DRC,INGO
2026-04,North Darfur,Melit,Multi-Purpose Cash,Relief International,RI,INGO
2026-04,Aj Jazirah,Sharg Al Jazirah,Multi-Purpose Cash,Relief International,RI,INGO
2026-04,Khartoum,Karrari,Multi-Purpose Cash,Relief International,RI,INGO
2026-04,Khartoum,Khartoum,Multi-Purpose Cash,International Organization for Migration,IOM,UN Agency
2026-04,Northern,Ad Dabbah,Multi-Purpose Cash,NADA Elazhar for Disaster Privention and Sustainable Development,NADA,NNGO
2026-04,White Nile,Aj Jabalain,Health,Sudanese Red Crescent Society,SRCS,Red Cross
2026-04,South Darfur,Nyala Janoub,Health,Sudanese Red Crescent Society,SRCS,Red Cross
2026-04,Aj Jazirah,Janub Al Jazirah,Health,Sudanese Red Crescent Society,SRCS,Red Cross
2026-04,Khartoum,Jebel Awlia,Health,Almanar Voluntary Organization,AMVO,NNGO
2026-04,North Darfur,Tawila,Health,INTERSOS,INTERSOS,INGO
2026-04,Central Darfur,Wadi Salih,Health,INTERSOS,INTERSOS,INGO
2026-04,West Darfur,Foro Baranga,Health,INTERSOS,INTERSOS,INGO
2026-04,Northern,Ad Dabbah,Health,Al-Sadagat organization,Al-SO,NNGO
2026-04,Blue Nile,Baw,Health,Sudanese Red Crescent Society,SRCS,Red Cross
2026-04,Northern,Ad Dabbah,Health,Child Development Foundation,CDF,NNGO
2026-04,South Kordofan,Dilling,Health,Child Development Foundation,CDF,NNGO
2026-04,South Kordofan,Abu Jubayhah,Health,Child Development Foundation,CDF,NNGO
2026-04,South Kordofan,Ar Rashad,Health,Child Development Foundation,CDF,NNGO
2026-04,South Kordofan,Abassiya,Health,Child Development Foundation,CDF,NNGO
2026-04,South Kordofan,Kadugli,Health,Child Development Foundation,CDF,NNGO
2026-04,South Kordofan,Abu Jubayhah,Health,CARE International in Sudan,CARE,INGO
2026-04,Gedaref,Wasat Al Gedaref,Health,CARE International in Sudan,CARE,INGO
2026-04,Gedaref,Al Mafaza,Health,CARE International in Sudan,CARE,INGO
2026-04,Kassala,Reifi Aroma,Health,CARE International in Sudan,CARE,INGO
2026-04,Kassala,Reifi Wad Elhilaiw,Health,CARE International in Sudan,CARE,INGO
2026-04,West Kordofan,Al Idia,Multi-Purpose Cash,Agency for Technical Cooperation and Development,ACTED,INGO
2026-04,West Darfur,Kereneik,Food Security and Livelihoods,World Food Programme,WFP,UN Agency
2026-04,South Kordofan,Um Durein,Food Security and Livelihoods,World Food Programme,WFP,UN Agency
2026-04,South Kordofan,Heiban,Food Security and Livelihoods,World Food Programme,WFP,UN Agency
2026-04,South Kordofan,Al Buram,Food Security and Livelihoods,World Food Programme,WFP,UN Agency
2026-04,South Kordofan,Abassiya,Food Security and Livelihoods,World Food Programme,WFP,UN Agency
2026-04,South Darfur,As Salam - SD,Food Security and Livelihoods,World Food Programme,WFP,UN Agency
2026-04,River Nile,Barbar,Food Security and Livelihoods,World Food Programme,WFP,UN Agency
2026-04,River Nile,Al Matama,Food Security and Livelihoods,World Food Programme,WFP,UN Agency
2026-04,North Kordofan,Soudari,Food Security and Livelihoods,World Food Programme,WFP,UN Agency
2026-04,North Darfur,Um Kadadah,Food Security and Livelihoods,World Food Programme,WFP,UN Agency
2026-04,North Darfur,Saraf Omra,Food Security and Livelihoods,World Food Programme,WFP,UN Agency
2026-04,North Darfur,Melit,Food Security and Livelihoods,World Food Programme,WFP,UN Agency
2026-04,North Darfur,Kutum,Food Security and Livelihoods,World Food Programme,WFP,UN Agency
2026-04,North Darfur,Al Lait,Food Security and Livelihoods,World Food Programme,WFP,UN Agency
2026-04,North Darfur,Al Fasher,Food Security and Livelihoods,World Food Programme,WFP,UN Agency
2026-04,Khartoum,Um Durman,Food Security and Livelihoods,World Food Programme,WFP,UN Agency
2026-04,Khartoum,Khartoum,Food Security and Livelihoods,World Food Programme,WFP,UN Agency
2026-04,Kassala,Reifi Shamal Ad Delta,Food Security and Livelihoods,World Food Programme,WFP,UN Agency
2026-04,Kassala,Reifi Aroma,Food Security and Livelihoods,World Food Programme,WFP,UN Agency
2026-04,Kassala,Halfa Aj Jadeedah,Food Security and Livelihoods,World Food Programme,WFP,UN Agency
2026-04,Central Darfur,Um Dukhun,Food Security and Livelihoods,World Food Programme,WFP,UN Agency
2026-04,Central Darfur,Shamal Jabal Marrah,Food Security and Livelihoods,World Food Programme,WFP,UN Agency
2026-04,Central Darfur,Gharb Jabal Marrah,Food Security and Livelihoods,World Food Programme,WFP,UN Agency
2026-04,Blue Nile,Ar Rusayris,Food Security and Livelihoods,World Food Programme,WFP,UN Agency
2026-04,North Kordofan,Sheikan,Food Security and Livelihoods,World Food Programme,WFP,UN Agency
2026-04,West Kordofan,As Sunut,Food Security and Livelihoods,World Food Programme,WFP,UN Agency
2026-04,South Kordofan,Kadugli,Food Security and Livelihoods,World Food Programme,WFP,UN Agency
2026-04,South Kordofan,Habila - SK,Food Security and Livelihoods,World Food Programme,WFP,UN Agency
2026-04,South Kordofan,Dilling,Food Security and Livelihoods,World Food Programme,WFP,UN Agency
2026-04,West Darfur,Kulbus,Food Security and Livelihoods,World Food Programme,WFP,UN Agency
2026-04,Kassala,Reifi Gharb Kassala,Food Security and Livelihoods,World Food Programme,WFP,UN Agency
2026-04,White Nile,Rabak,Food Security and Livelihoods,World Food Programme,WFP,UN Agency
2026-04,White Nile,Kosti,Food Security and Livelihoods,World Food Programme,WFP,UN Agency
2026-04,South Kordofan,Kadugli,Multi-Purpose Cash,Agency for Technical Cooperation and Development,ACTED,INGO
2026-04,River Nile,Shendi,Food Security and Livelihoods,World Food Programme,WFP,UN Agency
2026-04,Northern,Al Golid,Food Security and Livelihoods,World Food Programme,WFP,UN Agency
2026-04,Khartoum,Um Bada,Food Security and Livelihoods,World Food Programme,WFP,UN Agency
2026-04,Khartoum,Jebel Awlia,Food Security and Livelihoods,World Food Programme,WFP,UN Agency
2026-04,South Darfur,Sharg Aj Jabal,Food Security and Livelihoods,African Friendship Organization,AFO,INGO
2026-04,River Nile,Abu Hamad,Health,Building Foundation for Development,BFD,NNGO
2026-04,West Darfur,Kulbus,Health,Concern WorldWide,CWW,INGO
2026-04,East Darfur,Ad Du'ayn,Education,ZOA International,ZOA,INGO
2026-04,North Kordofan,Ar Rahad-NK,Education,Save the Children International,SCI,INGO
2026-04,North Kordofan,Soudari,Multi-Purpose Cash,MERCY CORPS,MC,INGO
2026-04,South Kordofan,Habila - SK,Education,Save the Children International,SCI,INGO
2026-04,Kassala,Halfa Aj Jadeedah,Education,Al-Sadagat organization,Al-SO,NNGO
2026-04,South Kordofan,Ar Rashad,Education,Save the Children International,SCI,INGO
2026-04,Kassala,Reifi Kassla,Education,Al-Sadagat organization,Al-SO,NNGO
2026-04,Red Sea,Haya,Education,Building Resilience Development Organization,BRDO,NNGO
2026-04,Red Sea,Sinkat,Education,Building Resilience Development Organization,BRDO,NNGO
2026-04,North Kordofan,Um Rawaba,Education,Save the Children International,SCI,INGO
2026-04,Kassala,Madeinat Kassala,Education,Al-Sadagat organization,Al-SO,NNGO
2026-04,Khartoum,Jebel Awlia,Education,Al-Sadagat organization,Al-SO,NNGO
2026-04,North Kordofan,Sheikan,Education,Al-Sadagat organization,Al-SO,NNGO
2026-04,North Kordofan,Ar Rahad-NK,Education,Alsalam Organization for Rehabilitation and Development,AORD,NNGO
2026-04,North Kordofan,Um Rawaba,Education,Alsalam Organization for Rehabilitation and Development,AORD,NNGO
2026-04,Red Sea,Port Sudan,Education,Building Resilience Development Organization,BRDO,NNGO
2026-04,White Nile,Rabak,Education,Green Dream Organization,GDO,NNGO
2026-04,Khartoum,Karrari,Education,Rural Community Development Organization,RCDO,NNGO
2026-04,Blue Nile,Wad Al Mahi,Refugee Consultative Forum,World Food Programme,WFP,UN Agency
2026-04,Blue Nile,Baw,Refugee Consultative Forum,World Food Programme,WFP,UN Agency
2026-04,Blue Nile,Ar Rusayris,Education,Al-Sadagat organization,Al-SO,NNGO
2026-04,Central Darfur,Wasat Jabal Marrah,Education,Jabal Marra Charity Organization for Rural Development,JMCO,NNGO
2026-04,Central Darfur,Shamal Jabal Marrah,Education,Jabal Marra Charity Organization for Rural Development,JMCO,NNGO
2026-04,Khartoum,Jebel Awlia,Education,Rural Community Development Organization,RCDO,NNGO
2026-04,East Darfur,Abu Jabrah,Refugee Consultative Forum,World Food Programme,WFP,UN Agency
2026-04,Central Darfur,Um Dukhun,Refugee Consultative Forum,World Food Programme,WFP,UN Agency
2026-04,Aj Jazirah,Al Hasahisa,Education,Rural Community Development Organization,RCDO,NNGO
2026-04,Sennar,Sinja,Education,Hope and Friendship for Development Organization,HFDO,NNGO
2026-04,East Darfur,Abu Karinka,Refugee Consultative Forum,World Food Programme,WFP,UN Agency
2026-04,West Darfur,Beida,Education,Norwegian Refugee Council,NRC,INGO
2026-04,East Darfur,Al Firdous,Refugee Consultative Forum,United Nations Children's Fund,UNICEF,UN Agency
2026-04,West Darfur,Ag Geneina,Education,Norwegian Refugee Council,NRC,INGO
2026-04,Central Darfur,Zalingi,Education,Norwegian Refugee Council,NRC,INGO
2026-04,East Darfur,Adila,Refugee Consultative Forum,World Food Programme,WFP,UN Agency
2026-04,Central Darfur,Azum,Refugee Consultative Forum,World Food Programme,WFP,UN Agency
2026-04,Northern,Ad Dabbah,Education,Child Development Foundation,CDF,NNGO
2026-04,South Kordofan,Kadugli,Education,Hope and Friendship for Development Organization,HFDO,NNGO
2026-04,East Darfur,Assalaya,Refugee Consultative Forum,World Food Programme,WFP,UN Agency
2026-04,River Nile,Atbara,Education,Save the Children International,SCI,INGO
2026-04,Sennar,Ad Dinder,Education,Al-Sadagat organization,Al-SO,NNGO
2026-04,Khartoum,Sharg An Neel,Education,Save the Children International,SCI,INGO
2026-04,East Darfur,Bahr Al Arab,Refugee Consultative Forum,World Food Programme,WFP,UN Agency
2026-04,Khartoum,Um Durman,Education,Sawa Sudan for Development and Humanitarian Aid,SSDHA,NNGO
2026-04,Gedaref,Madeinat Al Gedaref,Education,Depth Action Organization,DAO,NNGO
2026-04,Khartoum,Bahri,Education,Japan International Volunteer Center,JVC,INGO
2026-04,Kassala,Madeinat Kassala,Education,Child Development Foundation,CDF,NNGO
2026-04,East Darfur,Yassin,Refugee Consultative Forum,United Nations Children's Fund,UNICEF,UN Agency
2026-04,East Darfur,Al Firdous,Refugee Consultative Forum,World Food Programme,WFP,UN Agency
2026-04,Central Darfur,Shamal Jabal Marrah,Education,Save the Children International,SCI,INGO
2026-04,Gedaref,Al Fao,Education,Al-Sadagat organization,Al-SO,NNGO
2026-04,Gedaref,Al Fashaga,Education,Al-Sadagat organization,Al-SO,NNGO
2026-04,River Nile,Barbar,Health,Building Foundation for Development,BFD,NNGO
2026-04,Gedaref,Al Fashaga,Refugee Consultative Forum,World Food Programme,WFP,UN Agency
2026-04,Central Darfur,Azum,Health,Concern WorldWide,CWW,INGO
2026-04,Gedaref,Basundah,Refugee Consultative Forum,World Food Programme,WFP,UN Agency
2026-04,West Darfur,Ag Geneina,Health,Concern WorldWide,CWW,INGO
2026-04,West Darfur,Kereneik,Health,Concern WorldWide,CWW,INGO
2026-04,Gedaref,Al Mafaza,Refugee Consultative Forum,World Food Programme,WFP,UN Agency
2026-04,West Kordofan,Al Idia,Health,Concern WorldWide,CWW,INGO
2026-04,West Kordofan,Al Dibab,Health,Concern WorldWide,CWW,INGO
2026-04,West Kordofan,Abyei,Health,Concern WorldWide,CWW,INGO
2026-04,West Kordofan,Abu Zabad,Health,Concern WorldWide,CWW,INGO
2026-04,Gedaref,Galabat Ash-Shargiah,Refugee Consultative Forum,World Food Programme,WFP,UN Agency
2026-04,South Kordofan,Al Leri,Health,Concern WorldWide,CWW,INGO
2026-04,South Kordofan,Ghadeer,Health,Concern WorldWide,CWW,INGO
2026-04,Kassala,Halfa Aj Jadeedah,Refugee Consultative Forum,World Food Programme,WFP,UN Agency
2026-04,Northern,Merwoe,Food Security and Livelihoods,Food and Agriculture Organization,FAO,UN Agency
2026-04,Kassala,Reifi Khashm Elgirba,Refugee Consultative Forum,World Food Programme,WFP,UN Agency
2026-04,Kassala,Reifi Kassla,Refugee Consultative Forum,World Food Programme,WFP,UN Agency
2026-04,Khartoum,Um Durman,Health,Sudanese American Physicians Association,SAPA,INGO
2026-04,Kassala,Reifi Wad Elhilaiw,Refugee Consultative Forum,United Nations Children's Fund,UNICEF,UN Agency
2026-04,Kassala,Reifi Nahr Atbara,Refugee Consultative Forum,World Food Programme,WFP,UN Agency
2026-04,Kassala,Reifi Wad Elhilaiw,Refugee Consultative Forum,World Food Programme,WFP,UN Agency
2026-04,South Kordofan,Abu Jubayhah,Health,Sudanese American Physicians Association,SAPA,INGO
2026-04,North Darfur,Al Lait,Refugee Consultative Forum,United Nations Children's Fund,UNICEF,UN Agency
2026-04,Red Sea,Port Sudan,Health,Sudanese American Physicians Association,SAPA,INGO
2026-04,North Kordofan,Sheikan,Refugee Consultative Forum,World Food Programme,WFP,UN Agency
2026-04,North Kordofan,Ar Rahad-NK,Refugee Consultative Forum,World Food Programme,WFP,UN Agency
2026-04,Red Sea,Port Sudan,Refugee Consultative Forum,World Food Programme,WFP,UN Agency
2026-04,Red Sea,Port Sudan,Refugee Consultative Forum,United Nations Children's Fund,UNICEF,UN Agency
2026-04,North Darfur,At Tawisha,Refugee Consultative Forum,World Food Programme,WFP,UN Agency
2026-04,South Kordofan,Abu Jubayhah,Refugee Consultative Forum,World Food Programme,WFP,UN Agency
2026-04,West Darfur,Ag Geneina,Refugee Consultative Forum,World Food Programme,WFP,UN Agency
2026-04,South Kordofan,At Tadamon - SK,Refugee Consultative Forum,World Food Programme,WFP,UN Agency
2026-04,White Nile,Aj Jabalain,Refugee Consultative Forum,World Food Programme,WFP,UN Agency
2026-04,South Kordofan,Ar Rashad,Refugee Consultative Forum,World Food Programme,WFP,UN Agency
2026-04,White Nile,As Salam / Ar Rawat,Refugee Consultative Forum,United Nations Children's Fund,UNICEF,UN Agency
2026-04,North Darfur,Tawila,Health,Sudanese American Physicians Association,SAPA,INGO
2026-04,White Nile,As Salam / Ar Rawat,Refugee Consultative Forum,World Food Programme,WFP,UN Agency
2026-04,Northern,Ad Dabbah,Health,Sudanese American Physicians Association,SAPA,INGO
2026-04,Red Sea,Sawakin,Health,Save the Children International,SCI,INGO
2026-04,Red Sea,Agig,Health,Save the Children International,SCI,INGO
2026-04,South Darfur,Nyala Janoub,Health,National Initiative Development Organization,NIDO,NNGO
2026-04,South Darfur,Sharg Aj Jabal,Health,National Initiative Development Organization,NIDO,NNGO
2026-04,South Darfur,Shattaya,Health,National Initiative Development Organization,NIDO,NNGO
2026-04,South Darfur,Kubum,Health,National Initiative Development Organization,NIDO,NNGO
2026-04,South Darfur,Buram,Health,National Initiative Development Organization,NIDO,NNGO
2026-04,North Darfur,Kelemando,Health,Save the Children International,SCI,INGO
2026-04,North Darfur,Tawila,Food Security and Livelihoods,Hope and Friendship for Development Organization,HFDO,NNGO
2026-04,Central Darfur,Zalingi,Health,Premiere Urgence Internationale,PUI,INGO
2026-04,Central Darfur,Azum,Health,Premiere Urgence Internationale,PUI,INGO
2026-04,Aj Jazirah,Janub Al Jazirah,Health,Premiere Urgence Internationale,PUI,INGO
2026-04,Aj Jazirah,Medani Al Kubra,Health,Premiere Urgence Internationale,PUI,INGO
2026-04,Khartoum,Karrari,Health,Premiere Urgence Internationale,PUI,INGO
2026-04,West Darfur,Sirba,Health,Premiere Urgence Internationale,PUI,INGO
2026-04,West Darfur,Kereneik,Health,Premiere Urgence Internationale,PUI,INGO
2026-04,West Darfur,Ag Geneina,Health,Premiere Urgence Internationale,PUI,INGO
2026-04,Khartoum,Um Bada,Health,Save the Children International,SCI,INGO
2026-04,Khartoum,Jebel Awlia,Health,Save the Children International,SCI,INGO
2026-04,Khartoum,Karrari,Health,Save the Children International,SCI,INGO
2026-04,Khartoum,Sharg An Neel,Health,Save the Children International,SCI,INGO
2026-04,Khartoum,Bahri,Health,Save the Children International,SCI,INGO
2026-04,Central Darfur,Wasat Jabal Marrah,Health,Save the Children International,SCI,INGO
2026-04,Central Darfur,Shamal Jabal Marrah,Health,Save the Children International,SCI,INGO
2026-04,Central Darfur,Zalingi,Health,Save the Children International,SCI,INGO
2026-04,Central Darfur,Azum,Health,Save the Children International,SCI,INGO
2026-04,Gedaref,Madeinat Al Gedaref,Health,Save the Children International,SCI,INGO
2026-04,Gedaref,Wasat Al Gedaref,Health,Save the Children International,SCI,INGO
2026-04,Gedaref,Al Galabat Al Gharbyah - Kassab,Health,Save the Children International,SCI,INGO
2026-04,Gedaref,Galabat Ash-Shargiah,Health,Save the Children International,SCI,INGO
2026-04,Gedaref,Gala'a Al Nahal,Health,Save the Children International,SCI,INGO
2026-04,North Darfur,Kutum,Health,Goal Global,GOAL,INGO
2026-04,North Darfur,Um Baru,Health,Goal Global,GOAL,INGO
2026-04,South Kordofan,Dilling,Health,Goal Global,GOAL,INGO
2026-04,South Kordofan,Habila - SK,Health,Goal Global,GOAL,INGO
2026-04,South Kordofan,Abu Kershola,Health,Goal Global,GOAL,INGO
2026-04,South Kordofan,Ar Rashad,Health,Goal Global,GOAL,INGO
2026-04,South Kordofan,Talawdi,Health,Goal Global,GOAL,INGO
2026-04,South Kordofan,Ghadeer,Health,Goal Global,GOAL,INGO
2026-04,South Kordofan,Abu Jubayhah,Health,Goal Global,GOAL,INGO
2026-04,White Nile,Guli,Health,Goal Global,GOAL,INGO
2026-04,White Nile,Tendalti,Health,Goal Global,GOAL,INGO
2026-04,White Nile,Aj Jabalain,Health,Goal Global,GOAL,INGO
2026-04,River Nile,Al Matama,Health,Building Foundation Development/Benna,BFD/B,INGO
2026-04,North Darfur,Tawila,Health,Jabal Marra Charity Organization for Rural Development,JMCO,NNGO
2026-04,Northern,Ad Dabbah,Health,Relief International,RI,INGO
2026-04,North Darfur,Al Malha,Health,Relief International,RI,INGO
2026-04,North Darfur,Tawila,Health,Relief International,RI,INGO
2026-04,North Darfur,Melit,Health,Relief International,RI,INGO
2026-04,Khartoum,Khartoum,Health,Relief International,RI,INGO
2026-04,Khartoum,Jebel Awlia,Health,Relief International,RI,INGO
2026-04,Khartoum,Karrari,Health,Relief International,RI,INGO
2026-04,Khartoum,Um Bada,Health,Relief International,RI,INGO
2026-04,Khartoum,Sharg An Neel,Health,Relief International,RI,INGO
2026-04,Khartoum,Um Durman,Health,Relief International,RI,INGO
2026-04,Aj Jazirah,Al Manaqil,Health,Relief International,RI,INGO
2026-04,Aj Jazirah,Medani Al Kubra,Health,Relief International,RI,INGO
2026-04,Aj Jazirah,Janub Al Jazirah,Health,Relief International,RI,INGO
2026-04,Aj Jazirah,Sharg Al Jazirah,Health,Relief International,RI,INGO
2026-04,North Darfur,Tawila,Food Security and Livelihoods,Solidarites International,SI,INGO
2026-04,North Kordofan,Sheikan,Food Security and Livelihoods,Alsalam Organization for Rehabilitation and Development,AORD,NNGO
2026-04,North Kordofan,Sheikan,Health,Medecins Sans Frontieres - Spain,MSF Spain,INGO
2026-04,Khartoum,Jebel Awlia,Health,Medecins Sans Frontieres - Spain,MSF Spain,INGO
2026-04,White Nile,As Salam / Ar Rawat,Food Security and Livelihoods,Darfur Development and Reconstructure Agency,DDRA,NNGO
2026-04,White Nile,Kosti,Health,Medical Teams International,MTI,INGO
2026-04,River Nile,Atbara,Health,International Rescue Committee,IRC,INGO
2026-04,River Nile,Shendi,Health,International Rescue Committee,IRC,INGO
2026-04,Khartoum,Karrari,Health,International Rescue Committee,IRC,INGO
2026-04,Aj Jazirah,Sharg Al Jazirah,Health,International Rescue Committee,IRC,INGO
2026-04,Aj Jazirah,Medani Al Kubra,Health,International Rescue Committee,IRC,INGO
2026-04,Aj Jazirah,Janub Al Jazirah,Health,International Rescue Committee,IRC,INGO
2026-04,Aj Jazirah,Al Hasahisa,Health,International Rescue Committee,IRC,INGO
2026-04,Blue Nile,Ar Rusayris,Health,International Rescue Committee,IRC,INGO
2026-04,Blue Nile,Baw,Health,International Rescue Committee,IRC,INGO
2026-04,Blue Nile,Wad Al Mahi,Health,International Rescue Committee,IRC,INGO
2026-04,White Nile,Al Gitaina,Health,International Rescue Committee,IRC,INGO
2026-04,White Nile,Rabak,Health,International Rescue Committee,IRC,INGO
2026-04,White Nile,Kosti,Health,International Rescue Committee,IRC,INGO
2026-04,Northern,Merwoe,Health,Building Foundation for Development,BFD,NNGO
2026-04,Blue Nile,Ed Damazine,Health,Save the Children International,SCI,INGO
2026-04,Blue Nile,Baw,Health,Save the Children International,SCI,INGO
2026-04,Blue Nile,Geisan,Health,Save the Children International,SCI,INGO
2026-04,South Kordofan,Abu Jubayhah,Food Security and Livelihoods,Goal Global,GOAL,INGO
2026-04,River Nile,Atbara,Health,Building Foundation for Development,BFD,NNGO
2026-04,South Kordofan,Abu Kershola,Food Security and Livelihoods,Goal Global,GOAL,INGO
2026-04,Central Darfur,Shamal Jabal Marrah,Food Security and Livelihoods,Veterinaires Sans Frontières Germany,VSF-G,INGO
2026-04,West Kordofan,An Nuhud,Health,CAFA Development Organization,CAFA,NNGO
2026-04,White Nile,Um Rimta,Health,Sudan Social Development Organization,SSDO,NNGO
2026-04,White Nile,Guli,Health,Sudan Social Development Organization,SSDO,NNGO
2026-04,West Darfur,Kereneik,Health,World Relief,WR,INGO
2026-04,South Darfur,Nyala Janoub,Health,CARE International in Sudan,CARE,INGO
2026-04,South Darfur,Nyala Shimal,Health,CARE International in Sudan,CARE,INGO
2026-04,North Darfur,Kebkabiya,Health,Auttash Organization for Peace and Development,AUTASH,NNGO
2026-04,North Darfur,Kebkabiya,Health,Tabasheer for Aid and Development Organization,TADO,NNGO
2026-04,North Darfur,Tawila,Health,Tabasheer for Aid and Development Organization,TADO,NNGO
2026-04,North Darfur,Tawila,Health,Patient Helping Fund,PHF,NNGO
2026-04,North Darfur,Dar As Salam,Health,Patient Helping Fund,PHF,NNGO
2026-04,Kassala,Reifi Telkok,Health,Patient Helping Fund,PHF,NNGO
2026-04,Kassala,Reifi Nahr Atbara,Health,Patient Helping Fund,PHF,NNGO
2026-04,Kassala,Reifi Kassla,Health,Patient Helping Fund,PHF,NNGO
2026-04,Kassala,Reifi Gharb Kassala,Health,Patient Helping Fund,PHF,NNGO
2026-04,Gedaref,Wasat Al Gedaref,Health,Patient Helping Fund,PHF,NNGO
2026-04,Gedaref,Gala'a Al Nahal,Health,Patient Helping Fund,PHF,NNGO
2026-04,Gedaref,Basundah,Health,Patient Helping Fund,PHF,NNGO
2026-04,Gedaref,Al Galabat Al Gharbyah - Kassab,Health,Patient Helping Fund,PHF,NNGO
2026-04,Central Darfur,Wasat Jabal Marrah,Health,World Relief,WR,INGO
2026-04,Central Darfur,Um Dukhun,Health,World Relief,WR,INGO
2026-04,Central Darfur,Gharb Jabal Marrah,Health,World Relief,WR,INGO
2026-04,Central Darfur,Azum,Health,World Relief,WR,INGO
2026-04,Aj Jazirah,Al Qurashi,Health,Patient Helping Fund,PHF,NNGO
2026-04,North Kordofan,Sheikan,Health,Sudan Social Development Organization,SSDO,NNGO
2026-04,Central Darfur,Shamal Jabal Marrah,Health,Saeker Voluntary Organization,SVO,NNGO
2026-04,Northern,Delgo,Health,MedGlobal,MedGlobal,INGO
2026-04,North Darfur,Saraf Omra,Health,Auttash Organization for Peace and Development,AUTASH,NNGO
2026-04,North Darfur,Melit,Health,Tabasheer for Aid and Development Organization,TADO,NNGO
2026-04,Gedaref,Al Fao,Health,Patient Helping Fund,PHF,NNGO
2026-04,Gedaref,Al Qureisha,Health,Patient Helping Fund,PHF,NNGO
2026-04,West Darfur,Sirba,Health,Hope and Friendship for Development Organization,HFDO,NNGO
2026-04,Sennar,Sennar,Health,Pan Health Care Organization,PHCO,NNGO
2026-04,Northern,Ad Dabbah,Health,MedGlobal,MedGlobal,INGO
2026-04,Northern,Halfa,Health,Building Foundation for Development,BFD,NNGO
2026-04,Northern,Dongola,Health,Building Foundation for Development,BFD,NNGO
2026-04,Northern,Al Golid,Health,Building Foundation for Development,BFD,NNGO
2026-04,North Kordofan,Um Rawaba,Health,Patient Helping Fund,PHF,NNGO
2026-04,North Kordofan,Sheikan,Health,Patient Helping Fund,PHF,NNGO
2026-04,North Kordofan,Gebrat Al Sheikh,Health,Patient Helping Fund,PHF,NNGO
2026-04,North Darfur,Al Lait,Health,Sahari Organization For Development,SAHARI,NNGO
2026-04,North Darfur,Al Fasher,Health,Tabasheer for Aid and Development Organization,TADO,NNGO
2026-04,Khartoum,Sharg An Neel,Health,Medair,Medair,INGO
2026-04,Kassala,Madeinat Kassala,Health,Building Resilience Development Organization,BRDO,NNGO
2026-04,Gedaref,Wasat Al Gedaref,Health,WE ARE ALIGHT,ALIGHT,INGO
2026-04,Blue Nile,Ed Damazine,Health,Pan Health Care Organization,PHCO,NNGO
2026-04,Aj Jazirah,Sharg Al Jazirah,Health,Building Foundation for Development,BFD,NNGO
2026-04,White Nile,Kosti,Health,Sudan Social Development Organization,SSDO,NNGO
2026-04,White Nile,As Salam / Ar Rawat,Health,Sudan Social Development Organization,SSDO,NNGO
2026-04,River Nile,Al Matama,Health,Building Foundation for Development,BFD,NNGO
2026-04,South Kordofan,Talawdi,Food Security and Livelihoods,Goal Global,GOAL,INGO
2026-04,Kassala,Halfa Aj Jadeedah,Health,Building Resilience Development Organization,BRDO,NNGO
2026-04,Aj Jazirah,Medani Al Kubra,Health,Building Foundation for Development,BFD,NNGO
2026-04,West Darfur,Beida,Health,Dar for Community Development,DCD,NNGO
2026-04,South Darfur,Ed Al Fursan,Health,Rufaida Health Foundation,RHF,NNGO
2026-04,Northern,Al Burgaig,Health,Building Foundation for Development,BFD,NNGO
2026-04,North Darfur,As Serief,Health,Auttash Organization for Peace and Development,AUTASH,NNGO
2026-04,North Darfur,Um Kadadah,Health,Sahari Organization For Development,SAHARI,NNGO
2026-04,Kassala,Reifi Hamashkureib,Health,Patient Helping Fund,PHF,NNGO
2026-04,East Darfur,Yassin,Health,World Vision International,WVI,INGO
2026-04,East Darfur,Al Firdous,Health,World Vision International,WVI,INGO
2026-04,Blue Nile,Ar Rusayris,Health,Pan Health Care Organization,PHCO,NNGO
2026-04,Blue Nile,Baw,Health,Pan Health Care Organization,PHCO,NNGO
2026-04,Blue Nile,Al Kurmuk,Health,Pan Health Care Organization,PHCO,NNGO
2026-04,South Darfur,Rehaid Albirdi,Health,Rufaida Health Foundation,RHF,NNGO
2026-04,South Darfur,Um Dafoug,Health,Rufaida Health Foundation,RHF,NNGO
2026-04,North Kordofan,Soudari,Health,Patient Helping Fund,PHF,NNGO
2026-04,North Darfur,At Tawisha,Health,Sahari Organization For Development,SAHARI,NNGO
2026-04,North Darfur,Kelemando,Health,Tabasheer for Aid and Development Organization,TADO,NNGO
2026-04,Central Darfur,Gharb Jabal Marrah,Food Security and Livelihoods,Veterinaires Sans Frontières Germany,VSF-G,INGO
2026-04,Central Darfur,Azum,Food Security and Livelihoods,Veterinaires Sans Frontières Germany,VSF-G,INGO
2026-04,Central Darfur,Zalingi,Food Security and Livelihoods,Veterinaires Sans Frontières Germany,VSF-G,INGO
2026-04,Central Darfur,Wadi Salih,Food Security and Livelihoods,Veterinaires Sans Frontières Germany,VSF-G,INGO
2026-04,Central Darfur,Mukjar,Food Security and Livelihoods,Veterinaires Sans Frontières Germany,VSF-G,INGO
2026-04,Khartoum,Khartoum,Logistics,World Food Programme,WFP,UN Agency
2026-04,Kassala,Madeinat Kassala,Logistics,World Food Programme,WFP,UN Agency
2026-04,Northern,Dongola,Logistics,World Food Programme,WFP,UN Agency
2026-04,Red Sea,Port Sudan,Logistics,World Food Programme,WFP,UN Agency
2026-04,South Kordofan,Dilling,Logistics,World Food Programme,WFP,UN Agency
2026-04,Central Darfur,Zalingi,Logistics,World Food Programme,WFP,UN Agency
2026-04,Central Darfur,Um Dukhun,Logistics,World Food Programme,WFP,UN Agency
2026-04,Central Darfur,Gharb Jabal Marrah,Logistics,World Food Programme,WFP,UN Agency
2026-04,West Darfur,Ag Geneina,Logistics,World Food Programme,WFP,UN Agency
2026-04,North Darfur,Al Fasher,Logistics,World Food Programme,WFP,UN Agency
2026-04,North Darfur,Tawila,Logistics,World Food Programme,WFP,UN Agency
2026-04,Gedaref,Galabat Ash-Shargiah,Logistics,World Food Programme,WFP,UN Agency
2026-04,Blue Nile,Ed Damazine,Logistics,World Food Programme,WFP,UN Agency
2026-04,Northern,Ad Dabbah,Logistics,World Food Programme,WFP,UN Agency
2026-04,Gedaref,Madeinat Al Gedaref,Logistics,World Food Programme,WFP,UN Agency
2026-04,White Nile,Kosti,Logistics,World Food Programme,WFP,UN Agency
2026-04,Red Sea,Port Sudan,Emergency Telecommunications,World Food Programme,WFP,UN Agency
2026-04,White Nile,Kosti,Emergency Telecommunications,World Food Programme,WFP,UN Agency
2026-04,Gedaref,Madeinat Al Gedaref,Emergency Telecommunications,World Food Programme,WFP,UN Agency
2026-04,Blue Nile,Ed Damazine,Emergency Telecommunications,World Food Programme,WFP,UN Agency
2026-04,Kassala,Madeinat Kassala,Emergency Telecommunications,World Food Programme,WFP,UN Agency
2026-04,River Nile,Atbara,Emergency Telecommunications,World Food Programme,WFP,UN Agency
2026-04,Khartoum,Khartoum,Emergency Telecommunications,World Food Programme,WFP,UN Agency
2026-04,Blue Nile,Baw,Shelter and NFIs,International Organization for Migration,IOM,UN Agency
2026-04,North Kordofan,Sheikan,Shelter and NFIs,Human Appeal - UK,HA UK,INGO
2026-04,North Darfur,Tawila,Shelter and NFIs,INTERSOS,INTERSOS,INGO
2026-04,North Darfur,Tawila,Shelter and NFIs,Dar for Community Development,DCD,NNGO
2026-04,North Darfur,Tawila,Shelter and NFIs,African Relief Committee,ARC,NNGO
2026-04,North Darfur,Tawila,Shelter and NFIs,Norwegian Refugee Council,NRC,INGO
2026-04,Blue Nile,Baw,Shelter and NFIs,Human Appeal - UK,HA UK,INGO
2026-04,North Kordofan,Ar Rahad-NK,Shelter and NFIs,LM International (formerly known as International Aid Services),LM/IAS,INGO
2026-04,North Darfur,Kutum,Shelter and NFIs,Goal Global,GOAL,INGO
2026-04,White Nile,Tendalti,Shelter and NFIs,Norwegian Refugee Council,NRC,INGO
2026-04,Khartoum,Um Durman,Shelter and NFIs,Norwegian Refugee Council,NRC,INGO
2026-04,North Darfur,Tawila,Shelter and NFIs,Solidarites International,SI,INGO
2026-04,Gedaref,Al Butanah,Shelter and NFIs,Norwegian Refugee Council,NRC,INGO
2026-04,North Kordofan,Ar Rahad-NK,Shelter and NFIs,Sudan Organization for Local Community Development,SOLD,NNGO
2026-04,White Nile,Kosti,Shelter and NFIs,Danish Refugee Council,DRC,INGO
2026-04,Central Darfur,Wasat Jabal Marrah,Shelter and NFIs,Sudanese Organisation for Relief and Recovery,SORR,NNGO
2026-04,North Kordofan,Ar Rahad-NK,Shelter and NFIs,IAS/LM International,IAS/LMI,INGO
2026-04,South Darfur,Nyala Shimal,Nutrition,MERCY CORPS,MC,INGO
2026-04,South Darfur,Nyala Janoub,Nutrition,MERCY CORPS,MC,INGO
2026-04,White Nile,Um Rimta,Nutrition,Plan International,PI,INGO
2026-04,White Nile,Tendalti,Nutrition,Plan International,PI,INGO
2026-04,White Nile,Rabak,Nutrition,Plan International,PI,INGO
2026-04,White Nile,Rabak,Nutrition,International Rescue Committee,IRC,INGO
2026-04,White Nile,Kosti,Nutrition,Plan International,PI,INGO
2026-04,Blue Nile,Baw,Nutrition,World Relief,WR,INGO
2026-04,Blue Nile,Geisan,Nutrition,World Relief,WR,INGO
2026-04,White Nile,Kosti,Nutrition,International Rescue Committee,IRC,INGO
2026-04,White Nile,Guli,Nutrition,Plan International,PI,INGO
2026-04,Blue Nile,At Tadamon - BN,Nutrition,World Relief,WR,INGO
2026-04,Blue Nile,Al Kurmuk,Nutrition,World Relief,WR,INGO
2026-04,White Nile,Guli,Nutrition,Action Against Hunger,AAH,INGO
2026-04,White Nile,As Salam / Ar Rawat,Nutrition,Medical Teams International,MTI,INGO
2026-04,White Nile,Al Gitaina,Nutrition,International Rescue Committee,IRC,INGO
2026-04,White Nile,Aj Jabalain,Nutrition,Medical Teams International,MTI,INGO
2026-04,White Nile,Ad Diwaim,Nutrition,Plan International,PI,INGO
2026-04,White Nile,Ad Diwaim,Nutrition,Action Against Hunger,AAH,INGO
2026-04,West Kordofan,As Sunut,Nutrition,Alsalam Organization for Rehabilitation and Development,AORD,NNGO
2026-04,West Kordofan,As Salam - WK,Nutrition,Concern WorldWide,CWW,INGO
2026-04,West Kordofan,As Salam - WK,Nutrition,WE ARE ALIGHT,ALIGHT,INGO
2026-04,West Kordofan,Al Meiram,Nutrition,Concern WorldWide,CWW,INGO
2026-04,West Kordofan,Al Lagowa,Nutrition,Concern WorldWide,CWW,INGO
2026-04,West Kordofan,Al Dibab,Nutrition,Concern WorldWide,CWW,INGO
2026-04,West Kordofan,Abyei,Nutrition,Concern WorldWide,CWW,INGO
2026-04,West Kordofan,Abu Zabad,Nutrition,Concern WorldWide,CWW,INGO
2026-04,West Darfur,Sirba,Nutrition,World Relief,WR,INGO
2026-04,West Darfur,Sirba,Nutrition,Premiere Urgence Internationale,PUI,INGO
2026-04,West Darfur,Kulbus,Nutrition,Premiere Urgence Internationale,PUI,INGO
2026-04,West Darfur,Kulbus,Nutrition,Concern WorldWide,CWW,INGO
2026-04,West Darfur,Kereneik,Nutrition,World Relief,WR,INGO
2026-04,West Darfur,Kereneik,Nutrition,Premiere Urgence Internationale,PUI,INGO
2026-04,West Darfur,Kereneik,Nutrition,Concern WorldWide,CWW,INGO
2026-04,West Darfur,Jebel Moon,Nutrition,Concern WorldWide,CWW,INGO
2026-04,West Darfur,Habila - WD,Nutrition,World Relief,WR,INGO
2026-04,West Darfur,Foro Baranga,Nutrition,INTERSOS,INTERSOS,INGO
2026-04,West Darfur,Beida,Nutrition,Medair,Medair,INGO
2026-04,West Darfur,Beida,Nutrition,Dar for Community Development,DCD,NNGO
2026-04,West Darfur,Ag Geneina,Nutrition,World Relief,WR,INGO
2026-04,West Darfur,Ag Geneina,Nutrition,Sudanese Red Crescent Society,SRCS,Red Cross
2026-04,West Darfur,Ag Geneina,Nutrition,Premiere Urgence Internationale,PUI,INGO
2026-04,West Darfur,Ag Geneina,Nutrition,International Medical Corps,IMC,INGO
2026-04,West Darfur,Ag Geneina,Nutrition,Concern WorldWide,CWW,INGO
2026-04,South Kordofan,Talawdi,Nutrition,Goal Global,GOAL,INGO
2026-04,South Kordofan,Talawdi,Nutrition,Concern WorldWide,CWW,INGO
2026-04,South Kordofan,Kadugli,Nutrition,Save the Children International,SCI,INGO
2026-04,South Kordofan,Habila - SK,Nutrition,Goal Global,GOAL,INGO
2026-04,South Kordofan,Ghadeer,Nutrition,Goal Global,GOAL,INGO
2026-04,South Kordofan,Ghadeer,Nutrition,Concern WorldWide,CWW,INGO
2026-04,South Kordofan,Ghadeer,Nutrition,CARE International in Sudan,CARE,INGO
2026-04,South Kordofan,Dilling,Nutrition,Save the Children International,SCI,INGO
2026-04,North Darfur,Um Baru,Nutrition,Sudan Assist for Development Organization,SADO,NNGO
2026-04,South Kordofan,Dilling,Nutrition,Goal Global,GOAL,INGO
2026-04,South Kordofan,Ar Rashad,Nutrition,Save the Children International,SCI,INGO
2026-04,South Kordofan,Ar Rashad,Nutrition,Goal Global,GOAL,INGO
2026-04,South Kordofan,Al Leri,Nutrition,Concern WorldWide,CWW,INGO
2026-04,South Kordofan,Abu Kershola,Nutrition,Goal Global,GOAL,INGO
2026-04,South Kordofan,Abu Jubayhah,Nutrition,Save the Children International,SCI,INGO
2026-04,South Kordofan,Abu Jubayhah,Nutrition,CARE International in Sudan,CARE,INGO
2026-04,South Kordofan,Abassiya,Nutrition,Save the Children International,SCI,INGO
2026-04,South Kordofan,Abassiya,Nutrition,Concern WorldWide,CWW,INGO
2026-04,South Kordofan,Abassiya,Nutrition,CARE International in Sudan,CARE,INGO
2026-04,South Darfur,Shattaya,Nutrition,National Initiative Development Organization,NIDO,NNGO
2026-04,South Darfur,Sharg Aj Jabal,Nutrition,National Initiative Development Organization,NIDO,NNGO
2026-04,South Darfur,Sharg Aj Jabal,Nutrition,CARE International in Sudan,CARE,INGO
2026-04,South Darfur,Sharg Aj Jabal,Nutrition,WE ARE ALIGHT,ALIGHT,INGO
2026-04,South Darfur,Nyala Shimal,Nutrition,CARE International in Sudan,CARE,INGO
2026-04,South Darfur,Nyala Shimal,Nutrition,WE ARE ALIGHT,ALIGHT,INGO
2026-04,South Darfur,Nyala Janoub,Nutrition,CARE International in Sudan,CARE,INGO
2026-04,South Darfur,Nyala Janoub,Nutrition,WE ARE ALIGHT,ALIGHT,INGO
2026-04,North Darfur,Al Lait,Nutrition,Sahari Organization For Development,SAHARI,NNGO
2026-04,North Darfur,Um Kadadah,Nutrition,Sahari Organization For Development,SAHARI,NNGO
2026-04,South Darfur,Kubum,Nutrition,National Initiative Development Organization,NIDO,NNGO
2026-04,North Darfur,Melit,Nutrition,Sahari Organization For Development,SAHARI,NNGO
2026-04,South Darfur,Kas,Nutrition,CARE International in Sudan,CARE,INGO
2026-04,South Darfur,Gereida,Nutrition,WE ARE ALIGHT,ALIGHT,INGO
2026-04,North Darfur,Al Malha,Nutrition,Relief International,RI,INGO
2026-04,North Darfur,At Tina,Nutrition,Relief International,RI,INGO
2026-04,South Darfur,As Salam - SD,Nutrition,International Medical Corps,IMC,INGO
2026-04,South Darfur,As Salam - SD,Nutrition,WE ARE ALIGHT,ALIGHT,INGO
2026-04,South Darfur,Buram,Nutrition,National Initiative Development Organization,NIDO,NNGO
2026-04,South Darfur,Beliel,Nutrition,International Medical Corps,IMC,INGO
2026-04,North Darfur,Melit,Nutrition,Relief International,RI,INGO
2026-04,North Darfur,Tawila,Nutrition,Relief International,RI,INGO
2026-04,South Darfur,Beliel,Nutrition,WE ARE ALIGHT,ALIGHT,INGO
2026-04,Northern,Al Golid,Nutrition,Relief International,RI,INGO
2026-04,Northern,Dongola,Nutrition,Relief International,RI,INGO
2026-04,South Darfur,As Sunta,Nutrition,WE ARE ALIGHT,ALIGHT,INGO
2026-04,Sennar,Sennar,Nutrition,Save the Children International,SCI,INGO
2026-04,Sennar,Sennar,Nutrition,Pan Health Care Organization,PHCO,NNGO
2026-04,River Nile,Shendi,Nutrition,International Rescue Committee,IRC,INGO
2026-04,River Nile,Atbara,Nutrition,International Rescue Committee,IRC,INGO
2026-04,Red Sea,Sawakin,Nutrition,Save the Children International,SCI,INGO
2026-04,Red Sea,Port Sudan,Nutrition,Sudanese American Physicians Association,SAPA,INGO
2026-04,Red Sea,Agig,Nutrition,Save the Children International,SCI,INGO
2026-04,Northern,Halfa,Nutrition,Building Foundation for Development,BFD,NNGO
2026-04,Northern,Dongola,Nutrition,Building Foundation for Development,BFD,NNGO
2026-04,Aj Jazirah,Medani Al Kubra,Nutrition,Premiere Urgence Internationale,PUI,INGO
2026-04,Aj Jazirah,Janub Al Jazirah,Nutrition,Premiere Urgence Internationale,PUI,INGO
2026-04,Northern,Al Golid,Nutrition,Building Foundation for Development,BFD,NNGO
2026-04,Northern,Al Burgaig,Nutrition,Building Foundation for Development,BFD,NNGO
2026-04,Northern,Ad Dabbah,Nutrition,Relief International,RI,INGO
2026-04,North Kordofan,Um Rawaba,Nutrition,Islamic Relief Worldwide,IRW,INGO
2026-04,North Kordofan,Um Dam Haj Ahmed,Nutrition,Islamic Relief Worldwide,IRW,INGO
2026-04,North Kordofan,Sheikan,Nutrition,Plan International,PI,INGO
2026-04,North Kordofan,Sheikan,Nutrition,Islamic Relief Worldwide,IRW,INGO
2026-04,North Kordofan,Gharb Bara,Nutrition,Islamic Relief Worldwide,IRW,INGO
2026-04,North Kordofan,Bara,Nutrition,Islamic Relief Worldwide,IRW,INGO
2026-04,North Kordofan,Ar Rahad-NK,Nutrition,Islamic Relief Worldwide,IRW,INGO
2026-04,North Darfur,Um Baru,Nutrition,Goal Global,GOAL,INGO
2026-04,North Darfur,Um Baru,Nutrition,Welthungerhilfe (German Agro Action),WHH,INGO
2026-04,North Darfur,Um Baru,Nutrition,"Aljuzur Organization for Peace, Rehabilitation and Development",JPRD,NNGO
2026-04,North Darfur,Tawila,Nutrition,World Relief,WR,INGO
2026-04,North Darfur,Tawila,Nutrition,Save the Children International,SCI,INGO
2026-04,North Darfur,Tawila,Nutrition,INTERSOS,INTERSOS,INGO
2026-04,North Darfur,Tawila,Nutrition,CARE International in Sudan,CARE,INGO
2026-04,North Darfur,Tawila,Nutrition,WE ARE ALIGHT,ALIGHT,INGO
2026-04,North Darfur,Tawila,Nutrition,Action Against Hunger,AAH,INGO
2026-04,North Darfur,Saraf Omra,Nutrition,Welthungerhilfe (German Agro Action),WHH,INGO
2026-04,Khartoum,Jebel Awlia,Nutrition,Medecins Sans Frontieres - Spain,MSF Spain,INGO
2026-04,North Darfur,Kutum,Nutrition,Goal Global,GOAL,INGO
2026-04,North Darfur,Kutum,Nutrition,Welthungerhilfe (German Agro Action),WHH,INGO
2026-04,North Darfur,Kernoi,Nutrition,Welthungerhilfe (German Agro Action),WHH,INGO
2026-04,North Darfur,Kernoi,Nutrition,"Aljuzur Organization for Peace, Rehabilitation and Development",JPRD,NNGO
2026-04,North Darfur,Kelemando,Nutrition,Save the Children International,SCI,INGO
2026-04,North Darfur,Kebkabiya,Nutrition,Welthungerhilfe (German Agro Action),WHH,INGO
2026-04,North Darfur,At Tina,Nutrition,Welthungerhilfe (German Agro Action),WHH,INGO
2026-04,North Darfur,At Tina,Nutrition,"Aljuzur Organization for Peace, Rehabilitation and Development",JPRD,NNGO
2026-04,North Darfur,At Tawisha,Nutrition,Sahari Organization For Development,SAHARI,NNGO
2026-04,North Darfur,As Serief,Nutrition,Welthungerhilfe (German Agro Action),WHH,INGO
2026-04,South Darfur,Tulus,Nutrition,Medair,Medair,INGO
2026-04,South Darfur,Nyala Shimal,Nutrition,Medair,Medair,INGO
2026-04,North Darfur,Al Koma,Nutrition,Sahari Organization For Development,SAHARI,NNGO
2026-04,North Darfur,Al Fasher,Nutrition,Relief International,RI,INGO
2026-04,Khartoum,Um Durman,Nutrition,Sudanese American Physicians Association,SAPA,INGO
2026-04,Khartoum,Um Bada,Nutrition,Relief International,RI,INGO
2026-04,Khartoum,Um Bada,Nutrition,Medical Teams International,MTI,INGO
2026-04,Central Darfur,Gharb Jabal Marrah,Nutrition,Islamic Relief Worldwide,IRW,INGO
2026-04,Khartoum,Sharg An Neel,Nutrition,Medair,Medair,INGO
2026-04,Khartoum,Sharg An Neel,Nutrition,International Medical Corps,IMC,INGO
2026-04,Khartoum,Sharg An Neel,Nutrition,CARE International in Sudan,CARE,INGO
2026-04,Khartoum,Khartoum,Nutrition,Relief International,RI,INGO
2026-04,Khartoum,Khartoum,Nutrition,Premiere Urgence Internationale,PUI,INGO
2026-04,Khartoum,Khartoum,Nutrition,CARE International in Sudan,CARE,INGO
2026-04,Khartoum,Karrari,Nutrition,Relief International,RI,INGO
2026-04,Khartoum,Karrari,Nutrition,Premiere Urgence Internationale,PUI,INGO
2026-04,Khartoum,Karrari,Nutrition,International Rescue Committee,IRC,INGO
2026-04,Khartoum,Karrari,Nutrition,CARE International in Sudan,CARE,INGO
2026-04,Khartoum,Jebel Awlia,Nutrition,World Relief,WR,INGO
2026-04,Khartoum,Jebel Awlia,Nutrition,Relief International,RI,INGO
2026-04,Khartoum,Jebel Awlia,Nutrition,Premiere Urgence Internationale,PUI,INGO
2026-04,Khartoum,Jebel Awlia,Nutrition,CARE International in Sudan,CARE,INGO
2026-04,Kassala,Reifi Wad Elhilaiw,Nutrition,CARE International in Sudan,CARE,INGO
2026-04,Kassala,Reifi Hamashkureib,Nutrition,Samaritan's Purse,SP,INGO
2026-04,Kassala,Reifi Aroma,Nutrition,CARE International in Sudan,CARE,INGO
2026-04,Kassala,Madeinat Kassala,Nutrition,CARE International in Sudan,CARE,INGO
2026-04,Kassala,Madeinat Kassala,Nutrition,WE ARE ALIGHT,ALIGHT,INGO
2026-04,Gedaref,Wasat Al Gedaref,Nutrition,Save the Children International,SCI,INGO
2026-04,South Darfur,Nyala Shimal,Nutrition,International Medical Corps,IMC,INGO
2026-04,Gedaref,Wasat Al Gedaref,Nutrition,WE ARE ALIGHT,ALIGHT,INGO
2026-04,North Darfur,At Tina,Nutrition,Humanity for Development and Prosperity Organization,HDPO,NNGO
2026-04,Gedaref,Madeinat Al Gedaref,Nutrition,Save the Children International,SCI,INGO
2026-04,Gedaref,Madeinat Al Gedaref,Nutrition,Medical Teams International,MTI,INGO
2026-04,Gedaref,Galabat Ash-Shargiah,Nutrition,Medical Teams International,MTI,INGO
2026-04,Gedaref,Galabat Ash-Shargiah,Nutrition,Welthungerhilfe (German Agro Action),WHH,INGO
2026-04,Gedaref,Gala'a Al Nahal,Nutrition,Save the Children International,SCI,INGO
2026-04,Gedaref,Ar Rahad-GD,Nutrition,Medical Teams International,MTI,INGO
2026-04,Gedaref,Al Mafaza,Nutrition,Medical Teams International,MTI,INGO
2026-04,Gedaref,Al Mafaza,Nutrition,International Rescue Committee,IRC,INGO
2026-04,Gedaref,Al Mafaza,Nutrition,Welthungerhilfe (German Agro Action),WHH,INGO
2026-04,Gedaref,Al Galabat Al Gharbyah - Kassab,Nutrition,Save the Children International,SCI,INGO
2026-04,Gedaref,Al Galabat Al Gharbyah - Kassab,Nutrition,Medical Teams International,MTI,INGO
2026-04,Gedaref,Al Fashaga,Nutrition,Medical Teams International,MTI,INGO
2026-04,East Darfur,Yassin,Nutrition,CARE International in Sudan,CARE,INGO
2026-04,East Darfur,Yassin,Nutrition,WE ARE ALIGHT,ALIGHT,INGO
2026-04,East Darfur,Shia'ria,Nutrition,WE ARE ALIGHT,ALIGHT,INGO
2026-04,East Darfur,Bahr Al Arab,Nutrition,CARE International in Sudan,CARE,INGO
2026-04,East Darfur,Assalaya,Nutrition,CARE International in Sudan,CARE,INGO
2026-04,East Darfur,Assalaya,Nutrition,WE ARE ALIGHT,ALIGHT,INGO
2026-04,East Darfur,Al Firdous,Nutrition,CARE International in Sudan,CARE,INGO
2026-04,East Darfur,Adila,Nutrition,WE ARE ALIGHT,ALIGHT,INGO
2026-04,East Darfur,Ad Du'ayn,Nutrition,CARE International in Sudan,CARE,INGO
2026-04,East Darfur,Ad Du'ayn,Nutrition,WE ARE ALIGHT,ALIGHT,INGO
2026-04,East Darfur,Abu Karinka,Nutrition,CARE International in Sudan,CARE,INGO
2026-04,East Darfur,Abu Karinka,Nutrition,WE ARE ALIGHT,ALIGHT,INGO
2026-04,East Darfur,Abu Jabrah,Nutrition,CARE International in Sudan,CARE,INGO
2026-04,East Darfur,Abu Jabrah,Nutrition,WE ARE ALIGHT,ALIGHT,INGO
2026-04,Central Darfur,Zalingi,Nutrition,World Relief,WR,INGO
2026-04,Central Darfur,Zalingi,Nutrition,Premiere Urgence Internationale,PUI,INGO
2026-04,Central Darfur,Zalingi,Nutrition,Action Against Hunger,AAH,INGO
2026-04,Central Darfur,Wasat Jabal Marrah,Nutrition,World Relief,WR,INGO
2026-04,Central Darfur,Wasat Jabal Marrah,Nutrition,International Medical Corps,IMC,INGO
2026-04,Central Darfur,Wasat Jabal Marrah,Nutrition,Catholic Relief Services,CRS,INGO
2026-04,Central Darfur,Wadi Salih,Nutrition,World Relief,WR,INGO
2026-04,Central Darfur,Wadi Salih,Nutrition,Action Against Hunger,AAH,INGO
2026-04,Central Darfur,Um Dukhun,Nutrition,World Relief,WR,INGO
2026-04,Central Darfur,Um Dukhun,Nutrition,International Medical Corps,IMC,INGO
2026-04,Central Darfur,Um Dukhun,Nutrition,Catholic Relief Services,CRS,INGO
2026-04,Central Darfur,Shamal Jabal Marrah,Nutrition,World Relief,WR,INGO
2026-04,Central Darfur,Shamal Jabal Marrah,Nutrition,Catholic Relief Services,CRS,INGO
2026-04,Gedaref,Al Mafaza,Nutrition,CARE International in Sudan,CARE,INGO
2026-04,Central Darfur,Gharb Jabal Marrah,Nutrition,World Relief,WR,INGO
2026-04,Central Darfur,Gharb Jabal Marrah,Nutrition,Catholic Relief Services,CRS,INGO
2026-04,Central Darfur,Gharb Jabal Marrah,Nutrition,Action Against Hunger,AAH,INGO
2026-04,Central Darfur,Bendasi,Nutrition,Catholic Relief Services,CRS,INGO
2026-04,Central Darfur,Azum,Nutrition,World Relief,WR,INGO
2026-04,Central Darfur,Azum,Nutrition,Premiere Urgence Internationale,PUI,INGO
2026-04,Central Darfur,Azum,Nutrition,Concern WorldWide,CWW,INGO
2026-04,Blue Nile,Wad Al Mahi,Nutrition,World Relief,WR,INGO
2026-04,Blue Nile,Wad Al Mahi,Nutrition,International Rescue Committee,IRC,INGO
2026-04,Blue Nile,Geisan,Nutrition,Save the Children International,SCI,INGO
2026-04,Blue Nile,Ed Damazine,Nutrition,World Relief,WR,INGO
2026-04,Blue Nile,Ed Damazine,Nutrition,Save the Children International,SCI,INGO
2026-04,Blue Nile,Ed Damazine,Nutrition,Pan Health Care Organization,PHCO,NNGO
2026-04,Blue Nile,Baw,Nutrition,Save the Children International,SCI,INGO
2026-04,Blue Nile,Baw,Nutrition,International Rescue Committee,IRC,INGO
2026-04,Blue Nile,Ar Rusayris,Nutrition,World Relief,WR,INGO
2026-04,Blue Nile,Ar Rusayris,Nutrition,Save the Children International,SCI,INGO
2026-04,Blue Nile,Ar Rusayris,Nutrition,International Rescue Committee,IRC,INGO
2026-04,Aj Jazirah,Um Algura,Nutrition,Muslim Aid Sudan,MAS,INGO
2026-04,Aj Jazirah,Sharg Al Jazirah,Nutrition,Relief International,RI,INGO
2026-04,Aj Jazirah,Sharg Al Jazirah,Nutrition,Muslim Aid Sudan,MAS,INGO
2026-04,Aj Jazirah,Sharg Al Jazirah,Nutrition,International Rescue Committee,IRC,INGO
2026-04,Aj Jazirah,Sharg Al Jazirah,Nutrition,Building Foundation for Development,BFD,NNGO
2026-04,Aj Jazirah,Medani Al Kubra,Nutrition,Relief International,RI,INGO
2026-04,Aj Jazirah,Medani Al Kubra,Nutrition,Muslim Aid Sudan,MAS,INGO
2026-04,Aj Jazirah,Medani Al Kubra,Nutrition,International Rescue Committee,IRC,INGO
2026-04,Aj Jazirah,Medani Al Kubra,Nutrition,Building Foundation for Development,BFD,NNGO
2026-04,Aj Jazirah,Medani Al Kubra,Nutrition,WE ARE ALIGHT,ALIGHT,INGO
2026-04,Aj Jazirah,Janub Al Jazirah,Nutrition,Relief International,RI,INGO
2026-04,Aj Jazirah,Janub Al Jazirah,Nutrition,Muslim Aid Sudan,MAS,INGO
2026-04,Aj Jazirah,Janub Al Jazirah,Nutrition,International Rescue Committee,IRC,INGO
2026-04,Aj Jazirah,Al Qurashi,Nutrition,Muslim Aid Sudan,MAS,INGO
2026-04,Aj Jazirah,Al Manaqil,Nutrition,Relief International,RI,INGO
2026-04,Aj Jazirah,Al Manaqil,Nutrition,Muslim Aid Sudan,MAS,INGO
2026-04,Aj Jazirah,Al Kamlin,Nutrition,Muslim Aid Sudan,MAS,INGO
2026-04,Aj Jazirah,Al Kamlin,Nutrition,CARE International in Sudan,CARE,INGO
2026-04,Aj Jazirah,Al Hasahisa,Nutrition,Muslim Aid Sudan,MAS,INGO
2026-04,Aj Jazirah,Al Hasahisa,Nutrition,International Rescue Committee,IRC,INGO
2026-04,Gedaref,Madeinat Al Gedaref,Food Security and Livelihoods,Save the Children International,SCI,INGO
2026-04,Central Darfur,Wasat Jabal Marrah,Coordination and Common Services,Save the Children International,SCI,INGO
2026-04,Central Darfur,Shamal Jabal Marrah,Coordination and Common Services,Save the Children International,SCI,INGO
2026-04,White Nile,Al Gitaina,Food Security and Livelihoods,Humanitarian Assistance Program,ASSIST,INGO
2026-04,North Darfur,Tawila,Coordination and Common Services,Save the Children International,SCI,INGO
2026-04,White Nile,Rabak,Food Security and Livelihoods,Humanitarian Assistance Program,ASSIST,INGO
2026-04,White Nile,Guli,Food Security and Livelihoods,Humanitarian Assistance Program,ASSIST,INGO
2026-04,Blue Nile,Ed Damazine,Food Security and Livelihoods,Practical Action Sudan,PA,INGO
2026-04,North Darfur,Tawila,Coordination and Common Services,AAR JAPAN,AAR JAPAN,INGO
2026-04,Blue Nile,Wad Al Mahi,Food Security and Livelihoods,Practical Action Sudan,PA,INGO
2026-04,Red Sea,Sawakin,Food Security and Livelihoods,Betay Development Organization,BDO,NNGO
2026-04,Red Sea,Haya,Food Security and Livelihoods,Betay Development Organization,BDO,NNGO
2026-04,Red Sea,Tawkar,Food Security and Livelihoods,Betay Development Organization,BDO,NNGO
2026-04,North Darfur,Tawila,Site Management,Norwegian Refugee Council,NRC,INGO
2026-04,Gedaref,Al Galabat Al Gharbyah - Kassab,Site Management,Agency for Technical Cooperation and Development,ACTED,INGO
2026-04,Gedaref,Wasat Al Gedaref,Site Management,Agency for Technical Cooperation and Development,ACTED,INGO
2026-04,White Nile,Kosti,Site Management,Agency for Technical Cooperation and Development,ACTED,INGO
2026-04,Blue Nile,Baw,Site Management,Agency for Technical Cooperation and Development,ACTED,INGO
2026-04,White Nile,Aj Jabalain,Site Management,Agency for Technical Cooperation and Development,ACTED,INGO
2026-04,Gedaref,Madeinat Al Gedaref,Site Management,Agency for Technical Cooperation and Development,ACTED,INGO
2026-04,Gedaref,Al Galabat Al Gharbyah - Kassab,Site Management,Danish Refugee Council,DRC,INGO
2026-04,Gedaref,Wasat Al Gedaref,Site Management,Danish Refugee Council,DRC,INGO
2026-04,Gedaref,Al Fashaga,Site Management,Danish Refugee Council,DRC,INGO
2026-04,North Darfur,Tawila,Health,CARE International in Sudan,CARE,INGO
2026-04,Gedaref,Al Fao,Food Security and Livelihoods,Friends of Peace & Development Organization,FPDO,NNGO
2026-04,Gedaref,Al Fashaga,Food Security and Livelihoods,Friends of Peace & Development Organization,FPDO,NNGO
2026-04,South Kordofan,At Tadamon - SK,Health,CARE International in Sudan,CARE,INGO
2026-04,South Kordofan,Abassiya,Health,CARE International in Sudan,CARE,INGO
2026-04,South Darfur,Beliel,Health,CARE International in Sudan,CARE,INGO
2026-04,South Darfur,Sharg Aj Jabal,Health,CARE International in Sudan,CARE,INGO
2026-04,South Darfur,Kas,Health,CARE International in Sudan,CARE,INGO
2026-04,Khartoum,Jebel Awlia,Health,CARE International in Sudan,CARE,INGO
2026-04,Khartoum,Um Durman,Health,CARE International in Sudan,CARE,INGO
2026-04,Aj Jazirah,Medani Al Kubra,Health,CARE International in Sudan,CARE,INGO
2026-04,South Kordofan,Ar Rashad,Food Security and Livelihoods,CARE International in Sudan,CARE,INGO
2026-04,South Kordofan,Abu Jubayhah,Food Security and Livelihoods,CARE International in Sudan,CARE,INGO
2026-04,East Darfur,Abu Karinka,Food Security and Livelihoods,CARE International in Sudan,CARE,INGO
2026-04,East Darfur,Al Firdous,Food Security and Livelihoods,World Vision International,WVI,INGO
2026-04,East Darfur,Ad Du'ayn,Food Security and Livelihoods,CARE International in Sudan,CARE,INGO
2026-04,East Darfur,Ad Du'ayn,Food Security and Livelihoods,World Vision International,WVI,INGO
2026-04,South Kordofan,Ghadeer,Food Security and Livelihoods,CARE International in Sudan,CARE,INGO
2026-04,Blue Nile,Wad Al Mahi,Food Security and Livelihoods,World Vision International,WVI,INGO
2026-04,Blue Nile,Geisan,Food Security and Livelihoods,World Vision International,WVI,INGO
2026-04,Blue Nile,Ar Rusayris,Food Security and Livelihoods,World Vision International,WVI,INGO
2026-04,South Darfur,Beliel,Food Security and Livelihoods,World Vision International,WVI,INGO
2026-04,Khartoum,Khartoum,Food Security and Livelihoods,Humanitarian Relief Foundation,IHH,INGO
2026-04,North Darfur,Tawila,Food Security and Livelihoods,Catholic Relief Services,CRS,INGO
2026-04,Central Darfur,Shamal Jabal Marrah,Food Security and Livelihoods,Catholic Relief Services,CRS,INGO
2026-04,Central Darfur,Wasat Jabal Marrah,Food Security and Livelihoods,Catholic Relief Services,CRS,INGO
2026-04,Central Darfur,Um Dukhun,Food Security and Livelihoods,Catholic Relief Services,CRS,INGO
2026-04,Central Darfur,Zalingi,Food Security and Livelihoods,Catholic Relief Services,CRS,INGO
2026-04,East Darfur,Shia'ria,Food Security and Livelihoods,Catholic Relief Services,CRS,INGO
2026-04,East Darfur,Ad Du'ayn,Food Security and Livelihoods,Catholic Relief Services,CRS,INGO
2026-04,North Darfur,Tawila,Food Security and Livelihoods,World Relief,WR,INGO
2026-04,West Darfur,Ag Geneina,Food Security and Livelihoods,World Relief,WR,INGO
2026-04,Central Darfur,Azum,Food Security and Livelihoods,World Relief,WR,INGO
2026-04,Gedaref,Al Fashaga,Health,Medical Teams International,MTI,INGO
2026-04,Gedaref,Al Mafaza,Health,Medical Teams International,MTI,INGO
2026-04,Gedaref,Basundah,Health,Medical Teams International,MTI,INGO
2026-04,Gedaref,Galabat Ash-Shargiah,Health,Medical Teams International,MTI,INGO
2026-04,Central Darfur,Wadi Salih,Food Security and Livelihoods,Catholic Relief Services,CRS,INGO
2026-04,Central Darfur,Mukjar,Food Security and Livelihoods,Catholic Relief Services,CRS,INGO
2026-04,West Darfur,Foro Baranga,Food Security and Livelihoods,Catholic Relief Services,CRS,INGO
2026-04,West Darfur,Habila - WD,Food Security and Livelihoods,Catholic Relief Services,CRS,INGO
2026-04,South Darfur,Tulus,Health,Medair,Medair,INGO
2026-04,West Kordofan,As Salam - WK,Health,WE ARE ALIGHT,ALIGHT,INGO
2026-04,South Darfur,Nyala Shimal,Health,Medair,Medair,INGO
2026-04,Khartoum,Karrari,Food Security and Livelihoods,Alegtinam Human Development Organization,AHDO,INGO
2026-04,Khartoum,Um Durman,Food Security and Livelihoods,Alegtinam Human Development Organization,AHDO,INGO
2026-04,Khartoum,Sharg An Neel,Food Security and Livelihoods,Alegtinam Human Development Organization,AHDO,INGO
2026-04,Khartoum,Bahri,Food Security and Livelihoods,Alegtinam Human Development Organization,AHDO,INGO
2026-04,Khartoum,Um Bada,Food Security and Livelihoods,Alegtinam Human Development Organization,AHDO,INGO
2026-04,Khartoum,Khartoum,Food Security and Livelihoods,Alegtinam Human Development Organization,AHDO,INGO
2026-04,Khartoum,Jebel Awlia,Food Security and Livelihoods,Alegtinam Human Development Organization,AHDO,INGO
2026-04,White Nile,Rabak,Food Security and Livelihoods,Alegtinam Human Development Organization,AHDO,INGO
2026-04,White Nile,Al Gitaina,Food Security and Livelihoods,Alegtinam Human Development Organization,AHDO,INGO
2026-04,White Nile,Aj Jabalain,Food Security and Livelihoods,Alegtinam Human Development Organization,AHDO,INGO
2026-04,Sennar,As Suki,Food Security and Livelihoods,Alegtinam Human Development Organization,AHDO,INGO
2026-04,Aj Jazirah,Al Hasahisa,Food Security and Livelihoods,Alegtinam Human Development Organization,AHDO,INGO
2026-04,Aj Jazirah,Al Manaqil,Food Security and Livelihoods,Alegtinam Human Development Organization,AHDO,INGO
2026-04,Aj Jazirah,Janub Al Jazirah,Food Security and Livelihoods,Alegtinam Human Development Organization,AHDO,INGO
2026-04,West Darfur,Habila - WD,Health,World Relief,WR,INGO
2026-04,West Darfur,Sirba,Health,World Relief,WR,INGO
2026-04,Khartoum,Khartoum,Health,EMERGENCY NGO,EMERGENCY NGO,INGO
2026-04,Khartoum,Jebel Awlia,Health,EMERGENCY NGO,EMERGENCY NGO,INGO
2026-04,Red Sea,Port Sudan,Health,EMERGENCY NGO,EMERGENCY NGO,INGO
2026-04,Kassala,Madeinat Kassala,Health,WE ARE ALIGHT,ALIGHT,INGO
2026-04,North Darfur,Tawila,Health,WE ARE ALIGHT,ALIGHT,INGO
2026-04,South Darfur,Kubum,Health,WE ARE ALIGHT,ALIGHT,INGO
2026-04,South Darfur,Ed Al Fursan,Health,WE ARE ALIGHT,ALIGHT,INGO
2026-04,South Darfur,As Sunta,Health,WE ARE ALIGHT,ALIGHT,INGO
2026-04,South Darfur,Nyala Janoub,Health,WE ARE ALIGHT,ALIGHT,INGO
2026-04,South Darfur,Nyala Shimal,Health,WE ARE ALIGHT,ALIGHT,INGO
2026-04,South Darfur,Buram,Health,WE ARE ALIGHT,ALIGHT,INGO
2026-04,South Darfur,Gereida,Health,WE ARE ALIGHT,ALIGHT,INGO
2026-04,South Darfur,Beliel,Health,WE ARE ALIGHT,ALIGHT,INGO
2026-04,South Darfur,Sharg Aj Jabal,Health,WE ARE ALIGHT,ALIGHT,INGO
2026-04,South Darfur,As Salam - SD,Health,WE ARE ALIGHT,ALIGHT,INGO
2026-04,South Darfur,As Salam - SD,Food Security and Livelihoods,WE ARE ALIGHT,ALIGHT,INGO
2026-04,South Darfur,Beliel,Health,International Medical Corps,IMC,INGO
2026-04,West Darfur,Habila - WD,Food Security and Livelihoods,Veterinaires Sans Frontières Germany,VSF-G,INGO
2026-04,South Darfur,Nyala Shimal,Health,EMERGENCY NGO,EMERGENCY NGO,INGO
2026-04,West Darfur,Ag Geneina,Food Security and Livelihoods,Adventist Development and Relief Agency,ADRA,INGO
2026-04,West Darfur,Kereneik,Food Security and Livelihoods,Adventist Development and Relief Agency,ADRA,INGO
2026-04,West Darfur,Jebel Moon,Food Security and Livelihoods,Adventist Development and Relief Agency,ADRA,INGO
2026-04,Kassala,Reifi Nahr Atbara,Food Security and Livelihoods,Food Security Technical Secretariat,FSTS,NNGO
2026-04,Kassala,Reifi Aroma,Food Security and Livelihoods,Food Security Technical Secretariat,FSTS,NNGO
2026-04,Kassala,Reifi Shamal Ad Delta,Food Security and Livelihoods,Food Security Technical Secretariat,FSTS,NNGO
2026-04,Kassala,Reifi Kassla,Food Security and Livelihoods,Food Security Technical Secretariat,FSTS,NNGO
2026-04,Kassala,Reifi Khashm Elgirba,Food Security and Livelihoods,Food Security Technical Secretariat,FSTS,NNGO
2026-04,Kassala,Reifi Gharb Kassala,Food Security and Livelihoods,Food Security Technical Secretariat,FSTS,NNGO
2026-04,White Nile,Um Rimta,Food Security and Livelihoods,Humanitarian Assistance Program,ASSIST,INGO
2026-04,White Nile,Aj Jabalain,Food Security and Livelihoods,Humanitarian Assistance Program,ASSIST,INGO
2026-04,East Darfur,Ad Du'ayn,Protection,WE ARE ALIGHT,ALIGHT,INGO
2026-04,North Darfur,Kebkabiya,Protection,Kabkabiya Small holders Charitable Society,KSCS,NNGO
2026-04,West Kordofan,Keilak,Protection,WE ARE ALIGHT,ALIGHT,INGO
2026-04,West Kordofan,As Salam - WK,Protection,WE ARE ALIGHT,ALIGHT,INGO
2026-04,Khartoum,Sharg An Neel,Protection,Relief International,RI,INGO
2026-04,Gedaref,Al Mafaza,Protection,International Rescue Committee,IRC,INGO
2026-04,Northern,Ad Dabbah,Protection,Relief International,RI,INGO
2026-04,North Darfur,As Serief,Protection,Kabkabiya Small holders Charitable Society,KSCS,NNGO
2026-04,Gedaref,Al Galabat Al Gharbyah - Kassab,Protection,Danish Refugee Council,DRC,INGO
2026-04,White Nile,Rabak,Protection,International Rescue Committee,IRC,INGO
2026-04,Red Sea,Sawakin,Protection,WE ARE ALIGHT,ALIGHT,INGO
2026-04,Red Sea,Port Sudan,Protection,JASMAR Human Security Organization,JHSO,NNGO
2026-04,White Nile,Kosti,Protection,International Rescue Committee,IRC,INGO
2026-04,Kassala,Madeinat Kassala,Protection,JASMAR Human Security Organization,JHSO,NNGO
2026-04,North Darfur,Tawila,Protection,Friends of Peace & Development Organization,FPDO,NNGO
2026-04,Gedaref,Wasat Al Gedaref,Protection,International Rescue Committee,IRC,INGO
2026-04,Central Darfur,Um Dukhun,Protection,World Relief,WR,INGO
2026-04,Gedaref,Al Galabat Al Gharbyah - Kassab,Protection,Agency for Technical Cooperation and Development,ACTED,INGO
2026-04,Red Sea,Port Sudan,Protection,WE ARE ALIGHT,ALIGHT,INGO
2026-04,Khartoum,Bahri,Protection,Danish Refugee Council,DRC,INGO
2026-04,Khartoum,Khartoum,Protection,Agency for Technical Cooperation and Development,ACTED,INGO
2026-04,White Nile,Kosti,Protection,Agency for Technical Cooperation and Development,ACTED,INGO
2026-04,Northern,Al Burgaig,Protection,Relief International,RI,INGO
2026-04,Khartoum,Jebel Awlia,Protection,Danish Refugee Council,DRC,INGO
2026-04,South Kordofan,Abu Jubayhah,Protection,World Vision International,WVI,INGO
2026-04,Kassala,Madeinat Kassala,Protection,WE ARE ALIGHT,ALIGHT,INGO
2026-04,Kassala,Halfa Aj Jadeedah,Protection,WE ARE ALIGHT,ALIGHT,INGO
2026-04,White Nile,Aj Jabalain,Protection,Agency for Technical Cooperation and Development,ACTED,INGO
2026-04,Gedaref,Wasat Al Gedaref,Protection,Danish Refugee Council,DRC,INGO
2026-04,Central Darfur,Gharb Jabal Marrah,Protection,Danish Refugee Council,DRC,INGO
2026-04,Gedaref,Wasat Al Gedaref,Protection,Norwegian Church Aid,NCA,INGO
2026-04,Blue Nile,Ed Damazine,Protection,Sudan Social Development Organization,SSDO,NNGO
2026-04,Blue Nile,Baw,Protection,Sudan Social Development Organization,SSDO,NNGO
2026-04,Northern,Halfa,Protection,Relief International,RI,INGO
2026-04,Gedaref,Al Mafaza,Protection,Norwegian Church Aid,NCA,INGO
2026-04,South Darfur,Nyala Janoub,Protection,World Vision International,WVI,INGO
2026-04,Blue Nile,Ar Rusayris,Protection,United Nations Children's Fund,UNICEF,UN Agency
2026-04,West Darfur,Ag Geneina,Protection,World Relief,WR,INGO
2026-04,Khartoum,Jebel Awlia,Protection,World Relief,WR,INGO
2026-04,South Kordofan,Dilling,Protection,LM International (formerly known as International Aid Services),LM/IAS,INGO
2026-04,North Darfur,Saraf Omra,Protection,Kabkabiya Small holders Charitable Society,KSCS,NNGO
2026-04,North Darfur,Dar As Salam,Protection,Friends of Peace & Development Organization,FPDO,NNGO
2026-04,Gedaref,Galabat Ash-Shargiah,Protection,Norwegian Church Aid,NCA,INGO
2026-04,Kassala,Reifi Aroma,Protection,Norwegian Church Aid,NCA,INGO
2026-04,Kassala,Madeinat Kassala,Protection,Norwegian Church Aid,NCA,INGO
2026-04,Sennar,Abu Hujar,Protection,Save the Children International,SCI,INGO
2026-04,Gedaref,Al Galabat Al Gharbyah - Kassab,Protection,United Nations Population Fund,UNFPA,UN Agency
2026-04,Khartoum,Um Bada,Protection,Save the Children International,SCI,INGO
2026-04,North Darfur,Tawila,Protection,Catholic Agency for Overseas Development,CAFOD,INGO
2026-04,River Nile,Atbara,Protection,International Rescue Committee,IRC,INGO
2026-04,South Darfur,Kas,Protection,United Nations High Commissioner for Refugees,UNHCR,UN Agency
2026-04,Khartoum,Khartoum,Protection,Danish Refugee Council,DRC,INGO
2026-04,White Nile,Al Gitaina,Protection,Danish Refugee Council,DRC,INGO
2026-04,Kassala,Madeinat Kassala,Protection,Danish Refugee Council,DRC,INGO
2026-04,West Darfur,Sirba,Protection,United Nations High Commissioner for Refugees,UNHCR,UN Agency
2026-04,Central Darfur,Wadi Salih,Protection,United Nations High Commissioner for Refugees,UNHCR,UN Agency
2026-04,North Darfur,As Serief,Protection,United Nations High Commissioner for Refugees,UNHCR,UN Agency
2026-04,East Darfur,Ad Du'ayn,Protection,World Vision International,WVI,INGO
2026-04,Khartoum,Um Durman,Protection,Danish Refugee Council,DRC,INGO
2026-04,East Darfur,Al Firdous,Protection,World Vision International,WVI,INGO
2026-04,West Kordofan,Al Idia,Protection,WE ARE ALIGHT,ALIGHT,INGO
2026-04,East Darfur,Bahr Al Arab,Protection,World Vision International,WVI,INGO
2026-04,East Darfur,Shia'ria,Protection,WE ARE ALIGHT,ALIGHT,INGO
2026-04,East Darfur,Yassin,Protection,WE ARE ALIGHT,ALIGHT,INGO
2026-04,North Kordofan,Sheikan,Protection,Save the Children International,SCI,INGO
2026-04,South Darfur,Nyala Janoub,Protection,Women for Peace and Development Organization,WPDO,NNGO
2026-04,White Nile,Rabak,Protection,Danish Refugee Council,DRC,INGO
2026-04,Sennar,Sinja,Protection,Save the Children International,SCI,INGO
2026-04,North Darfur,Kutum,Protection,United Nations High Commissioner for Refugees,UNHCR,UN Agency
2026-04,White Nile,Kosti,Protection,Danish Refugee Council,DRC,INGO
2026-04,Blue Nile,Wad Al Mahi,Protection,International Rescue Committee,IRC,INGO
2026-04,Blue Nile,Baw,Protection,International Rescue Committee,IRC,INGO
2026-04,River Nile,Ad Damar,Protection,Save the Children International,SCI,INGO
2026-04,Gedaref,Galabat Ash-Shargiah,Protection,Friends of Peace & Development Organization,FPDO,NNGO
2026-04,North Darfur,Melit,Protection,Cooperazione Internazionale,COOPI,INGO
2026-04,Central Darfur,Bendasi,Protection,United Nations High Commissioner for Refugees,UNHCR,UN Agency
2026-04,Blue Nile,Ar Rusayris,Protection,International Rescue Committee,IRC,INGO
2026-04,Red Sea,Port Sudan,Protection,Save the Children International,SCI,INGO
2026-04,White Nile,Aj Jabalain,Protection,Danish Refugee Council,DRC,INGO
2026-04,River Nile,Shendi,Protection,International Rescue Committee,IRC,INGO
2026-04,Aj Jazirah,Janub Al Jazirah,Protection,Danish Refugee Council,DRC,INGO
2026-04,Gedaref,Wasat Al Gedaref,Protection,Agency for Technical Cooperation and Development,ACTED,INGO
2026-04,North Darfur,Kernoi,Protection,United Nations High Commissioner for Refugees,UNHCR,UN Agency
2026-04,East Darfur,Shia'ria,Protection,World Vision International,WVI,INGO
2026-04,Aj Jazirah,Medani Al Kubra,Protection,Save the Children International,SCI,INGO
2026-04,Gedaref,Al Galabat Al Gharbyah - Kassab,Protection,Norwegian Church Aid,NCA,INGO
2026-04,South Darfur,Nyala Shimal,Protection,World Vision International,WVI,INGO
2026-04,South Darfur,Beliel,Protection,World Vision International,WVI,INGO
2026-04,West Kordofan,An Nuhud,Protection,Islamic Relief Worldwide,IRW,INGO
2026-04,North Darfur,Al Fasher,Protection,United Nations High Commissioner for Refugees,UNHCR,UN Agency
2026-04,North Darfur,Um Kadadah,Protection,United Nations High Commissioner for Refugees,UNHCR,UN Agency
2026-04,East Darfur,Abu Jabrah,Protection,United Nations High Commissioner for Refugees,UNHCR,UN Agency
2026-04,South Darfur,Beliel,Protection,United Nations High Commissioner for Refugees,UNHCR,UN Agency
2026-04,South Darfur,Buram,Protection,United Nations High Commissioner for Refugees,UNHCR,UN Agency
2026-04,West Darfur,Jebel Moon,Protection,United Nations High Commissioner for Refugees,UNHCR,UN Agency
2026-04,Gedaref,Madeinat Al Gedaref,Protection,Norwegian Church Aid,NCA,INGO
2026-04,North Darfur,Tawila,Protection,Save the Children International,SCI,INGO
2026-04,Khartoum,Um Bada,Protection,Relief International,RI,INGO
2026-04,Central Darfur,Wasat Jabal Marrah,Protection,Danish Refugee Council,DRC,INGO
2026-04,Khartoum,Bahri,Protection,NADA Elazhar for Disaster Privention and Sustainable Development,NADA,NNGO
2026-04,Central Darfur,Zalingi,Protection,Norwegian Refugee Council,NRC,INGO
2026-04,Central Darfur,Wadi Salih,Protection,Action Against Hunger,AAH,INGO
2026-04,Blue Nile,Ed Damazine,Protection,Pan Health Care Organization,PHCO,NNGO
2026-04,Gedaref,Al Mafaza,Protection,Friends of Peace & Development Organization,FPDO,NNGO
2026-04,Aj Jazirah,Al Hasahisa,Protection,Danish Refugee Council,DRC,INGO
2026-04,West Darfur,Kereneik,Protection,United Nations High Commissioner for Refugees,UNHCR,UN Agency
2026-04,East Darfur,Al Firdous,Protection,United Nations High Commissioner for Refugees,UNHCR,UN Agency
2026-04,West Darfur,Sirba,Protection,World Relief,WR,INGO
2026-04,Central Darfur,Um Dukhun,Protection,Danish Refugee Council,DRC,INGO
2026-04,West Darfur,Habila - WD,Protection,World Relief,WR,INGO
2026-04,White Nile,Kosti,Protection,Action against hunger - Spain,ACF -Spain,INGO
2026-04,Aj Jazirah,Sharg Al Jazirah,Protection,Danish Refugee Council,DRC,INGO
2026-04,Blue Nile,Ed Damazine,Protection,CAFA Development Organization,CAFA,NNGO
2026-04,Northern,Al Golid,Protection,Relief International,RI,INGO
2026-04,Red Sea,Port Sudan,Protection,Islamic Relief Worldwide,IRW,INGO
2026-04,Gedaref,Al Fao,Protection,International Rescue Committee,IRC,INGO
2026-04,North Darfur,Melit,Protection,Humanity for Development and Prosperity Organization,HDPO,NNGO
2026-04,Aj Jazirah,Sharg Al Jazirah,Protection,Agency for Technical Cooperation and Development,ACTED,INGO
2026-04,Blue Nile,Ed Damazine,Protection,United Nations Children's Fund,UNICEF,UN Agency
2026-04,Khartoum,Um Durman,Protection,Save the Children International,SCI,INGO
2026-04,North Darfur,Tawila,Protection,World Relief,WR,INGO
2026-04,Aj Jazirah,Um Algura,Protection,Danish Refugee Council,DRC,INGO
2026-04,Aj Jazirah,Al Kamlin,Protection,Danish Refugee Council,DRC,INGO
2026-04,Central Darfur,Shamal Jabal Marrah,Protection,United Nations High Commissioner for Refugees,UNHCR,UN Agency
2026-04,Gedaref,Gala'a Al Nahal,Protection,Danish Refugee Council,DRC,INGO
2026-04,North Darfur,At Tawisha,Protection,United Nations High Commissioner for Refugees,UNHCR,UN Agency
2026-04,West Darfur,Ag Geneina,Protection,United Nations High Commissioner for Refugees,UNHCR,UN Agency
2026-04,North Darfur,Tawila,Protection,Action Against Hunger,AAH,INGO
2026-04,Northern,Halfa,Protection,JASMAR Human Security Organization,JHSO,NNGO
2026-04,Gedaref,Madeinat Al Gedaref,Protection,Agency for Technical Cooperation and Development,ACTED,INGO
2026-04,White Nile,Kosti,Protection,Plan International,PI,INGO
2026-04,North Darfur,Tawila,Protection,United Nations High Commissioner for Refugees,UNHCR,UN Agency
2026-04,Sennar,Sharg Sennar,Protection,Save the Children International,SCI,INGO
2026-04,North Darfur,Saraf Omra,Protection,United Nations High Commissioner for Refugees,UNHCR,UN Agency
2026-04,East Darfur,Shia'ria,Protection,United Nations High Commissioner for Refugees,UNHCR,UN Agency
2026-04,North Darfur,Kelemando,Protection,United Nations High Commissioner for Refugees,UNHCR,UN Agency
2026-04,South Darfur,Nyala Shimal,Protection,United Nations High Commissioner for Refugees,UNHCR,UN Agency
2026-04,West Darfur,Foro Baranga,Protection,United Nations High Commissioner for Refugees,UNHCR,UN Agency
2026-04,Central Darfur,Azum,Protection,United Nations High Commissioner for Refugees,UNHCR,UN Agency
2026-04,Aj Jazirah,Medani Al Kubra,Protection,Islamic Relief Worldwide,IRW,INGO
2026-04,Central Darfur,Gharb Jabal Marrah,Protection,United Nations High Commissioner for Refugees,UNHCR,UN Agency
2026-04,Khartoum,Karrari,Protection,Save the Children International,SCI,INGO
2026-04,Blue Nile,Ed Damazine,Protection,Save the Children International,SCI,INGO
2026-04,White Nile,Rabak,Protection,Plan International,PI,INGO
2026-04,Gedaref,Madeinat Al Gedaref,Protection,United Nations Population Fund,UNFPA,UN Agency
2026-04,East Darfur,Ad Du'ayn,Protection,United Nations High Commissioner for Refugees,UNHCR,UN Agency
2026-04,South Darfur,Gereida,Protection,United Nations High Commissioner for Refugees,UNHCR,UN Agency
2026-04,West Darfur,Habila - WD,Protection,United Nations High Commissioner for Refugees,UNHCR,UN Agency
2026-04,Aj Jazirah,Medani Al Kubra,Protection,Danish Refugee Council,DRC,INGO
2026-04,North Darfur,Kelemando,Protection,Save the Children International,SCI,INGO
2026-04,South Kordofan,Abu Jubayhah,Protection,United Nations Children's Fund,UNICEF,UN Agency
2026-04,North Darfur,Dar As Salam,Protection,United Nations High Commissioner for Refugees,UNHCR,UN Agency
2026-04,North Darfur,Al Lait,Protection,United Nations High Commissioner for Refugees,UNHCR,UN Agency
2026-04,Central Darfur,Mukjar,Protection,United Nations High Commissioner for Refugees,UNHCR,UN Agency
2026-04,White Nile,Rabak,Protection,Healthcare Foundation Organization,HFO,INGO
2026-04,East Darfur,Abu Jabrah,Protection,World Vision International,WVI,INGO
2026-04,Gedaref,Wasat Al Gedaref,Protection,Save the Children International,SCI,INGO
2026-04,South Darfur,Kas,Protection,United Nations Children's Fund,UNICEF,UN Agency
2026-04,Central Darfur,Um Dukhun,Protection,United Nations High Commissioner for Refugees,UNHCR,UN Agency
2026-04,South Darfur,Mershing,Protection,LM International,LMI,INGO
2026-04,Central Darfur,Zalingi,Protection,United Nations High Commissioner for Refugees,UNHCR,UN Agency
2026-04,East Darfur,Ad Du'ayn,Protection,United Nations Population Fund,UNFPA,UN Agency
2026-04,West Darfur,Ag Geneina,Protection,Norwegian Refugee Council,NRC,INGO
2026-04,White Nile,Kosti,Protection,Friends of Peace & Development Organization,FPDO,NNGO
2026-04,West Kordofan,Al Meiram,Protection,WE ARE ALIGHT,ALIGHT,INGO
2026-04,Kassala,Reifi Kassla,Protection,JASMAR Human Security Organization,JHSO,NNGO
2026-04,River Nile,Ad Damar,Protection,International Rescue Committee,IRC,INGO
2026-04,Khartoum,Bahri,Protection,Save the Children International,SCI,INGO
2026-04,North Darfur,Melit,Protection,United Nations High Commissioner for Refugees,UNHCR,UN Agency
2026-04,Central Darfur,Wasat Jabal Marrah,Protection,United Nations High Commissioner for Refugees,UNHCR,UN Agency
2026-04,South Darfur,Sharg Aj Jabal,Protection,World Vision International,WVI,INGO
2026-04,North Darfur,Tawila,Protection,Action Contre la Faim (Action Against Hunger),ACF,INGO
2026-04,South Darfur,Mershing,Protection,United Nations High Commissioner for Refugees,UNHCR,UN Agency
2026-04,Northern,Dongola,Protection,NADA Elazhar for Disaster Privention and Sustainable Development,NADA,NNGO
2026-04,East Darfur,Assalaya,Protection,World Vision International,WVI,INGO
2026-04,Kassala,Madeinat Kassala,Protection,Woman and Child Care Organization,WCC,INGO
2026-04,North Darfur,Tawila,Protection,Nonviolent Peaceforce,NP,INGO
2026-04,South Kordofan,Abassiya,Food Security and Livelihoods,Save the Children International,SCI,INGO
2026-04,White Nile,Kosti,Food Security and Livelihoods,Danish Refugee Council,DRC,INGO
2026-04,East Darfur,Abu Jabrah,Food Security and Livelihoods,Hope and Friendship for Development Organization,HFDO,NNGO
2026-04,White Nile,Kosti,Food Security and Livelihoods,We Are All Values,WAVs,NNGO
2026-04,East Darfur,Yassin,Health,WE ARE ALIGHT,ALIGHT,INGO
2026-04,East Darfur,Adila,Health,WE ARE ALIGHT,ALIGHT,INGO
2026-04,East Darfur,Abu Karinka,Health,WE ARE ALIGHT,ALIGHT,INGO
2026-04,East Darfur,Assalaya,Health,WE ARE ALIGHT,ALIGHT,INGO
2026-04,East Darfur,Ad Du'ayn,Health,WE ARE ALIGHT,ALIGHT,INGO
2026-04,Khartoum,Um Durman,Health,Medical Teams International,MTI,INGO
2026-04,Khartoum,Sharg An Neel,Health,Medical Teams International,MTI,INGO
2026-04,Khartoum,Jebel Awlia,Health,Medical Teams International,MTI,INGO
2026-04,Khartoum,Bahri,Health,Medical Teams International,MTI,INGO
2026-04,Khartoum,Jebel Awlia,Health,World Relief,WR,INGO
2026-04,North Kordofan,Um Rawaba,Health,Plan International,PI,INGO
2026-04,North Kordofan,Ar Rahad-NK,Health,Plan International,PI,INGO
2026-04,South Kordofan,Dilling,Health,Plan International,PI,INGO
2026-04,North Kordofan,Sheikan,Health,Plan International,PI,INGO
2026-04,West Darfur,Beida,Health,Medair,Medair,INGO
2026-04,Central Darfur,Wasat Jabal Marrah,Food Security and Livelihoods,Danish Refugee Council,DRC,INGO
2026-04,Khartoum,Jebel Awlia,Health,Medair,Medair,INGO
2026-04,Central Darfur,Gharb Jabal Marrah,Food Security and Livelihoods,Danish Refugee Council,DRC,INGO
2026-04,Khartoum,Bahri,Health,Medair,Medair,INGO
2026-04,White Nile,Guli,Health,Action Against Hunger,AAH,INGO
2026-04,White Nile,Ad Diwaim,Health,Action Against Hunger,AAH,INGO
2026-04,Gedaref,Al Mafaza,Health,WE ARE ALIGHT,ALIGHT,INGO
2026-04,Kassala,Madeinat Kassala,Health,Sudanese Red Crescent Society,SRCS,Red Cross
2026-04,North Darfur,At Tina,Food Security and Livelihoods,Humanity for Development and Prosperity Organization,HDPO,NNGO
2026-04,West Kordofan,As Sunut,Food Security and Livelihoods,Sudanese Red Crescent Society,SRCS,Red Cross
2026-04,Sennar,Sharg Sennar,Food Security and Livelihoods,Sudanese Red Crescent Society,SRCS,Red Cross
2026-04,West Darfur,Ag Geneina,Health,International Medical Corps,IMC,INGO
2026-04,White Nile,Ad Diwaim,Food Security and Livelihoods,Sudanese Red Crescent Society,SRCS,Red Cross
2026-04,Kassala,Madeinat Kassala,Food Security and Livelihoods,Sudanese Red Crescent Society,SRCS,Red Cross
2026-04,West Kordofan,Al Lagowa,Food Security and Livelihoods,Sudanese Red Crescent Society,SRCS,Red Cross
2026-04,Northern,Merwoe,Health,Sahari Organization For Development,SAHARI,NNGO
2026-04,Central Darfur,Um Dukhun,Food Security and Livelihoods,Danish Refugee Council,DRC,INGO
2026-04,Aj Jazirah,Sharg Al Jazirah,Health,Building Foundation Development/Benna,BFD/B,INGO
2026-04,Aj Jazirah,Medani Al Kubra,Health,Building Foundation Development/Benna,BFD/B,INGO
2026-04,River Nile,Ad Damar,Food Security and Livelihoods,JASMAR Human Security Organization,JHSO,NNGO
2026-04,Kassala,Reifi Hamashkureib,Health,Samaritan's Purse,SP,INGO
2026-04,West Kordofan,An Nuhud,Health,Islamic Relief Worldwide,IRW,INGO
2026-04,North Darfur,Melit,Health,Humanity for Development and Prosperity Organization,HDPO,NNGO
2026-04,Gedaref,Al Qureisha,Food Security and Livelihoods,MERCY CORPS,MC,INGO
2026-04,Central Darfur,Wadi Salih,Health,World Relief,WR,INGO
2026-04,Kassala,Reifi Wad Elhilaiw,Food Security and Livelihoods,MERCY CORPS,MC,INGO
2026-04,Kassala,Halfa Aj Jadeedah,Food Security and Livelihoods,MERCY CORPS,MC,INGO
2026-04,Kassala,Madeinat Kassala,Food Security and Livelihoods,MERCY CORPS,MC,INGO
2026-04,Northern,Ad Dabbah,Food Security and Livelihoods,MERCY CORPS,MC,INGO
2026-04,Northern,Al Burgaig,Food Security and Livelihoods,MERCY CORPS,MC,INGO
2026-04,Northern,Dongola,Food Security and Livelihoods,MERCY CORPS,MC,INGO
2026-04,River Nile,Abu Hamad,Food Security and Livelihoods,JASMAR Human Security Organization,JHSO,NNGO
2026-04,North Kordofan,Um Rawaba,Food Security and Livelihoods,Community Organized Relief Effort,CORE,INGO
2026-04,North Kordofan,Ar Rahad-NK,Food Security and Livelihoods,Community Organized Relief Effort,CORE,INGO
2026-04,South Darfur,Sharg Aj Jabal,Food Security and Livelihoods,Norwegian Refugee Council,NRC,INGO
2026-04,North Darfur,Tawila,Health,World Relief,WR,INGO
2026-04,North Kordofan,Sheikan,Food Security and Livelihoods,Community Organized Relief Effort,CORE,INGO
2026-04,River Nile,Atbara,Food Security and Livelihoods,JASMAR Human Security Organization,JHSO,NNGO
2026-04,Central Darfur,Gharb Jabal Marrah,Food Security and Livelihoods,African Friendship Organization,AFO,INGO
2026-04,Sennar,Sennar,Food Security and Livelihoods,Sudanese Red Crescent Society,SRCS,Red Cross
2026-04,North Darfur,Melit,Food Security and Livelihoods,Humanity for Development and Prosperity Organization,HDPO,NNGO
2026-04,East Darfur,Adila,Food Security and Livelihoods,Hope and Friendship for Development Organization,HFDO,NNGO
2026-04,Gedaref,Wasat Al Gedaref,Protection,United Nations Population Fund,UNFPA,UN Agency
2026-04,South Kordofan,Abassiya,Protection,World Vision International,WVI,INGO
2026-04,West Darfur,Kulbus,Protection,United Nations High Commissioner for Refugees,UNHCR,UN Agency
2026-04,East Darfur,Assalaya,Protection,United Nations High Commissioner for Refugees,UNHCR,UN Agency
2026-04,Khartoum,Um Bada,Protection,CARE International in Sudan,CARE,INGO
2026-04,Central Darfur,Wasat Jabal Marrah,Protection,World Relief,WR,INGO
2026-04,Gedaref,Madeinat Al Gedaref,Protection,Save the Children International,SCI,INGO
2026-04,North Darfur,At Tina,Protection,United Nations High Commissioner for Refugees,UNHCR,UN Agency
2026-04,East Darfur,Adila,Protection,United Nations High Commissioner for Refugees,UNHCR,UN Agency
2026-04,Aj Jazirah,Medani Al Kubra,Protection,Sudan Family Planning Association,SFPA,NNGO
2026-04,East Darfur,Adila,Protection,World Vision International,WVI,INGO
2026-04,South Darfur,Beliel,Protection,United Nations Children's Fund,UNICEF,UN Agency
2026-04,South Darfur,Buram,Protection,World Vision International,WVI,INGO
2026-04,West Darfur,Beida,Protection,United Nations High Commissioner for Refugees,UNHCR,UN Agency
2026-04,North Darfur,Um Baru,Protection,United Nations High Commissioner for Refugees,UNHCR,UN Agency
2026-04,North Darfur,Kebkabiya,Protection,United Nations High Commissioner for Refugees,UNHCR,UN Agency
2026-04,East Darfur,Al Firdous,Protection,WE ARE ALIGHT,ALIGHT,INGO
2026-04,Aj Jazirah,Al Kamlin,Protection,Friends of Peace & Development Organization,FPDO,NNGO
2026-04,Khartoum,Bahri,Protection,Friends of Peace & Development Organization,FPDO,NNGO
2026-04,East Darfur,Abu Karinka,Protection,World Vision International,WVI,INGO
2026-04,Khartoum,Um Durman,Protection,Friends of Peace & Development Organization,FPDO,NNGO
2026-04,Red Sea,Port Sudan,Protection,Sudanese Coalition for Education for All,SCEFA,NNGO
2026-04,West Darfur,Sirba,Food Security and Livelihoods,Veterinaires Sans Frontières Germany,VSF-G,INGO
2026-04,Aj Jazirah,Al Qurashi,Food Security and Livelihoods,Alegtinam Human Development Organization,AHDO,INGO
2026-04,West Darfur,Ag Geneina,Food Security and Livelihoods,Catholic Relief Services,CRS,INGO
2026-04,Khartoum,Jebel Awlia,Food Security and Livelihoods,CARE International in Sudan,CARE,INGO
2026-04,South Kordofan,Abassiya,Food Security and Livelihoods,CARE International in Sudan,CARE,INGO
2026-04,Khartoum,Sharg An Neel,Health,CARE International in Sudan,CARE,INGO
2026-04,Gedaref,Ar Rahad-GD,Food Security and Livelihoods,Friends of Peace & Development Organization,FPDO,NNGO
2026-04,Red Sea,Sinkat,Food Security and Livelihoods,Betay Development Organization,BDO,NNGO
2026-04,East Darfur,Al Firdous,Nutrition,WE ARE ALIGHT,ALIGHT,INGO
2026-04,Khartoum,Bahri,Nutrition,Medair,Medair,INGO
2026-04,Khartoum,Jebel Awlia,Nutrition,Medair,Medair,INGO
2026-04,White Nile,Aj Jabalain,Refugee Consultative Forum,United Nations Children's Fund,UNICEF,UN Agency
2026-04,South Kordofan,Al Leri,Refugee Consultative Forum,World Food Programme,WFP,UN Agency
2026-04,North Kordofan,Um Rawaba,Refugee Consultative Forum,World Food Programme,WFP,UN Agency
2026-04,North Darfur,Al Lait,Refugee Consultative Forum,World Food Programme,WFP,UN Agency
2026-04,South Darfur,Beliel,Nutrition,CARE International in Sudan,CARE,INGO
2026-04,North Kordofan,Sheikan,Shelter and NFIs,IAS/LM International,IAS/LMI,INGO
2026-04,Central Darfur,Shamal Jabal Marrah,Shelter and NFIs,World Relief,WR,INGO
2026-04,Khartoum,Karrari,Shelter and NFIs,Norwegian Refugee Council,NRC,INGO
2026-04,North Darfur,Tawila,Shelter and NFIs,Triangle Génération Humanitaire,TGH,INGO
2026-04,Central Darfur,Wasat Jabal Marrah,Logistics,World Food Programme,WFP,UN Agency
2026-04,Central Darfur,Wasat Jabal Marrah,Food Security and Livelihoods,Veterinaires Sans Frontières Germany,VSF-G,INGO
2026-04,Blue Nile,Ar Rusayris,Health,Save the Children International,SCI,INGO
2026-04,River Nile,Barbar,Health,Building Foundation Development/Benna,BFD/B,INGO
2026-04,Northern,Ad Dabbah,Food Security and Livelihoods,Food and Agriculture Organization,FAO,UN Agency
2026-04,Northern,Dongola,Food Security and Livelihoods,Food and Agriculture Organization,FAO,UN Agency
2026-04,South Kordofan,Abu Jubayhah,Health,Concern WorldWide,CWW,INGO
2026-04,South Kordofan,Abassiya,Health,Concern WorldWide,CWW,INGO
2026-04,West Kordofan,Al Meiram,Health,Concern WorldWide,CWW,INGO
2026-04,West Kordofan,Al Lagowa,Health,Concern WorldWide,CWW,INGO
2026-04,West Kordofan,As Salam - WK,Health,Concern WorldWide,CWW,INGO
2026-04,West Darfur,Jebel Moon,Health,Concern WorldWide,CWW,INGO
2026-04,Gedaref,Wasat Al Gedaref,Education,Al-Sadagat organization,Al-SO,NNGO
2026-04,Northern,Dongola,Education,Al-Sadagat organization,Al-SO,NNGO
2026-04,Sennar,Sennar,Education,Al-Sadagat organization,Al-SO,NNGO
2026-04,Gedaref,Al Galabat Al Gharbyah - Kassab,Education,Al-Sadagat organization,Al-SO,NNGO
2026-04,Gedaref,Ar Rahad-GD,Education,Al-Sadagat organization,Al-SO,NNGO
2026-04,Gedaref,Al Mafaza,Education,Al-Sadagat organization,Al-SO,NNGO
2026-04,Red Sea,Port Sudan,Education,LM International,LMI,INGO
2026-04,Kassala,Halfa Aj Jadeedah,Education,Child Development Foundation,CDF,NNGO
2026-04,Gedaref,Madeinat Al Gedaref,Education,JAIDAN Youth Organization for Peace and Development,JAIDAN,NNGO
2026-04,Kassala,Reifi Nahr Atbara,Education,Ayadina For Sudan Development Organization,Ayadina,NNGO
2026-04,White Nile,Kosti,Education,Ayadina For Sudan Development Organization,Ayadina,NNGO
2026-04,Aj Jazirah,Sharg Al Jazirah,Education,Sawa Sudan for Development and Humanitarian Aid,SSDHA,NNGO
2026-04,Khartoum,Karrari,Education,Save the Children International,SCI,INGO
2026-04,Blue Nile,Ed Damazine,Education,National Organization for Relief & Development,NORD,NNGO
2026-04,North Kordofan,Sheikan,Education,Plan International,PI,INGO
2026-04,Blue Nile,Ed Damazine,Education,Windle Trust International,WTI,INGO
2026-04,River Nile,Ad Damar,Education,Save the Children International,SCI,INGO
2026-04,Blue Nile,Ar Rusayris,Education,Windle Trust International,WTI,INGO
2026-04,West Darfur,Kereneik,Education,Norwegian Refugee Council,NRC,INGO
2026-04,West Darfur,Sirba,Education,Norwegian Refugee Council,NRC,INGO
2026-04,Sennar,Abu Hujar,Education,Al-Sadagat organization,Al-SO,NNGO
2026-04,Khartoum,Um Bada,Education,Rural Community Development Organization,RCDO,NNGO
2026-04,Aj Jazirah,Al Qurashi,Education,Rural Community Development Organization,RCDO,NNGO
2026-04,Aj Jazirah,Um Algura,Education,Rural Community Development Organization,RCDO,NNGO
2026-04,Gedaref,Ar Rahad-GD,Education,Rural Community Development Organization,RCDO,NNGO
2026-04,Blue Nile,Ed Damazine,Education,Save the Children International,SCI,INGO
2026-04,Central Darfur,Gharb Jabal Marrah,Education,Jabal Marra Charity Organization for Rural Development,JMCO,NNGO
2026-04,Northern,Ad Dabbah,Education,Al-Sadagat organization,Al-SO,NNGO
2026-04,Blue Nile,Geisan,Education,Al-Sadagat organization,Al-SO,NNGO
2026-04,Blue Nile,Baw,Education,Al-Sadagat organization,Al-SO,NNGO
2026-04,White Nile,Kosti,Education,Green Dream Organization,GDO,NNGO
2026-04,Central Darfur,Gharb Jabal Marrah,Education,Save the Children International,SCI,INGO
2026-04,White Nile,Ad Diwaim,Education,Green Dream Organization,GDO,NNGO
2026-04,Red Sea,Port Sudan,Education,Save the Children International,SCI,INGO
2026-04,North Darfur,Al Fasher,Education,Alnahda Organization For Peace And Development,AlNahda,NNGO
2026-04,Red Sea,Dordieb,Education,Save the Children International,SCI,INGO
2026-04,South Kordofan,Abu Jubayhah,Education,Save the Children International,SCI,INGO
2026-04,Kassala,Reifi Aroma,Education,Al-Sadagat organization,Al-SO,NNGO
2026-04,South Darfur,Kas,Education,Child Development Foundation,CDF,NNGO
2026-04,South Darfur,Beliel,Education,Child Development Foundation,CDF,NNGO
2026-04,Aj Jazirah,Medani Al Kubra,Health,Handicap International Federation,HIF,INGO
2026-04,Khartoum,Karrari,Food Security and Livelihoods,World Food Programme,WFP,UN Agency
2026-04,Khartoum,Bahri,Food Security and Livelihoods,World Food Programme,WFP,UN Agency
2026-04,Khartoum,Sharg An Neel,Food Security and Livelihoods,World Food Programme,WFP,UN Agency
2026-04,Red Sea,Agig,Food Security and Livelihoods,World Food Programme,WFP,UN Agency
2026-04,North Kordofan,Um Rawaba,Food Security and Livelihoods,World Food Programme,WFP,UN Agency
2026-04,White Nile,Um Rimta,Food Security and Livelihoods,World Food Programme,WFP,UN Agency
2026-04,Kassala,Reifi Hamashkureib,Food Security and Livelihoods,World Food Programme,WFP,UN Agency
2026-04,Blue Nile,Baw,Food Security and Livelihoods,World Food Programme,WFP,UN Agency
2026-04,West Darfur,Ag Geneina,Food Security and Livelihoods,World Food Programme,WFP,UN Agency
2026-04,North Kordofan,Ar Rahad-NK,Food Security and Livelihoods,World Food Programme,WFP,UN Agency
2026-04,West Kordofan,Al Lagowa,Food Security and Livelihoods,World Food Programme,WFP,UN Agency
2026-04,Central Darfur,Bendasi,Food Security and Livelihoods,World Food Programme,WFP,UN Agency
2026-04,Blue Nile,Ed Damazine,Food Security and Livelihoods,World Food Programme,WFP,UN Agency
2026-04,East Darfur,Yassin,Food Security and Livelihoods,World Food Programme,WFP,UN Agency
2026-04,East Darfur,Ad Du'ayn,Food Security and Livelihoods,World Food Programme,WFP,UN Agency
2026-04,Gedaref,Al Qureisha,Food Security and Livelihoods,World Food Programme,WFP,UN Agency
2026-04,Central Darfur,Wasat Jabal Marrah,Food Security and Livelihoods,World Food Programme,WFP,UN Agency
2026-04,Kassala,Madeinat Kassala,Food Security and Livelihoods,World Food Programme,WFP,UN Agency
2026-04,Gedaref,Gala'a Al Nahal,Food Security and Livelihoods,World Food Programme,WFP,UN Agency
2026-04,Kassala,Reifi Telkok,Food Security and Livelihoods,World Food Programme,WFP,UN Agency
2026-04,North Darfur,Al Koma,Food Security and Livelihoods,World Food Programme,WFP,UN Agency
2026-04,Northern,Ad Dabbah,Food Security and Livelihoods,World Food Programme,WFP,UN Agency
2026-04,River Nile,Atbara,Food Security and Livelihoods,World Food Programme,WFP,UN Agency
2026-04,River Nile,Ad Damar,Food Security and Livelihoods,World Food Programme,WFP,UN Agency
2026-04,South Darfur,Beliel,Food Security and Livelihoods,World Food Programme,WFP,UN Agency
2026-04,South Kordofan,Delami,Food Security and Livelihoods,World Food Programme,WFP,UN Agency
2026-04,South Kordofan,Abu Jubayhah,Food Security and Livelihoods,World Food Programme,WFP,UN Agency
2026-04,White Nile,Ad Diwaim,Food Security and Livelihoods,World Food Programme,WFP,UN Agency
2026-04,North Darfur,Tawila,Food Security and Livelihoods,World Food Programme,WFP,UN Agency
2026-04,Gedaref,Madeinat Al Gedaref,Health,CARE International in Sudan,CARE,INGO
2026-03,South Darfur,Beliel,Health,WE ARE ALIGHT,ALIGHT,INGO
2026-03,South Darfur,Kas,Food Security and Livelihoods,African Friendship Organization,AFO,INGO
2026-03,North Darfur,Tawila,Food Security and Livelihoods,African Friendship Organization,AFO,INGO
2026-03,Central Darfur,Shamal Jabal Marrah,Food Security and Livelihoods,African Friendship Organization,AFO,INGO
2026-03,South Darfur,Sharg Aj Jabal,Food Security and Livelihoods,African Friendship Organization,AFO,INGO
2026-03,Central Darfur,Gharb Jabal Marrah,Coordination and Common Services,African Friendship Organization,AFO,INGO
2026-03,Central Darfur,Gharb Jabal Marrah,Food Security and Livelihoods,African Friendship Organization,AFO,INGO
2026-03,West Darfur,Habila - WD,Food Security and Livelihoods,Catholic Relief Services,CRS,INGO
2026-03,Red Sea,Port Sudan,Health,Sudanese American Physicians Association,SAPA,INGO
2026-03,Khartoum,Sharg An Neel,Health,Medair,Medair,INGO
2026-03,Gedaref,Galabat Ash-Shargiah,Food Security and Livelihoods,Humanity for Development and Prosperity Organization,HDPO,NNGO
2026-03,West Kordofan,Al Lagowa,Food Security and Livelihoods,Sudanese Red Crescent Society,SRCS,Red Cross
2026-03,West Kordofan,As Sunut,Food Security and Livelihoods,Sudanese Red Crescent Society,SRCS,Red Cross
2026-03,North Darfur,Kutum,Food Security and Livelihoods,Goal Global,GOAL,INGO
2026-03,River Nile,Al Matama,Health,Building Foundation Development/Benna,BFD/B,INGO
2026-03,South Kordofan,Abassiya,Health,Save the Children International,SCI,INGO
2026-03,South Kordofan,Habila - SK,Health,Save the Children International,SCI,INGO
2026-03,South Kordofan,Kadugli,Health,Save the Children International,SCI,INGO
2026-03,South Kordofan,Ar Rashad,Health,Save the Children International,SCI,INGO
2026-03,South Kordofan,Dilling,Health,Save the Children International,SCI,INGO
2026-03,South Kordofan,Abu Jubayhah,Health,Save the Children International,SCI,INGO
2026-03,West Darfur,Kereneik,Health,World Relief,WR,INGO
2026-03,West Darfur,Habila - WD,Health,World Relief,WR,INGO
2026-03,West Darfur,Sirba,Health,World Relief,WR,INGO
2026-03,North Darfur,Melit,Food Security and Livelihoods,Humanity for Development and Prosperity Organization,HDPO,NNGO
2026-03,Kassala,Reifi Hamashkureib,Health,Samaritan's Purse,SP,INGO
2026-03,North Darfur,At Tina,Food Security and Livelihoods,Humanity for Development and Prosperity Organization,HDPO,NNGO
2026-03,Central Darfur,Shamal Jabal Marrah,Food Security and Livelihoods,World Relief,WR,INGO
2026-03,East Darfur,Ad Du'ayn,Health,Catholic Relief Services,CRS,INGO
2026-03,East Darfur,Yassin,Health,Catholic Relief Services,CRS,INGO
2026-03,East Darfur,Abu Karinka,Health,Catholic Relief Services,CRS,INGO
2026-03,Central Darfur,Um Dukhun,Health,Catholic Relief Services,CRS,INGO
2026-03,Central Darfur,Wasat Jabal Marrah,Health,Catholic Relief Services,CRS,INGO
2026-03,Central Darfur,Gharb Jabal Marrah,Health,Catholic Relief Services,CRS,INGO
2026-03,Central Darfur,Shamal Jabal Marrah,Health,Catholic Relief Services,CRS,INGO
2026-03,North Darfur,Al Fasher,Food Security and Livelihoods,Future Stars Center for Development and Capacity Building,FSC,NNGO
2026-03,South Kordofan,Abu Jubayhah,Food Security and Livelihoods,SOS Sahel Sudan Organization,SOS Sahel,NNGO
2026-03,Central Darfur,Gharb Jabal Marrah,Food Security and Livelihoods,World Relief,WR,INGO
2026-03,South Darfur,Nyala Shimal,Health,EMERGENCY NGO,EMERGENCY NGO,INGO
2026-03,Blue Nile,Baw,Health,Pan Health Care Organization,PHCO,NNGO
2026-03,Khartoum,Jebel Awlia,Health,EMERGENCY NGO,EMERGENCY NGO,INGO
2026-03,White Nile,As Salam / Ar Rawat,Food Security and Livelihoods,Darfur Development and Reconstructure Agency,DDRA,NNGO
2026-03,Khartoum,Um Bada,Multi-Purpose Cash,Sudan Zero Waste Organization,SZWO,NNGO
2026-03,Khartoum,Khartoum,Health,EMERGENCY NGO,EMERGENCY NGO,INGO
2026-03,Khartoum,Jebel Awlia,Health,Medair,Medair,INGO
2026-03,Red Sea,Port Sudan,Health,EMERGENCY NGO,EMERGENCY NGO,INGO
2026-03,South Kordofan,Dilling,Health,Plan International,PI,INGO
2026-03,Northern,Al Burgaig,Health,Auttash Organization for Peace and Development,AUTASH,NNGO
2026-03,Northern,Al Golid,Health,Auttash Organization for Peace and Development,AUTASH,NNGO
2026-03,Northern,Dongola,Health,Auttash Organization for Peace and Development,AUTASH,NNGO
2026-03,Northern,Ad Dabbah,Health,Auttash Organization for Peace and Development,AUTASH,NNGO
2026-03,North Darfur,Tawila,Health,Relief International,RI,INGO
2026-03,North Darfur,Al Malha,Health,Relief International,RI,INGO
2026-03,North Darfur,Melit,Health,Relief International,RI,INGO
2026-03,Khartoum,Khartoum,Health,Relief International,RI,INGO
2026-03,Khartoum,Jebel Awlia,Health,Relief International,RI,INGO
2026-03,Khartoum,Karrari,Health,Relief International,RI,INGO
2026-03,Khartoum,Um Bada,Health,Relief International,RI,INGO
2026-03,Khartoum,Sharg An Neel,Health,Relief International,RI,INGO
2026-03,Aj Jazirah,Al Manaqil,Health,Relief International,RI,INGO
2026-03,Aj Jazirah,Sharg Al Jazirah,Health,Relief International,RI,INGO
2026-03,Aj Jazirah,Medani Al Kubra,Health,Relief International,RI,INGO
2026-03,Aj Jazirah,Janub Al Jazirah,Health,Relief International,RI,INGO
2026-03,Sennar,As Suki,Health,Relief International,RI,INGO
2026-03,Sennar,Ad Dinder,Health,Relief International,RI,INGO
2026-03,Sennar,Abu Hujar,Health,Relief International,RI,INGO
2026-03,Sennar,Sinja,Health,Relief International,RI,INGO
2026-03,Sennar,Sennar,Health,Relief International,RI,INGO
2026-03,Red Sea,Haya,Health,Relief International,RI,INGO
2026-03,Red Sea,Port Sudan,Health,Relief International,RI,INGO
2026-03,Gedaref,Al Galabat Al Gharbyah - Kassab,Health,Relief International,RI,INGO
2026-03,Gedaref,Galabat Ash-Shargiah,Health,Relief International,RI,INGO
2026-03,Gedaref,Wasat Al Gedaref,Health,Relief International,RI,INGO
2026-03,Gedaref,Madeinat Al Gedaref,Health,Relief International,RI,INGO
2026-03,Blue Nile,Ed Damazine,Health,Relief International,RI,INGO
2026-03,Blue Nile,Geisan,Health,Relief International,RI,INGO
2026-03,Blue Nile,Ar Rusayris,Health,Relief International,RI,INGO
2026-03,Central Darfur,Um Dukhun,Food Security and Livelihoods,Veterinaires Sans Frontières Germany,VSF-G,INGO
2026-03,Khartoum,Jebel Awlia,Health,World Relief,WR,INGO
2026-03,Khartoum,Bahri,Health,Medair,Medair,INGO
2026-03,Sennar,Sennar,Health,Pan Health Care Organization,PHCO,NNGO
2026-03,Aj Jazirah,Medani Al Kubra,Food Security and Livelihoods,WE ARE ALIGHT,ALIGHT,INGO
2026-03,Red Sea,Sawakin,Health,Addition for Disasters assistance and Development,ADD,NNGO
2026-03,Central Darfur,Wasat Jabal Marrah,Health,Save the Children International,SCI,INGO
2026-03,Central Darfur,Shamal Jabal Marrah,Health,Save the Children International,SCI,INGO
2026-03,Central Darfur,Zalingi,Health,Save the Children International,SCI,INGO
2026-03,Central Darfur,Azum,Health,Save the Children International,SCI,INGO
2026-03,Aj Jazirah,Medani Al Kubra,Health,Save the Children International,SCI,INGO
2026-03,North Darfur,Kelemando,Health,Save the Children International,SCI,INGO
2026-03,Gedaref,Madeinat Al Gedaref,Health,Save the Children International,SCI,INGO
2026-03,Gedaref,Wasat Al Gedaref,Health,Save the Children International,SCI,INGO
2026-03,Gedaref,Al Galabat Al Gharbyah - Kassab,Health,Save the Children International,SCI,INGO
2026-03,Gedaref,Galabat Ash-Shargiah,Health,Save the Children International,SCI,INGO
2026-03,Gedaref,Gala'a Al Nahal,Health,Save the Children International,SCI,INGO
2026-03,Blue Nile,Ar Rusayris,Health,Save the Children International,SCI,INGO
2026-03,Blue Nile,Ed Damazine,Health,Save the Children International,SCI,INGO
2026-03,Blue Nile,Baw,Health,Save the Children International,SCI,INGO
2026-03,Blue Nile,Geisan,Health,Save the Children International,SCI,INGO
2026-03,Khartoum,Um Bada,Health,Save the Children International,SCI,INGO
2026-03,Khartoum,Jebel Awlia,Health,Save the Children International,SCI,INGO
2026-03,Khartoum,Karrari,Health,Save the Children International,SCI,INGO
2026-03,Khartoum,Sharg An Neel,Health,Save the Children International,SCI,INGO
2026-03,Khartoum,Bahri,Health,Save the Children International,SCI,INGO
2026-03,West Darfur,Beida,Health,Dar for Community Development,DCD,NNGO
2026-03,River Nile,Ad Damar,Food Security and Livelihoods,Labena Organization for Women Development and Capacity Building,Labena,NNGO
2026-03,River Nile,Atbara,Food Security and Livelihoods,Labena Organization for Women Development and Capacity Building,Labena,NNGO
2026-03,West Darfur,Ag Geneina,Health,International Medical Corps,IMC,INGO
2026-03,Khartoum,Sharg An Neel,Health,International Medical Corps,IMC,INGO
2026-03,Central Darfur,Um Dukhun,Health,International Medical Corps,IMC,INGO
2026-03,Central Darfur,Wasat Jabal Marrah,Health,International Medical Corps,IMC,INGO
2026-03,Central Darfur,Zalingi,Health,International Medical Corps,IMC,INGO
2026-03,Khartoum,Khartoum,Food Security and Livelihoods,International Organization for Migration,IOM,UN Agency
2026-03,Central Darfur,Um Dukhun,Health,World Relief,WR,INGO
2026-03,Central Darfur,Wasat Jabal Marrah,Health,World Relief,WR,INGO
2026-03,Central Darfur,Gharb Jabal Marrah,Health,World Relief,WR,INGO
2026-03,Central Darfur,Azum,Health,World Relief,WR,INGO
2026-03,Central Darfur,Wadi Salih,Health,World Relief,WR,INGO
2026-03,Blue Nile,Ed Damazine,Food Security and Livelihoods,Practical Action Sudan,PA,INGO
2026-03,White Nile,Kosti,Food Security and Livelihoods,We Are All Values,WAVs,NNGO
2026-03,Blue Nile,Wad Al Mahi,Food Security and Livelihoods,Practical Action Sudan,PA,INGO
2026-03,Central Darfur,Wasat Jabal Marrah,Food Security and Livelihoods,Danish Refugee Council,DRC,INGO
2026-03,Kassala,Reifi Kassla,Food Security and Livelihoods,Food Security Technical Secretariat,FSTS,NNGO
2026-03,Kassala,Reifi Khashm Elgirba,Food Security and Livelihoods,Food Security Technical Secretariat,FSTS,NNGO
2026-03,Kassala,Reifi Gharb Kassala,Food Security and Livelihoods,Food Security Technical Secretariat,FSTS,NNGO
2026-03,North Darfur,Tawila,Food Security and Livelihoods,Triangle Génération Humanitaire,TGH,INGO
2026-03,Khartoum,Karrari,Multi-Purpose Cash,NADA Elazhar for Disaster Privention and Sustainable Development,NADA,NNGO
2026-03,Central Darfur,Wasat Jabal Marrah,Food Security and Livelihoods,Triangle Génération Humanitaire,TGH,INGO
2026-03,West Darfur,Sirba,Food Security and Livelihoods,Triangle Génération Humanitaire,TGH,INGO
2026-03,White Nile,Al Gitaina,Food Security and Livelihoods,Humanitarian Assistance Program,ASSIST,INGO
2026-03,White Nile,Guli,Food Security and Livelihoods,Humanitarian Assistance Program,ASSIST,INGO
2026-03,White Nile,Guli,Health,Action Against Hunger,AAH,INGO
2026-03,White Nile,Ad Diwaim,Health,Action Against Hunger,AAH,INGO
2026-03,White Nile,Um Rimta,Food Security and Livelihoods,Humanitarian Assistance Program,ASSIST,INGO
2026-03,White Nile,Ad Diwaim,Food Security and Livelihoods,Humanitarian Assistance Program,ASSIST,INGO
2026-03,White Nile,As Salam / Ar Rawat,Food Security and Livelihoods,Humanitarian Assistance Program,ASSIST,INGO
2026-03,Northern,Ad Dabbah,Multi-Purpose Cash,NADA Elazhar for Disaster Privention and Sustainable Development,NADA,NNGO
2026-03,Khartoum,Jebel Awlia,Health,Medecins Sans Frontieres - Spain,MSF Spain,INGO
2026-03,East Darfur,Ad Du'ayn,Multi-Purpose Cash,World Vision International,WVI,INGO
2026-03,Central Darfur,Um Dukhun,Multi-Purpose Cash,Danish Refugee Council,DRC,INGO
2026-03,River Nile,Ad Damar,Food Security and Livelihoods,JASMAR Human Security Organization,JHSO,NNGO
2026-03,Central Darfur,Gharb Jabal Marrah,Food Security and Livelihoods,Danish Refugee Council,DRC,INGO
2026-03,Central Darfur,Wadi Salih,Health,Action Against Hunger,AAH,INGO
2026-03,Central Darfur,Zalingi,Health,Action Against Hunger,AAH,INGO
2026-03,Central Darfur,Gharb Jabal Marrah,Health,Action Against Hunger,AAH,INGO
2026-03,Central Darfur,Wasat Jabal Marrah,Food Security and Livelihoods,Veterinaires Sans Frontières Germany,VSF-G,INGO
2026-03,Central Darfur,Shamal Jabal Marrah,Food Security and Livelihoods,Veterinaires Sans Frontières Germany,VSF-G,INGO
2026-03,Central Darfur,Mukjar,Food Security and Livelihoods,Veterinaires Sans Frontières Germany,VSF-G,INGO
2026-03,West Darfur,Sirba,Food Security and Livelihoods,Veterinaires Sans Frontières Germany,VSF-G,INGO
2026-03,West Darfur,Ag Geneina,Food Security and Livelihoods,Veterinaires Sans Frontières Germany,VSF-G,INGO
2026-03,West Darfur,Kulbus,Food Security and Livelihoods,Veterinaires Sans Frontières Germany,VSF-G,INGO
2026-03,West Darfur,Habila - WD,Food Security and Livelihoods,Veterinaires Sans Frontières Germany,VSF-G,INGO
2026-03,White Nile,Kosti,Food Security and Livelihoods,Norwegian Refugee Council,NRC,INGO
2026-03,Central Darfur,Zalingi,Multi-Purpose Cash,Norwegian Refugee Council,NRC,INGO
2026-03,Central Darfur,Gharb Jabal Marrah,Health,Islamic Relief Worldwide,IRW,INGO
2026-03,North Darfur,Tawila,Nutrition,Sahari Organization For Development,SAHARI,NNGO
2026-03,West Kordofan,As Salam - WK,Health,Islamic Relief Worldwide,IRW,INGO
2026-03,West Kordofan,An Nuhud,Health,Islamic Relief Worldwide,IRW,INGO
2026-03,North Darfur,Tawila,Nutrition,INTERSOS,INTERSOS,INGO
2026-03,North Darfur,Tawila,Nutrition,Save the Children International,SCI,INGO
2026-03,Kassala,Reifi Wad Elhilaiw,Food Security and Livelihoods,MERCY CORPS,MC,INGO
2026-03,Kassala,Halfa Aj Jadeedah,Food Security and Livelihoods,MERCY CORPS,MC,INGO
2026-03,Kassala,Madeinat Kassala,Food Security and Livelihoods,MERCY CORPS,MC,INGO
2026-03,Northern,Ad Dabbah,Food Security and Livelihoods,MERCY CORPS,MC,INGO
2026-03,Northern,Al Burgaig,Food Security and Livelihoods,MERCY CORPS,MC,INGO
2026-03,White Nile,Tendalti,Nutrition,Plan International,PI,INGO
2026-03,Northern,Dongola,Food Security and Livelihoods,MERCY CORPS,MC,INGO
2026-03,Aj Jazirah,Um Algura,Nutrition,Muslim Aid Sudan,MAS,INGO
2026-03,South Kordofan,Talawdi,Food Security and Livelihoods,Goal Global,GOAL,INGO
2026-03,Northern,Al Golid,Health,Building Foundation for Development,BFD,NNGO
2026-03,Northern,Al Burgaig,Health,Building Foundation for Development,BFD,NNGO
2026-03,North Darfur,At Tawisha,Health,Sahari Organization For Development,SAHARI,NNGO
2026-03,North Darfur,Um Kadadah,Health,Sahari Organization For Development,SAHARI,NNGO
2026-03,Central Darfur,Gharb Jabal Marrah,Health,African Friendship Organization,AFO,INGO
2026-03,North Darfur,Al Lait,Health,Sahari Organization For Development,SAHARI,NNGO
2026-03,Northern,Halfa,Health,Building Foundation for Development,BFD,NNGO
2026-03,Northern,Dongola,Health,Building Foundation for Development,BFD,NNGO
2026-03,North Darfur,Tawila,Multi-Purpose Cash,International Rescue Committee,IRC,INGO
2026-03,Aj Jazirah,Sharg Al Jazirah,Health,Building Foundation Development/Benna,BFD/B,INGO
2026-03,Aj Jazirah,Medani Al Kubra,Health,Building Foundation Development/Benna,BFD/B,INGO
2026-03,Khartoum,Um Bada,Food Security and Livelihoods,Alegtinam Human Development Organization,AHDO,INGO
2026-03,Khartoum,Karrari,Food Security and Livelihoods,Alegtinam Human Development Organization,AHDO,INGO
2026-03,Khartoum,Bahri,Food Security and Livelihoods,Alegtinam Human Development Organization,AHDO,INGO
2026-03,North Darfur,Tawila,Food Security and Livelihoods,Solidarites International,SI,INGO
2026-03,Central Darfur,Gharb Jabal Marrah,Food Security and Livelihoods,Solidarites International,SI,INGO
2026-03,Khartoum,Khartoum,Multi-Purpose Cash,International Organization for Migration,IOM,UN Agency
2026-03,Khartoum,Sharg An Neel,Health,Medical Teams International,MTI,INGO
2026-03,Khartoum,Khartoum,Food Security and Livelihoods,Alegtinam Human Development Organization,AHDO,INGO
2026-03,Khartoum,Jebel Awlia,Food Security and Livelihoods,Alegtinam Human Development Organization,AHDO,INGO
2026-03,Northern,Dongola,Food Security and Livelihoods,Alegtinam Human Development Organization,AHDO,INGO
2026-03,White Nile,Aj Jabalain,Food Security and Livelihoods,Alegtinam Human Development Organization,AHDO,INGO
2026-03,White Nile,As Salam / Ar Rawat,Food Security and Livelihoods,Alegtinam Human Development Organization,AHDO,INGO
2026-03,White Nile,Kosti,Food Security and Livelihoods,Alegtinam Human Development Organization,AHDO,INGO
2026-03,River Nile,Shendi,Food Security and Livelihoods,Alegtinam Human Development Organization,AHDO,INGO
2026-03,South Kordofan,Dilling,Food Security and Livelihoods,Alegtinam Human Development Organization,AHDO,INGO
2026-03,South Kordofan,Kadugli,Food Security and Livelihoods,Alegtinam Human Development Organization,AHDO,INGO
2026-03,Aj Jazirah,Sharg Al Jazirah,Food Security and Livelihoods,Alegtinam Human Development Organization,AHDO,INGO
2026-03,North Darfur,Tawila,Multi-Purpose Cash,Action Contre la Faim (Action Against Hunger),ACF,INGO
2026-03,North Darfur,Melit,Health,Humanity for Development and Prosperity Organization,HDPO,NNGO
2026-03,South Darfur,Tulus,Health,Medair,Medair,INGO
2026-03,South Darfur,Nyala Shimal,Health,Medair,Medair,INGO
2026-03,West Darfur,Beida,Health,Medair,Medair,INGO
2026-03,Khartoum,Jebel Awlia,Health,Almanar Voluntary Organization,AMVO,NNGO
2026-03,White Nile,As Salam / Ar Rawat,Refugee Consultative Forum,United Nations Children's Fund,UNICEF,UN Agency
2026-03,White Nile,As Salam / Ar Rawat,Refugee Consultative Forum,World Food Programme,WFP,UN Agency
2026-03,White Nile,Aj Jabalain,Refugee Consultative Forum,United Nations Children's Fund,UNICEF,UN Agency
2026-03,White Nile,Aj Jabalain,Refugee Consultative Forum,World Food Programme,WFP,UN Agency
2026-03,West Darfur,Beida,Refugee Consultative Forum,World Food Programme,WFP,UN Agency
2026-03,West Darfur,Ag Geneina,Refugee Consultative Forum,World Food Programme,WFP,UN Agency
2026-03,South Kordofan,At Tadamon - SK,Refugee Consultative Forum,World Food Programme,WFP,UN Agency
2026-03,South Kordofan,Ar Rashad,Refugee Consultative Forum,World Food Programme,WFP,UN Agency
2026-03,South Kordofan,Al Leri,Refugee Consultative Forum,World Food Programme,WFP,UN Agency
2026-03,South Kordofan,Abu Jubayhah,Refugee Consultative Forum,World Food Programme,WFP,UN Agency
2026-03,South Kordofan,Abassiya,Refugee Consultative Forum,World Food Programme,WFP,UN Agency
2026-03,South Darfur,As Salam - SD,Refugee Consultative Forum,World Food Programme,WFP,UN Agency
2026-03,Red Sea,Port Sudan,Refugee Consultative Forum,World Food Programme,WFP,UN Agency
2026-03,North Kordofan,Um Rawaba,Refugee Consultative Forum,World Food Programme,WFP,UN Agency
2026-03,North Kordofan,Sheikan,Refugee Consultative Forum,World Food Programme,WFP,UN Agency
2026-03,North Kordofan,Ar Rahad-NK,Refugee Consultative Forum,World Food Programme,WFP,UN Agency
2026-03,North Darfur,Um Baru,Refugee Consultative Forum,World Food Programme,WFP,UN Agency
2026-03,North Darfur,At Tawisha,Refugee Consultative Forum,World Food Programme,WFP,UN Agency
2026-03,North Darfur,Al Lait,Refugee Consultative Forum,United Nations Children's Fund,UNICEF,UN Agency
2026-03,North Darfur,Al Lait,Refugee Consultative Forum,World Food Programme,WFP,UN Agency
2026-03,Kassala,Reifi Wad Elhilaiw,Refugee Consultative Forum,United Nations Children's Fund,UNICEF,UN Agency
2026-03,Kassala,Reifi Wad Elhilaiw,Refugee Consultative Forum,World Food Programme,WFP,UN Agency
2026-03,Kassala,Reifi Nahr Atbara,Refugee Consultative Forum,World Food Programme,WFP,UN Agency
2026-03,Kassala,Reifi Khashm Elgirba,Refugee Consultative Forum,World Food Programme,WFP,UN Agency
2026-03,Kassala,Reifi Kassla,Refugee Consultative Forum,World Food Programme,WFP,UN Agency
2026-03,Kassala,Madeinat Kassala,Refugee Consultative Forum,World Food Programme,WFP,UN Agency
2026-03,Gedaref,Galabat Ash-Shargiah,Refugee Consultative Forum,United Nations High Commissioner for Refugees,UNHCR,UN Agency
2026-03,Gedaref,Galabat Ash-Shargiah,Refugee Consultative Forum,World Food Programme,WFP,UN Agency
2026-03,Gedaref,Basundah,Refugee Consultative Forum,World Food Programme,WFP,UN Agency
2026-03,Gedaref,Al Mafaza,Refugee Consultative Forum,United Nations High Commissioner for Refugees,UNHCR,UN Agency
2026-03,Gedaref,Al Mafaza,Refugee Consultative Forum,World Food Programme,WFP,UN Agency
2026-03,Gedaref,Al Galabat Al Gharbyah - Kassab,Refugee Consultative Forum,United Nations High Commissioner for Refugees,UNHCR,UN Agency
2026-03,Gedaref,Al Fashaga,Refugee Consultative Forum,United Nations High Commissioner for Refugees,UNHCR,UN Agency
2026-03,Gedaref,Al Fashaga,Refugee Consultative Forum,World Food Programme,WFP,UN Agency
2026-03,East Darfur,Yassin,Refugee Consultative Forum,United Nations Children's Fund,UNICEF,UN Agency
2026-03,East Darfur,Yassin,Refugee Consultative Forum,World Food Programme,WFP,UN Agency
2026-03,East Darfur,Assalaya,Refugee Consultative Forum,World Food Programme,WFP,UN Agency
2026-03,East Darfur,Al Firdous,Refugee Consultative Forum,United Nations Children's Fund,UNICEF,UN Agency
2026-03,East Darfur,Al Firdous,Refugee Consultative Forum,World Food Programme,WFP,UN Agency
2026-03,East Darfur,Adila,Refugee Consultative Forum,World Food Programme,WFP,UN Agency
2026-03,East Darfur,Abu Karinka,Refugee Consultative Forum,World Food Programme,WFP,UN Agency
2026-03,East Darfur,Abu Jabrah,Refugee Consultative Forum,World Food Programme,WFP,UN Agency
2026-03,Central Darfur,Um Dukhun,Refugee Consultative Forum,World Food Programme,WFP,UN Agency
2026-03,Central Darfur,Azum,Refugee Consultative Forum,World Food Programme,WFP,UN Agency
2026-03,Blue Nile,Wad Al Mahi,Refugee Consultative Forum,World Food Programme,WFP,UN Agency
2026-03,Blue Nile,Geisan,Refugee Consultative Forum,World Food Programme,WFP,UN Agency
2026-03,Blue Nile,Baw,Refugee Consultative Forum,World Food Programme,WFP,UN Agency
2026-03,Blue Nile,At Tadamon - BN,Refugee Consultative Forum,World Food Programme,WFP,UN Agency
2026-03,Khartoum,Bahri,Food Security and Livelihoods,Humanitarian Relief Foundation,IHH,INGO
2026-03,White Nile,Um Rimta,Food Security and Livelihoods,Humanitarian Relief Foundation,IHH,INGO
2026-03,Khartoum,Khartoum,Food Security and Livelihoods,Humanitarian Relief Foundation,IHH,INGO
2026-03,Khartoum,Um Durman,Food Security and Livelihoods,Humanitarian Relief Foundation,IHH,INGO
2026-03,Khartoum,Karrari,Food Security and Livelihoods,Humanitarian Relief Foundation,IHH,INGO
2026-03,North Darfur,Tawila,Food Security and Livelihoods,Plan International,PI,INGO
2026-03,Kassala,Madeinat Kassala,Health,Sudanese American Physicians Association,SAPA,INGO
2026-03,Gedaref,Madeinat Al Gedaref,Health,Sudanese American Physicians Association,SAPA,INGO
2026-03,North Kordofan,Sheikan,Health,Sudan Family Planning Association,SFPA,NNGO
2026-03,White Nile,As Salam / Ar Rawat,Health,Action Against Hunger,AAH,INGO
2026-03,West Kordofan,Abyei,Health,Concern WorldWide,CWW,INGO
2026-03,South Darfur,Nyala Janoub,Health,CARE International in Sudan,CARE,INGO
2026-03,South Darfur,Kas,Health,CARE International in Sudan,CARE,INGO
2026-03,South Darfur,Gereida,Health,WE ARE ALIGHT,ALIGHT,INGO
2026-03,South Darfur,Ed Al Fursan,Health,CARE International in Sudan,CARE,INGO
2026-03,South Darfur,Buram,Health,WE ARE ALIGHT,ALIGHT,INGO
2026-03,Red Sea,Sawakin,Health,Save the Children International,SCI,INGO
2026-03,Khartoum,Karrari,Health,Sudanese American Physicians Association,SAPA,INGO
2026-03,Khartoum,Sharg An Neel,Health,Medecins Sans Frontieres,MSF,INGO
2026-03,East Darfur,Ad Du'ayn,Health,WE ARE ALIGHT,ALIGHT,INGO
2026-03,East Darfur,Ad Du'ayn,Health,CARE International in Sudan,CARE,INGO
2026-03,Blue Nile,Geisan,Health,International Medical Corps,IMC,INGO
2026-03,Blue Nile,Ed Damazine,Health,Medecins Sans Frontieres - Belgium,MSF/Belgium,INGO
2026-03,North Darfur,Tawila,Health,Save the Children International,SCI,INGO
2026-03,North Darfur,Kutum,Health,Goal Global,GOAL,INGO
2026-03,North Darfur,As Serief,Health,Patient Helping Fund,PHF,NNGO
2026-03,Kassala,Halfa Aj Jadeedah,Health,WE ARE ALIGHT,ALIGHT,INGO
2026-03,Kassala,Madeinat Kassala,Health,WE ARE ALIGHT,ALIGHT,INGO
2026-03,Kassala,Reifi Wad Elhilaiw,Health,JASMAR Human Security Organization,JHSO,NNGO
2026-03,Kassala,Madeinat Kassala,Health,Patient Helping Fund,PHF,NNGO
2026-03,Gedaref,Galabat Ash-Shargiah,Health,Medecins Sans Frontieres,MSF,INGO
2026-03,Gedaref,Al Mafaza,Health,Medecins Sans Frontieres,MSF,INGO
2026-03,Gedaref,Al Fao,Health,Medecins Sans Frontieres,MSF,INGO
2026-03,South Kordofan,Kadugli,Health,Addition for Disasters assistance and Development,ADD,NNGO
2026-03,Khartoum,Bahri,Health,Sudanese American Physicians Association,SAPA,INGO
2026-03,Red Sea,Port Sudan,Health,Sudanese Red Crescent Society,SRCS,Red Cross
2026-03,Khartoum,Um Bada,Food Security and Livelihoods,Humanitarian Relief Foundation,IHH,INGO
2026-03,Khartoum,Jebel Awlia,Food Security and Livelihoods,Humanitarian Relief Foundation,IHH,INGO
2026-03,Central Darfur,Wasat Jabal Marrah,WASH,World Relief,WR,INGO
2026-03,North Darfur,Tawila,WASH,Welthungerhilfe,WHH,INGO
2026-03,Gedaref,Ar Rahad-GD,WASH,WE ARE ALIGHT,ALIGHT,INGO
2026-03,Gedaref,Al Fashaga,WASH,WE ARE ALIGHT,ALIGHT,INGO
2026-03,Central Darfur,Zalingi,WASH,Volunteers,Volunteers,NNGO
2026-03,North Darfur,Tawila,WASH,Triangle Génération Humanitaire,TGH,INGO
2026-03,River Nile,Atbara,WASH,Sudanese Red Crescent Society,SRCS,Red Cross
2026-03,Northern,Merwoe,WASH,Sudanese Red Crescent Society,SRCS,Red Cross
2026-03,North Kordofan,Sheikan,WASH,Sudanese Red Crescent Society,SRCS,Red Cross
2026-03,North Kordofan,Sheikan,WASH,SOS Sahel Sudan Organization,SOS Sahel,NNGO
2026-03,North Darfur,Tawila,WASH,Solidarites International,SI,INGO
2026-03,Khartoum,Karrari,WASH,Solidarites International,SI,INGO
2026-03,North Darfur,Al Fasher,WASH,Solidarites International,SI,INGO
2026-03,Central Darfur,Zalingi,WASH,Solidarites International,SI,INGO
2026-03,Central Darfur,Zalingi,WASH,Save the Children International,SCI,INGO
2026-03,South Kordofan,Ar Rashad,WASH,Save the Children International,SCI,INGO
2026-03,North Darfur,Tawila,WASH,Save the Children International,SCI,INGO
2026-03,South Kordofan,Abu Jubayhah,WASH,Save the Children International,SCI,INGO
2026-03,Kassala,Reifi Telkok,WASH,Samaritan's Purse,SP,INGO
2026-03,Kassala,Reifi Hamashkureib,WASH,Samaritan's Purse,SP,INGO
2026-03,Gedaref,Wasat Al Gedaref,WASH,Rural Community Development Organization,RCDO,NNGO
2026-03,Gedaref,Madeinat Al Gedaref,WASH,Rural Community Development Organization,RCDO,NNGO
2026-03,Gedaref,Al Galabat Al Gharbyah - Kassab,WASH,Rural Community Development Organization,RCDO,NNGO
2026-03,Aj Jazirah,Medani Al Kubra,WASH,Relief International,RI,INGO
2026-03,Northern,Ad Dabbah,WASH,Relief International,RI,INGO
2026-03,Aj Jazirah,Sharg Al Jazirah,WASH,Relief International,RI,INGO
2026-03,North Darfur,Tawila,WASH,Relief International,RI,INGO
2026-03,Aj Jazirah,Al Manaqil,WASH,Relief International,RI,INGO
2026-03,Gedaref,Wasat Al Gedaref,WASH,Relief International,RI,INGO
2026-03,Gedaref,Madeinat Al Gedaref,WASH,Relief International,RI,INGO
2026-03,Khartoum,Khartoum,WASH,Relief International,RI,INGO
2026-03,Blue Nile,Ed Damazine,WASH,Relief International,RI,INGO
2026-03,Blue Nile,Ar Rusayris,WASH,Relief International,RI,INGO
2026-03,Sennar,Abu Hujar,WASH,Relief International,RI,INGO
2026-03,North Darfur,Tawila,WASH,Plan International,PI,INGO
2026-03,Gedaref,Wasat Al Gedaref,WASH,Norwegian Refugee Council,NRC,INGO
2026-03,White Nile,Kosti,WASH,Norwegian Refugee Council,NRC,INGO
2026-03,North Kordofan,Sheikan,WASH,Near East Foundation,NEF,INGO
2026-03,South Darfur,Al Wihda,WASH,MERCY CORPS,MC,INGO
2026-03,Central Darfur,Shamal Jabal Marrah,WASH,Medecins Sans Frontieres,MSF,INGO
2026-03,Central Darfur,Zalingi,WASH,Medecins Sans Frontieres,MSF,INGO
2026-03,West Kordofan,Ghubaish,WASH,LM International,LMI,INGO
2026-03,South Darfur,Mershing,WASH,LM International,LMI,INGO
2026-03,Khartoum,Um Bada,WASH,LM International,LMI,INGO
2026-03,North Kordofan,Sheikan,WASH,LM International,LMI,INGO
2026-03,Khartoum,Um Bada,WASH,Hope and Friendship for Development Organization,HFDO,NNGO
2026-03,White Nile,Aj Jabalain,WASH,JASMAR Human Security Organization,JHSO,NNGO
2026-03,River Nile,Atbara,WASH,JASMAR Human Security Organization,JHSO,NNGO
2026-03,River Nile,Al Buhaira,WASH,JASMAR Human Security Organization,JHSO,NNGO
2026-03,River Nile,Abu Hamad,WASH,JASMAR Human Security Organization,JHSO,NNGO
2026-03,Red Sea,Port Sudan,WASH,Islamic Relief Worldwide,IRW,INGO
2026-03,White Nile,Rabak,WASH,International Rescue Committee,IRC,INGO
2026-03,White Nile,Kosti,WASH,International Rescue Committee,IRC,INGO
2026-03,Khartoum,Karrari,WASH,International Rescue Committee,IRC,INGO
2026-03,Gedaref,Al Mafaza,WASH,International Rescue Committee,IRC,INGO
2026-03,Gedaref,Al Galabat Al Gharbyah - Kassab,WASH,International Rescue Committee,IRC,INGO
2026-03,Gedaref,Al Fao,WASH,International Rescue Committee,IRC,INGO
2026-03,White Nile,Al Gitaina,WASH,International Rescue Committee,IRC,INGO
2026-03,River Nile,Shendi,WASH,International Rescue Committee,IRC,INGO
2026-03,River Nile,Atbara,WASH,International Rescue Committee,IRC,INGO
2026-03,Blue Nile,Wad Al Mahi,WASH,International Rescue Committee,IRC,INGO
2026-03,Aj Jazirah,Janub Al Jazirah,WASH,International Rescue Committee,IRC,INGO
2026-03,North Kordofan,Um Rawaba,WASH,Sudan Organization for Local Community Development,SOLD,NNGO
2026-03,North Darfur,Tawila,WASH,African Relief Committee,ARC,NNGO
2026-03,West Darfur,Ag Geneina,WASH,International Medical Corps,IMC,INGO
2026-03,South Darfur,As Salam - SD,WASH,International Medical Corps,IMC,INGO
2026-03,Central Darfur,Wasat Jabal Marrah,WASH,International Medical Corps,IMC,INGO
2026-03,Central Darfur,Um Dukhun,WASH,International Medical Corps,IMC,INGO
2026-03,Central Darfur,Zalingi,WASH,International Medical Corps,IMC,INGO
2026-03,Aj Jazirah,Sharg Al Jazirah,WASH,United Nations Children's Fund,UNICEF,UN Agency
2026-03,Aj Jazirah,Medani Al Kubra,WASH,United Nations Children's Fund,UNICEF,UN Agency
2026-03,Central Darfur,Wasat Jabal Marrah,WASH,Danish Refugee Council,DRC,INGO
2026-03,Central Darfur,Um Dukhun,WASH,Danish Refugee Council,DRC,INGO
2026-03,Central Darfur,Gharb Jabal Marrah,WASH,Danish Refugee Council,DRC,INGO
2026-03,North Kordofan,Sheikan,WASH,Alsalam Organization for Rehabilitation and Development,AORD,NNGO
2026-03,White Nile,Kosti,WASH,Action Against Hunger,AAH,INGO
2026-03,Central Darfur,Wadi Salih,WASH,Action Against Hunger,AAH,INGO
2026-03,Aj Jazirah,Sharg Al Jazirah,WASH,Agency for Technical Cooperation and Development,ACTED,INGO
2026-03,Blue Nile,Baw,WASH,Agency for Technical Cooperation and Development,ACTED,INGO
2026-03,White Nile,Kosti,WASH,Agency for Technical Cooperation and Development,ACTED,INGO
2026-03,White Nile,Aj Jabalain,WASH,Agency for Technical Cooperation and Development,ACTED,INGO
2026-03,Gedaref,Wasat Al Gedaref,WASH,Agency for Technical Cooperation and Development,ACTED,INGO
2026-03,Khartoum,Karrari,WASH,Agency for Technical Cooperation and Development,ACTED,INGO
2026-03,White Nile,Tendalti,WASH,Agency for Technical Cooperation and Development,ACTED,INGO
2026-03,River Nile,Ad Damar,Food Security and Livelihoods,Humanitarian Relief Foundation,IHH,INGO
2026-03,River Nile,Atbara,Food Security and Livelihoods,Humanitarian Relief Foundation,IHH,INGO
2026-03,Gedaref,Gala'a Al Nahal,Health,Patient Helping Fund,PHF,NNGO
2026-03,Red Sea,Port Sudan,Food Security and Livelihoods,Humanitarian Relief Foundation,IHH,INGO
2026-03,North Darfur,Tawila,Health,World Relief,WR,INGO
2026-03,Gedaref,Basundah,Health,Patient Helping Fund,PHF,NNGO
2026-03,Gedaref,Al Galabat Al Gharbyah - Kassab,Health,Patient Helping Fund,PHF,NNGO
2026-03,Gedaref,Al Qureisha,Health,Patient Helping Fund,PHF,NNGO
2026-03,South Kordofan,Dilling,Food Security and Livelihoods,Humanitarian Relief Foundation,IHH,INGO
2026-03,Kassala,Reifi Hamashkureib,Health,Patient Helping Fund,PHF,NNGO
2026-03,White Nile,Ad Diwaim,Food Security and Livelihoods,World Food Programme,WFP,UN Agency
2026-03,West Darfur,Kereneik,Food Security and Livelihoods,World Food Programme,WFP,UN Agency
2026-03,South Kordofan,Um Durein,Food Security and Livelihoods,World Food Programme,WFP,UN Agency
2026-03,South Kordofan,Talawdi,Food Security and Livelihoods,World Food Programme,WFP,UN Agency
2026-03,South Kordofan,Kadugli,Food Security and Livelihoods,World Food Programme,WFP,UN Agency
2026-03,South Kordofan,Heiban,Food Security and Livelihoods,World Food Programme,WFP,UN Agency
2026-03,South Kordofan,Ghadeer,Food Security and Livelihoods,World Food Programme,WFP,UN Agency
2026-03,South Kordofan,Delami,Food Security and Livelihoods,World Food Programme,WFP,UN Agency
2026-03,South Kordofan,Al Leri,Food Security and Livelihoods,World Food Programme,WFP,UN Agency
2026-03,South Kordofan,Al Buram,Food Security and Livelihoods,World Food Programme,WFP,UN Agency
2026-03,South Kordofan,Abu Jubayhah,Food Security and Livelihoods,World Food Programme,WFP,UN Agency
2026-03,South Kordofan,Abassiya,Food Security and Livelihoods,World Food Programme,WFP,UN Agency
2026-03,South Darfur,Beliel,Food Security and Livelihoods,World Food Programme,WFP,UN Agency
2026-03,River Nile,Shendi,Food Security and Livelihoods,World Food Programme,WFP,UN Agency
2026-03,River Nile,Barbar,Food Security and Livelihoods,World Food Programme,WFP,UN Agency
2026-03,River Nile,Atbara,Food Security and Livelihoods,World Food Programme,WFP,UN Agency
2026-03,River Nile,Al Matama,Food Security and Livelihoods,World Food Programme,WFP,UN Agency
2026-03,River Nile,Ad Damar,Food Security and Livelihoods,World Food Programme,WFP,UN Agency
2026-03,Northern,Halfa,Food Security and Livelihoods,World Food Programme,WFP,UN Agency
2026-03,Northern,Ad Dabbah,Food Security and Livelihoods,World Food Programme,WFP,UN Agency
2026-03,North Kordofan,Soudari,Food Security and Livelihoods,World Food Programme,WFP,UN Agency
2026-03,North Kordofan,Sheikan,Food Security and Livelihoods,World Food Programme,WFP,UN Agency
2026-03,North Darfur,Um Kadadah,Food Security and Livelihoods,World Food Programme,WFP,UN Agency
2026-03,North Darfur,Um Baru,Food Security and Livelihoods,World Food Programme,WFP,UN Agency
2026-03,North Darfur,Tawila,Food Security and Livelihoods,World Food Programme,WFP,UN Agency
2026-03,North Darfur,Saraf Omra,Food Security and Livelihoods,World Food Programme,WFP,UN Agency
2026-03,North Darfur,Kutum,Food Security and Livelihoods,World Food Programme,WFP,UN Agency
2026-03,North Darfur,Kebkabiya,Food Security and Livelihoods,World Food Programme,WFP,UN Agency
2026-03,North Darfur,Dar As Salam,Food Security and Livelihoods,World Food Programme,WFP,UN Agency
2026-03,North Darfur,Al Lait,Food Security and Livelihoods,World Food Programme,WFP,UN Agency
2026-03,North Darfur,Al Koma,Food Security and Livelihoods,World Food Programme,WFP,UN Agency
2026-03,North Darfur,Al Fasher,Food Security and Livelihoods,World Food Programme,WFP,UN Agency
2026-03,Khartoum,Um Durman,Food Security and Livelihoods,World Food Programme,WFP,UN Agency
2026-03,Khartoum,Um Bada,Food Security and Livelihoods,World Food Programme,WFP,UN Agency
2026-03,Khartoum,Sharg An Neel,Food Security and Livelihoods,World Food Programme,WFP,UN Agency
2026-03,Khartoum,Khartoum,Food Security and Livelihoods,World Food Programme,WFP,UN Agency
2026-03,Khartoum,Karrari,Food Security and Livelihoods,World Food Programme,WFP,UN Agency
2026-03,Khartoum,Jebel Awlia,Food Security and Livelihoods,World Food Programme,WFP,UN Agency
2026-03,Khartoum,Bahri,Food Security and Livelihoods,World Food Programme,WFP,UN Agency
2026-03,Gedaref,Al Galabat Al Gharbyah - Kassab,Food Security and Livelihoods,World Food Programme,WFP,UN Agency
2026-03,East Darfur,Yassin,Food Security and Livelihoods,World Food Programme,WFP,UN Agency
2026-03,Central Darfur,Zalingi,Food Security and Livelihoods,World Food Programme,WFP,UN Agency
2026-03,Central Darfur,Wasat Jabal Marrah,Food Security and Livelihoods,World Food Programme,WFP,UN Agency
2026-03,Central Darfur,Um Dukhun,Food Security and Livelihoods,World Food Programme,WFP,UN Agency
2026-03,Central Darfur,Shamal Jabal Marrah,Food Security and Livelihoods,World Food Programme,WFP,UN Agency
2026-03,Central Darfur,Gharb Jabal Marrah,Food Security and Livelihoods,World Food Programme,WFP,UN Agency
2026-03,Central Darfur,Bendasi,Food Security and Livelihoods,World Food Programme,WFP,UN Agency
2026-03,Blue Nile,Ed Damazine,Food Security and Livelihoods,World Food Programme,WFP,UN Agency
2026-03,Blue Nile,Al Kurmuk,Food Security and Livelihoods,World Food Programme,WFP,UN Agency
2026-03,West Kordofan,As Sunut,Food Security and Livelihoods,World Food Programme,WFP,UN Agency
2026-03,West Kordofan,Al Lagowa,Food Security and Livelihoods,World Food Programme,WFP,UN Agency
2026-03,White Nile,Um Rimta,Food Security and Livelihoods,World Food Programme,WFP,UN Agency
2026-03,West Darfur,Kulbus,Food Security and Livelihoods,World Food Programme,WFP,UN Agency
2026-03,West Darfur,Ag Geneina,Food Security and Livelihoods,World Food Programme,WFP,UN Agency
2026-03,Kassala,Reifi Shamal Ad Delta,Food Security and Livelihoods,World Food Programme,WFP,UN Agency
2026-03,Kassala,Reifi Hamashkureib,Food Security and Livelihoods,World Food Programme,WFP,UN Agency
2026-03,Kassala,Reifi Gharb Kassala,Food Security and Livelihoods,World Food Programme,WFP,UN Agency
2026-03,Blue Nile,Baw,Food Security and Livelihoods,World Food Programme,WFP,UN Agency
2026-03,White Nile,Rabak,Food Security and Livelihoods,World Food Programme,WFP,UN Agency
2026-03,White Nile,Kosti,Food Security and Livelihoods,World Food Programme,WFP,UN Agency
2026-03,Red Sea,Agig,Food Security and Livelihoods,World Food Programme,WFP,UN Agency
2026-03,Northern,Al Golid,Food Security and Livelihoods,World Food Programme,WFP,UN Agency
2026-03,North Kordofan,Um Rawaba,Food Security and Livelihoods,World Food Programme,WFP,UN Agency
2026-03,North Darfur,Dar As Salam,Health,Patient Helping Fund,PHF,NNGO
2026-03,North Darfur,Tawila,Health,Patient Helping Fund,PHF,NNGO
2026-03,North Kordofan,Sheikan,Health,Patient Helping Fund,PHF,NNGO
2026-03,Aj Jazirah,Al Qurashi,Health,Patient Helping Fund,PHF,NNGO
2026-03,Kassala,Reifi Telkok,Health,Patient Helping Fund,PHF,NNGO
2026-03,Kassala,Reifi Nahr Atbara,Health,Patient Helping Fund,PHF,NNGO
2026-03,Kassala,Reifi Gharb Kassala,Health,Patient Helping Fund,PHF,NNGO
2026-03,Kassala,Reifi Kassla,Health,Patient Helping Fund,PHF,NNGO
2026-03,Northern,Ad Dabbah,Health,MedGlobal,MedGlobal,INGO
2026-03,Northern,Delgo,Health,MedGlobal,MedGlobal,INGO
2026-03,Khartoum,Khartoum,Health,MedGlobal,MedGlobal,INGO
2026-03,Blue Nile,Al Kurmuk,Health,Pan Health Care Organization,PHCO,NNGO
2026-03,Sennar,Abu Hujar,Education,Child Development Foundation,CDF,NNGO
2026-03,Central Darfur,Gharb Jabal Marrah,Education,Save the Children International,SCI,INGO
2026-03,White Nile,Rabak,Education,Green Dream Organization,GDO,NNGO
2026-03,White Nile,Ad Diwaim,Education,Green Dream Organization,GDO,NNGO
2026-03,Blue Nile,Ed Damazine,Education,Save the Children International,SCI,INGO
2026-03,Central Darfur,Wasat Jabal Marrah,Education,Save the Children International,SCI,INGO
2026-03,Central Darfur,Shamal Jabal Marrah,Education,Save the Children International,SCI,INGO
2026-03,South Kordofan,Habila - SK,Education,Save the Children International,SCI,INGO
2026-03,Red Sea,Port Sudan,Education,Save the Children International,SCI,INGO
2026-03,Red Sea,Dordieb,Education,Save the Children International,SCI,INGO
2026-03,South Darfur,Nyala Shimal,Education,Save the Children International,SCI,INGO
2026-03,South Darfur,Nyala Janoub,Education,Save the Children International,SCI,INGO
2026-03,South Darfur,Kas,Education,Save the Children International,SCI,INGO
2026-03,South Darfur,Beliel,Education,Child Development Foundation,CDF,NNGO
2026-03,South Darfur,Kas,Education,Child Development Foundation,CDF,NNGO
2026-03,Khartoum,Jebel Awlia,Education,Rural Community Development Organization,RCDO,NNGO
2026-03,Khartoum,Um Bada,Education,Rural Community Development Organization,RCDO,NNGO
2026-03,Blue Nile,Ed Damazine,Education,Child Development Foundation,CDF,NNGO
2026-03,Aj Jazirah,Sharg Al Jazirah,Education,Sawa Sudan for Development and Humanitarian Aid,SSDHA,NNGO
2026-03,Khartoum,Sharg An Neel,Education,Sawa Sudan for Development and Humanitarian Aid,SSDHA,NNGO
2026-03,West Darfur,Ag Geneina,Education,LM International,LMI,INGO
2026-03,North Darfur,Al Fasher,Education,Alnahda Organization For Peace And Development,AlNahda,NNGO
2026-03,Gedaref,Wasat Al Gedaref,Education,Save the Children International,SCI,INGO
2026-03,Northern,Ad Dabbah,Education,Child Development Foundation,CDF,NNGO
2026-03,Gedaref,Ar Rahad-GD,Education,Rural Community Development Organization,RCDO,NNGO
2026-03,Gedaref,Madeinat Al Gedaref,Education,JAIDAN Youth Organization for Peace and Development,JAIDAN,NNGO
2026-03,North Kordofan,Um Rawaba,Education,Save the Children International,SCI,INGO
2026-03,River Nile,Atbara,Education,Save the Children International,SCI,INGO
2026-03,North Kordofan,Ar Rahad-NK,Education,Save the Children International,SCI,INGO
2026-03,River Nile,Ad Damar,Education,Save the Children International,SCI,INGO
2026-03,Kassala,Halfa Aj Jadeedah,Education,Child Development Foundation,CDF,NNGO
2026-03,Khartoum,Jebel Awlia,Education,Al-Sadagat organization,Al-SO,NNGO
2026-03,Kassala,Reifi Nahr Atbara,Education,Ayadina For Sudan Development Organization,Ayadina,NNGO
2026-03,West Darfur,Sirba,Education,Norwegian Refugee Council,NRC,INGO
2026-03,West Darfur,Kereneik,Education,Norwegian Refugee Council,NRC,INGO
2026-03,Gedaref,Ar Rahad-GD,Education,Al-Sadagat organization,Al-SO,NNGO
2026-03,Central Darfur,Zalingi,Education,Norwegian Refugee Council,NRC,INGO
2026-03,Gedaref,Al Mafaza,Education,Al-Sadagat organization,Al-SO,NNGO
2026-03,North Kordofan,Sheikan,Education,Plan International,PI,INGO
2026-03,West Darfur,Beida,Education,Norwegian Refugee Council,NRC,INGO
2026-03,West Darfur,Ag Geneina,Education,Norwegian Refugee Council,NRC,INGO
2026-03,River Nile,Ad Damar,Education,LM International,LMI,INGO
2026-03,East Darfur,Adila,Education,Al-Sadagat organization,Al-SO,NNGO
2026-03,East Darfur,Abu Karinka,Education,Al-Sadagat organization,Al-SO,NNGO
2026-03,East Darfur,Ad Du'ayn,Education,Al-Sadagat organization,Al-SO,NNGO
2026-03,South Kordofan,Kadugli,Education,Plan International,PI,INGO
2026-03,South Kordofan,Dilling,Education,Plan International,PI,INGO
2026-03,Blue Nile,Ed Damazine,Education,Al-Sadagat organization,Al-SO,NNGO
2026-03,Blue Nile,Geisan,Education,Al-Sadagat organization,Al-SO,NNGO
2026-03,Central Darfur,Gharb Jabal Marrah,Education,Jabal Marra Charity Organization for Rural Development,JMCO,NNGO
2026-03,River Nile,Atbara,Education,LM International,LMI,INGO
2026-03,North Darfur,Tawila,Education,Depth Action Organization,DAO,NNGO
2026-03,North Darfur,Dar As Salam,Education,Plan International,PI,INGO
2026-03,North Darfur,Tawila,Education,Plan International,PI,INGO
2026-03,Blue Nile,Wad Al Mahi,Education,Al-Sadagat organization,Al-SO,NNGO
2026-03,White Nile,Aj Jabalain,Education,Trust for Rehabilitation and Development Organization,TDO,NNGO
2026-03,Kassala,Halfa Aj Jadeedah,Education,Al-Sadagat organization,Al-SO,NNGO
2026-03,Kassala,Madeinat Kassala,Education,Al-Sadagat organization,Al-SO,NNGO
2026-03,Khartoum,Jebel Awlia,Education,JASMAR Human Security Organization,JHSO,NNGO
2026-03,Kassala,Madeinat Kassala,Education,JASMAR Human Security Organization,JHSO,NNGO
2026-03,Kassala,Reifi Kassla,Education,Al-Sadagat organization,Al-SO,NNGO
2026-03,Blue Nile,Ed Damazine,Health,Pan Health Care Organization,PHCO,NNGO
2026-03,Khartoum,Jebel Awlia,Shelter and NFIs,Human Appeal - UK,HA UK,INGO
2026-03,North Kordofan,Sheikan,Shelter and NFIs,Alsalam Organization for Rehabilitation and Development,AORD,NNGO
2026-03,North Kordofan,Um Rawaba,Shelter and NFIs,Sudan Organization for Local Community Development,SOLD,NNGO
2026-03,North Kordofan,Sheikan,Shelter and NFIs,Islamic Relief Worldwide,IRW,INGO
2026-03,Aj Jazirah,Al Manaqil,Shelter and NFIs,Islamic Relief Worldwide,IRW,INGO
2026-03,White Nile,Kosti,Shelter and NFIs,Sudanese Organisation for Relief and Recovery,SORR,NNGO
2026-03,North Darfur,Tawila,Shelter and NFIs,Solidarites International,SI,INGO
2026-03,North Kordofan,Sheikan,Shelter and NFIs,Save the Children International,SCI,INGO
2026-03,North Darfur,Tawila,Shelter and NFIs,Save the Children International,SCI,INGO
2026-03,River Nile,Ad Damar,Shelter and NFIs,Save the Children International,SCI,INGO
2026-03,North Darfur,Tawila,Shelter and NFIs,African Relief Committee,ARC,NNGO
2026-03,Northern,Dongola,Shelter and NFIs,Sudan Agwa Organization,AGWA,NNGO
2026-03,North Darfur,Tawila,Shelter and NFIs,Norwegian Refugee Council,NRC,INGO
2026-03,South Darfur,Beliel,Shelter and NFIs,Sudanese Organisation for Relief and Recovery,SORR,NNGO
2026-03,North Darfur,Tawila,Site Management,Norwegian Refugee Council,NRC,INGO
2026-03,North Darfur,Tawila,Site Management,United Peace Organization,UPO,NNGO
2026-03,Blue Nile,Baw,Site Management,Agency for Technical Cooperation and Development,ACTED,INGO
2026-03,Gedaref,Wasat Al Gedaref,Site Management,Danish Refugee Council,DRC,INGO
2026-03,White Nile,Kosti,Site Management,Agency for Technical Cooperation and Development,ACTED,INGO
2026-03,Gedaref,Al Galabat Al Gharbyah - Kassab,Site Management,Agency for Technical Cooperation and Development,ACTED,INGO
2026-03,White Nile,Aj Jabalain,Site Management,Agency for Technical Cooperation and Development,ACTED,INGO
2026-03,Gedaref,Wasat Al Gedaref,Site Management,Agency for Technical Cooperation and Development,ACTED,INGO
2026-03,Gedaref,Al Galabat Al Gharbyah - Kassab,Site Management,Danish Refugee Council,DRC,INGO
2026-03,Gedaref,Madeinat Al Gedaref,Site Management,Agency for Technical Cooperation and Development,ACTED,INGO
2026-03,Blue Nile,Ar Rusayris,Health,Pan Health Care Organization,PHCO,NNGO
2026-03,Northern,Ad Dabbah,Health,Sudanese American Physicians Association,SAPA,INGO
2026-03,South Kordofan,Abu Jubayhah,Health,Sudanese American Physicians Association,SAPA,INGO
2026-03,Khartoum,Um Durman,Multi-Purpose Cash,CAFA Development Organization,CAFA,NNGO
2026-03,North Darfur,Dar As Salam,Health,Medical Teams International,MTI,INGO
2026-03,North Darfur,Tawila,Health,Medical Teams International,MTI,INGO
2026-03,White Nile,Kosti,Health,Medical Teams International,MTI,INGO
2026-03,Gedaref,Basundah,Health,Medical Teams International,MTI,INGO
2026-03,Gedaref,Galabat Ash-Shargiah,Health,Medical Teams International,MTI,INGO
2026-03,Gedaref,Al Mafaza,Health,Medical Teams International,MTI,INGO
2026-03,South Kordofan,Abassiya,Health,Concern WorldWide,CWW,INGO
2026-03,South Kordofan,Al Leri,Health,Concern WorldWide,CWW,INGO
2026-03,South Kordofan,Ghadeer,Health,Concern WorldWide,CWW,INGO
2026-03,South Kordofan,Abu Jubayhah,Health,Concern WorldWide,CWW,INGO
2026-03,West Darfur,Kulbus,Health,Concern WorldWide,CWW,INGO
2026-03,West Darfur,Jebel Moon,Health,Concern WorldWide,CWW,INGO
2026-03,Central Darfur,Azum,Health,Concern WorldWide,CWW,INGO
2026-03,West Darfur,Ag Geneina,Health,Concern WorldWide,CWW,INGO
2026-03,West Darfur,Kereneik,Health,Concern WorldWide,CWW,INGO
2026-03,West Kordofan,Al Lagowa,Health,Concern WorldWide,CWW,INGO
2026-03,West Kordofan,Al Meiram,Health,Concern WorldWide,CWW,INGO
2026-03,West Kordofan,Al Dibab,Health,Concern WorldWide,CWW,INGO
2026-03,West Kordofan,As Salam - WK,Health,Concern WorldWide,CWW,INGO
2026-03,West Kordofan,Abu Zabad,Health,Concern WorldWide,CWW,INGO
2026-03,West Kordofan,Al Idia,Protection,United Nations Children's Fund,UNICEF,UN Agency
2026-03,Central Darfur,Wasat Jabal Marrah,Protection,International Medical Corps,IMC,INGO
2026-03,North Darfur,Tawila,Protection,Nonviolent Peaceforce,NP,INGO
2026-03,West Kordofan,As Salam - WK,Protection,United Nations Children's Fund,UNICEF,UN Agency
2026-03,North Darfur,Tawila,Protection,INTERSOS,INTERSOS,INGO
2026-03,West Darfur,Ag Geneina,Protection,Hope and Friendship for Development Organization,HFDO,NNGO
2026-03,White Nile,Aj Jabalain,Protection,Green Dream Organization,GDO,NNGO
2026-03,White Nile,Kosti,Protection,United Nations Children's Fund,UNICEF,UN Agency
2026-03,White Nile,As Salam / Ar Rawat,Protection,Green Dream Organization,GDO,NNGO
2026-03,White Nile,Kosti,Protection,Danish Refugee Council,DRC,INGO
2026-03,Kassala,Madeinat Kassala,Protection,JASMAR Human Security Organization,JHSO,NNGO
2026-03,Gedaref,Al Galabat Al Gharbyah - Kassab,Protection,Plan International,PI,INGO
2026-03,Gedaref,Madeinat Al Gedaref,Protection,Plan International,PI,INGO
2026-03,Blue Nile,Ed Damazine,Protection,CAFA Development Organization,CAFA,NNGO
2026-03,River Nile,Shendi,Protection,Almanar Voluntary Organization,AMVO,NNGO
2026-03,Blue Nile,Baw,Protection,Pan Health Care Organization,PHCO,NNGO
2026-03,South Darfur,Nyala Shimal,Protection,Rural Development Organization,RDO,NNGO
2026-03,River Nile,Atbara,Protection,Almanar Voluntary Organization,AMVO,NNGO
2026-03,North Darfur,Dar As Salam,Protection,Friends of Peace & Development Organization,FPDO,NNGO
2026-03,Central Darfur,Zalingi,Protection,Volunteers,Volunteers,NNGO
2026-03,North Darfur,Melit,Protection,Cooperazione Internazionale,COOPI,INGO
2026-03,River Nile,Shendi,Protection,International Rescue Committee,IRC,INGO
2026-03,White Nile,Al Gitaina,Protection,Danish Refugee Council,DRC,INGO
2026-03,West Darfur,Ag Geneina,Protection,Trust for Rehabilitation and Development Organization,TDO,NNGO
2026-03,West Darfur,Ag Geneina,Protection,Sudan Hope and Development,HOPE,NNGO
2026-03,South Darfur,Kas,Protection,Child Development Foundation,CDF,NNGO
2026-03,White Nile,Kosti,Protection,International Rescue Committee,IRC,INGO
2026-03,West Darfur,Kereneik,Protection,World Relief,WR,INGO
2026-03,White Nile,Al Gitaina,Protection,International Rescue Committee,IRC,INGO
2026-03,West Darfur,Ag Geneina,Protection,World Relief,WR,INGO
2026-03,West Darfur,Kereneik,Protection,Hope and Friendship for Development Organization,HFDO,NNGO
2026-03,West Darfur,Habila - WD,Protection,Hope and Friendship for Development Organization,HFDO,NNGO
2026-03,White Nile,Tendalti,Protection,Caritas Sudan,Sudanaid,INGO
2026-03,Sennar,Sinja,Protection,United Nations Children's Fund,UNICEF,UN Agency
2026-03,Blue Nile,Baw,Protection,Almanar Voluntary Organization,AMVO,NNGO
2026-03,White Nile,Kosti,Protection,Hope and Friendship for Development Organization,HFDO,NNGO
2026-03,Blue Nile,Baw,Protection,Sudan Organization for Local Community Development,SOLD,NNGO
2026-03,Blue Nile,Baw,Protection,International Rescue Committee,IRC,INGO
2026-03,Blue Nile,Wad Al Mahi,Protection,International Rescue Committee,IRC,INGO
2026-03,Blue Nile,Ar Rusayris,Protection,International Rescue Committee,IRC,INGO
2026-03,River Nile,Atbara,Protection,International Rescue Committee,IRC,INGO
2026-03,West Darfur,Kereneik,Protection,Trust for Rehabilitation and Development Organization,TDO,NNGO
2026-03,East Darfur,Ad Du'ayn,Protection,WE ARE ALIGHT,ALIGHT,INGO
2026-03,West Kordofan,As Salam - WK,Protection,WE ARE ALIGHT,ALIGHT,INGO
2026-03,Central Darfur,Mukjar,Protection,World Relief,WR,INGO
2026-03,West Kordofan,Keilak,Protection,WE ARE ALIGHT,ALIGHT,INGO
2026-03,Kassala,Reifi Kassla,Protection,WE ARE ALIGHT,ALIGHT,INGO
2026-03,Central Darfur,Um Dukhun,Protection,World Relief,WR,INGO
2026-03,Sennar,Abu Hujar,Protection,Pan Health Care Organization,PHCO,NNGO
2026-03,River Nile,Atbara,Protection,Child Development Foundation,CDF,NNGO
2026-03,River Nile,Shendi,Protection,National Planning Organization,NPO,NNGO
2026-03,North Darfur,Tawila,Protection,NADA Elazhar for Disaster Privention and Sustainable Development,NADA,NNGO
2026-03,River Nile,Atbara,Protection,National Planning Organization,NPO,NNGO
2026-03,Kassala,Reifi Khashm Elgirba,Protection,WE ARE ALIGHT,ALIGHT,INGO
2026-03,River Nile,Al Buhaira,Protection,National Planning Organization,NPO,NNGO
2026-03,Northern,Dongola,Protection,Child Development Foundation,CDF,NNGO
2026-03,River Nile,Al Matama,Protection,Auttash Organization for Peace and Development,AUTASH,NNGO
2026-03,Kassala,Madeinat Kassala,Protection,WE ARE ALIGHT,ALIGHT,INGO
2026-03,River Nile,Ad Damar,Protection,National Planning Organization,NPO,NNGO
2026-03,Kassala,Halfa Aj Jadeedah,Protection,WE ARE ALIGHT,ALIGHT,INGO
2026-03,River Nile,Al Buhaira,Protection,Child Development Foundation,CDF,NNGO
2026-03,Red Sea,Port Sudan,Protection,Sudanese Coalition for Education for All,SCEFA,NNGO
2026-03,South Darfur,Ed Al Fursan,Protection,Peace Bridge Association,PBA,NNGO
2026-03,Northern,Merwoe,Protection,Child Development Foundation,CDF,NNGO
2026-03,Northern,Delgo,Protection,Child Development Foundation,CDF,NNGO
2026-03,Northern,Al Golid,Protection,Child Development Foundation,CDF,NNGO
2026-03,Northern,Al Golid,Protection,Auttash Organization for Peace and Development,AUTASH,NNGO
2026-03,Northern,Ad Dabbah,Protection,Child Development Foundation,CDF,NNGO
2026-03,South Darfur,Rehaid Albirdi,Protection,Peace Bridge Association,PBA,NNGO
2026-03,North Darfur,Kebkabiya,Protection,Kabkabiya Small holders Charitable Society,KSCS,NNGO
2026-03,North Kordofan,Sheikan,Protection,United Nations Children's Fund,UNICEF,UN Agency
2026-03,North Darfur,As Serief,Protection,Kabkabiya Small holders Charitable Society,KSCS,NNGO
2026-03,North Darfur,Tawila,Protection,National Association for Child Protection,NACP,NNGO
2026-03,North Darfur,Melit,Protection,Relief International,RI,INGO
2026-03,North Darfur,Saraf Omra,Protection,Kabkabiya Small holders Charitable Society,KSCS,NNGO
2026-03,North Darfur,Kutum,Protection,National Association for Child Protection,NACP,NNGO
2026-03,Central Darfur,Um Dukhun,Protection,Danish Refugee Council,DRC,INGO
2026-03,North Darfur,Al Fasher,Protection,National Association for Child Protection,NACP,NNGO
2026-03,West Darfur,Sirba,Protection,Triangle Génération Humanitaire,TGH,INGO
2026-03,Khartoum,Khartoum,Protection,Agency for Technical Cooperation and Development,ACTED,INGO
2026-03,North Darfur,Al Malha,Protection,Relief International,RI,INGO
2026-03,Blue Nile,Baw,Protection,Sudan Social Development Organization,SSDO,NNGO
2026-03,Kassala,Reifi Wad Elhilaiw,Protection,Child Development Foundation,CDF,NNGO
2026-03,Kassala,Madeinat Kassala,Protection,Woman and Child Care Organization,WCC,INGO
2026-03,Blue Nile,Ar Rusayris,Protection,Sudan Social Development Organization,SSDO,NNGO
2026-03,Northern,Ad Dabbah,Protection,NADA Elazhar for Disaster Privention and Sustainable Development,NADA,NNGO
2026-03,East Darfur,Yassin,Protection,Hope and Friendship for Development Organization,HFDO,NNGO
2026-03,Blue Nile,Baw,Protection,Relief International,RI,INGO
2026-03,White Nile,Rabak,Protection,Almanar Voluntary Organization,AMVO,NNGO
2026-03,East Darfur,Shia'ria,Protection,Hope and Friendship for Development Organization,HFDO,NNGO
2026-03,Sennar,Sennar,Protection,Relief International,RI,INGO
2026-03,Central Darfur,Zalingi,Protection,National Association for Child Protection,NACP,NNGO
2026-03,Central Darfur,Wasat Jabal Marrah,Protection,World Relief,WR,INGO
2026-03,White Nile,Aj Jabalain,Protection,Hope and Friendship for Development Organization,HFDO,NNGO
2026-03,White Nile,Kosti,Protection,Agency for Technical Cooperation and Development,ACTED,INGO
2026-03,Khartoum,Karrari,Protection,Relief International,RI,INGO
2026-03,South Darfur,Mershing,Protection,World Vision International,WVI,INGO
2026-03,Central Darfur,Shamal Jabal Marrah,Protection,World Relief,WR,INGO
2026-03,Khartoum,Um Bada,Protection,Relief International,RI,INGO
2026-03,Northern,Ad Dabbah,Protection,Relief International,RI,INGO
2026-03,Central Darfur,Gharb Jabal Marrah,Protection,World Relief,WR,INGO
2026-03,Gedaref,Wasat Al Gedaref,Protection,Agency for Technical Cooperation and Development,ACTED,INGO
2026-03,Khartoum,Karrari,Protection,Almanar Voluntary Organization,AMVO,NNGO
2026-03,Central Darfur,Wasat Jabal Marrah,Protection,Danish Refugee Council,DRC,INGO
2026-03,Aj Jazirah,Al Manaqil,Protection,Relief International,RI,INGO
2026-03,White Nile,Aj Jabalain,Protection,Agency for Technical Cooperation and Development,ACTED,INGO
2026-03,Blue Nile,Ed Damazine,Protection,Pan Health Care Organization,PHCO,NNGO
2026-03,Northern,Dongola,Protection,International Organization for Migration,IOM,UN Agency
2026-03,Northern,Halfa,Protection,International Organization for Migration,IOM,UN Agency
2026-03,Khartoum,Khartoum,Protection,International Organization for Migration,IOM,UN Agency
2026-03,Blue Nile,Baw,Protection,Child Development Foundation,CDF,NNGO
2026-03,White Nile,Kosti,Protection,Almanar Voluntary Organization,AMVO,NNGO
2026-03,South Darfur,Nyala Shimal,Protection,World Vision International,WVI,INGO
2026-03,Gedaref,Madeinat Al Gedaref,Protection,Agency for Technical Cooperation and Development,ACTED,INGO
2026-03,East Darfur,Al Firdous,Protection,World Vision International,WVI,INGO
2026-03,South Kordofan,Dilling,Protection,Almanar Voluntary Organization,AMVO,NNGO
2026-03,East Darfur,Ad Du'ayn,Protection,World Vision International,WVI,INGO
2026-03,River Nile,Ad Damar,Protection,NADA Elazhar for Disaster Privention and Sustainable Development,NADA,NNGO
2026-03,North Kordofan,Sheikan,Protection,Plan International,PI,INGO
2026-03,Blue Nile,Ed Damazine,Protection,Save the Children International,SCI,INGO
2026-03,Red Sea,Port Sudan,Protection,Islamic Relief Worldwide,IRW,INGO
2026-03,Gedaref,Wasat Al Gedaref,Protection,Hope and Friendship for Development Organization,HFDO,NNGO
2026-03,South Kordofan,Habila - SK,Protection,Save the Children International,SCI,INGO
2026-03,West Darfur,Habila - WD,Protection,Child Development Foundation,CDF,NNGO
2026-03,Sennar,Sinja,Protection,Save the Children International,SCI,INGO
2026-03,Sennar,Abu Hujar,Protection,Save the Children International,SCI,INGO
2026-03,Gedaref,Wasat Al Gedaref,Protection,Almanar Voluntary Organization,AMVO,NNGO
2026-03,River Nile,Ad Damar,Protection,Save the Children International,SCI,INGO
2026-03,North Kordofan,Sheikan,Protection,Save the Children International,SCI,INGO
2026-03,Gedaref,Al Mafaza,Protection,Almanar Voluntary Organization,AMVO,NNGO
2026-03,North Darfur,Kelemando,Protection,Save the Children International,SCI,INGO
2026-03,Gedaref,Al Fao,Protection,Almanar Voluntary Organization,AMVO,NNGO
2026-03,Central Darfur,Wasat Jabal Marrah,Protection,Triangle Génération Humanitaire,TGH,INGO
2026-03,Khartoum,Um Bada,Protection,Save the Children International,SCI,INGO
2026-03,Aj Jazirah,Medani Al Kubra,Protection,Save the Children International,SCI,INGO
2026-03,White Nile,Al Gitaina,Protection,JASMAR Human Security Organization,JHSO,NNGO
2026-03,White Nile,Aj Jabalain,Protection,JASMAR Human Security Organization,JHSO,NNGO
2026-03,Khartoum,Um Durman,Protection,National Units for Mine Action and Development Organization,NUMAD,NNGO
2026-03,Gedaref,Wasat Al Gedaref,Protection,CAFA Development Organization,CAFA,NNGO
2026-03,Khartoum,Jebel Awlia,Protection,National Units for Mine Action and Development Organization,NUMAD,NNGO
2026-03,Red Sea,Port Sudan,Protection,Abu Hadia Society for Women and Community Devleopment,AHSWCD,NNGO
2026-03,Khartoum,Um Durman,Protection,JASMAR Human Security Organization,JHSO,NNGO
2026-03,Sennar,Sennar,Protection,Child Development Foundation,CDF,NNGO
2026-03,Gedaref,Al Galabat Al Gharbyah - Kassab,Protection,WE ARE ALIGHT,ALIGHT,INGO
2026-03,Sennar,As Suki,Protection,Child Development Foundation,CDF,NNGO
2026-03,Gedaref,Al Galabat Al Gharbyah - Kassab,Protection,Norwegian Church Aid,NCA,INGO
2026-03,River Nile,Atbara,Protection,Sudan Family Planning Association,SFPA,NNGO
2026-03,River Nile,Ad Damar,Protection,Sudan Family Planning Association,SFPA,NNGO
2026-03,Gedaref,Madeinat Al Gedaref,Protection,Norwegian Church Aid,NCA,INGO
2026-03,Gedaref,Madeinat Al Gedaref,Protection,Sudan Family Planning Association,SFPA,NNGO
2026-03,Aj Jazirah,Medani Al Kubra,Protection,Sudan Family Planning Association,SFPA,NNGO
2026-03,Gedaref,Wasat Al Gedaref,Protection,WE ARE ALIGHT,ALIGHT,INGO
2026-03,Red Sea,Port Sudan,Protection,WE ARE ALIGHT,ALIGHT,INGO
2026-03,Gedaref,Wasat Al Gedaref,Protection,Sudan Family Planning Association,SFPA,NNGO
2026-03,Kassala,Madeinat Kassala,Protection,Plan International,PI,INGO
2026-03,Khartoum,Um Durman,Protection,NADA Elazhar for Disaster Privention and Sustainable Development,NADA,NNGO
2026-03,Gedaref,Wasat Al Gedaref,Protection,Norwegian Church Aid,NCA,INGO
2026-03,Gedaref,Madeinat Al Gedaref,Protection,WE ARE ALIGHT,ALIGHT,INGO
2026-03,River Nile,Al Matama,Protection,NADA Elazhar for Disaster Privention and Sustainable Development,NADA,NNGO
2026-03,Gedaref,Al Fao,Protection,WE ARE ALIGHT,ALIGHT,INGO
2026-03,Khartoum,Sharg An Neel,Protection,Relief International,RI,INGO
2026-03,Aj Jazirah,Um Algura,Protection,National Units for Mine Action and Development Organization,NUMAD,NNGO
2026-03,Khartoum,Khartoum,Protection,JASMAR Human Security Organization,JHSO,NNGO
2026-03,Khartoum,Bahri,Protection,JASMAR Human Security Organization,JHSO,NNGO
2026-03,Kassala,Reifi Kassla,Protection,Friends of Peace & Development Organization,FPDO,NNGO
2026-03,Sennar,Sharg Sennar,Protection,Child Development Foundation,CDF,NNGO
2026-03,Khartoum,Bahri,Protection,Save the Children International,SCI,INGO
2026-03,White Nile,Al Gitaina,Protection,Friends of Peace & Development Organization,FPDO,NNGO
2026-03,Gedaref,Wasat Al Gedaref,Protection,International Rescue Committee,IRC,INGO
2026-03,Khartoum,Bahri,Protection,NADA Elazhar for Disaster Privention and Sustainable Development,NADA,NNGO
2026-03,North Kordofan,Um Rawaba,Protection,Save the Children International,SCI,INGO
2026-03,Gedaref,Wasat Al Gedaref,Protection,Plan International,PI,INGO
2026-03,Blue Nile,Al Kurmuk,Protection,Child Development Foundation,CDF,NNGO
2026-03,Gedaref,Madeinat Al Gedaref,Protection,International Organization for Migration,IOM,UN Agency
2026-03,Red Sea,Port Sudan,Protection,Sudan Family Planning Association,SFPA,NNGO
2026-03,Khartoum,Karrari,Protection,Abu Hadia Society for Women and Community Devleopment,AHSWCD,NNGO
2026-03,Sennar,As Suki,Protection,Relief International,RI,INGO
2026-03,Red Sea,Port Sudan,Protection,Relief International,RI,INGO
2026-03,Blue Nile,Ar Rusayris,Protection,Relief International,RI,INGO
2026-03,East Darfur,Ad Du'ayn,Protection,Hope and Friendship for Development Organization,HFDO,NNGO
2026-03,Blue Nile,Ed Damazine,Protection,Relief International,RI,INGO
2026-03,Kassala,Halfa Aj Jadeedah,Protection,Woman and Child Care Organization,WCC,INGO
2026-03,Northern,Halfa,Protection,NADA Elazhar for Disaster Privention and Sustainable Development,NADA,NNGO
2026-03,Gedaref,Al Mafaza,Protection,International Rescue Committee,IRC,INGO
2026-03,Khartoum,Karrari,Protection,International Rescue Committee,IRC,INGO
2026-03,North Darfur,Kelemando,Protection,Auttash Organization for Peace and Development,AUTASH,NNGO
2026-03,South Darfur,Nyala Janoub,Protection,Peace Bridge Association,PBA,NNGO
2026-03,South Darfur,Gereida,Protection,Peace Bridge Association,PBA,NNGO
2026-03,West Darfur,Sirba,Protection,Trust for Rehabilitation and Development Organization,TDO,NNGO
2026-03,North Darfur,Tawila,Protection,Relief International,RI,INGO
2026-03,Northern,Halfa,Protection,Child Development Foundation,CDF,NNGO
2026-03,River Nile,Ad Damar,Protection,Child Development Foundation,CDF,NNGO
2026-03,River Nile,Barbar,Protection,Child Development Foundation,CDF,NNGO
2026-03,North Darfur,Dar As Salam,Protection,Tabasheer for Aid and Development Organization,TADO,NNGO
2026-03,North Darfur,Tawila,Protection,Friends of Peace & Development Organization,FPDO,NNGO
2026-03,West Darfur,Ag Geneina,Protection,Triangle Génération Humanitaire,TGH,INGO
2026-03,Central Darfur,Zalingi,Protection,NADA Elazhar for Disaster Privention and Sustainable Development,NADA,NNGO
2026-03,Gedaref,Wasat Al Gedaref,Protection,Rural Development Organization,RDO,NNGO
2026-03,Gedaref,Wasat Al Gedaref,Protection,Sudan Zero Waste Organization,SZWO,NNGO
2026-03,Central Darfur,Zalingi,Protection,Trust for Rehabilitation and Development Organization,TDO,NNGO
2026-03,Central Darfur,Um Dukhun,Protection,Trust for Rehabilitation and Development Organization,TDO,NNGO
2026-03,South Darfur,Mershing,Protection,LM International,LMI,INGO
2026-03,North Darfur,Tawila,Protection,Hope and Friendship for Development Organization,HFDO,NNGO
2026-03,White Nile,Rabak,Protection,United Nations Children's Fund,UNICEF,UN Agency
2026-03,Blue Nile,Ed Damazine,Protection,United Nations Children's Fund,UNICEF,UN Agency
2026-03,South Darfur,Beliel,Protection,Child Development Foundation,CDF,NNGO
2026-03,Sennar,Sennar,Protection,United Nations Children's Fund,UNICEF,UN Agency
2026-03,West Darfur,Habila - WD,Protection,Trust for Rehabilitation and Development Organization,TDO,NNGO
2026-03,Sennar,Abu Hujar,Protection,United Nations Children's Fund,UNICEF,UN Agency
2026-03,Kassala,Reifi Kassla,Protection,JASMAR Human Security Organization,JHSO,NNGO
2026-03,River Nile,Barbar,Protection,Auttash Organization for Peace and Development,AUTASH,NNGO
2026-03,River Nile,Abu Hamad,Protection,National Planning Organization,NPO,NNGO
2026-03,South Darfur,Nyala Janoub,Protection,Women for Peace and Development Organization,WPDO,NNGO
2026-03,Blue Nile,Wad Al Mahi,Protection,Sudan Social Development Organization,SSDO,NNGO
2026-03,Aj Jazirah,Al Manaqil,Protection,NADA Elazhar for Disaster Privention and Sustainable Development,NADA,NNGO
2026-03,South Darfur,Beliel,Protection,World Vision International,WVI,INGO
2026-03,Gedaref,Al Galabat Al Gharbyah - Kassab,Protection,Agency for Technical Cooperation and Development,ACTED,INGO
2026-03,South Darfur,Nyala Janoub,Protection,World Vision International,WVI,INGO
2026-03,West Darfur,Kereneik,Protection,Child Development Foundation,CDF,NNGO
2026-03,Khartoum,Um Bada,Protection,Almanar Voluntary Organization,AMVO,NNGO
2026-03,South Kordofan,Dilling,Protection,Save the Children International,SCI,INGO
2026-03,Sennar,Sharg Sennar,Protection,Save the Children International,SCI,INGO
2026-03,Aj Jazirah,Al Manaqil,Protection,Save the Children International,SCI,INGO
2026-03,Khartoum,Bahri,Protection,National Units for Mine Action and Development Organization,NUMAD,NNGO
2026-03,Khartoum,Karrari,Protection,NADA Elazhar for Disaster Privention and Sustainable Development,NADA,NNGO
2026-03,Gedaref,Galabat Ash-Shargiah,Protection,Norwegian Church Aid,NCA,INGO
2026-03,White Nile,Um Rimta,Protection,JASMAR Human Security Organization,JHSO,NNGO
2026-03,Khartoum,Khartoum,Protection,Friends of Peace & Development Organization,FPDO,NNGO
2026-03,Aj Jazirah,Al Kamlin,Protection,Friends of Peace & Development Organization,FPDO,NNGO
2026-03,Gedaref,Al Galabat Al Gharbyah - Kassab,Protection,Hope and Friendship for Development Organization,HFDO,NNGO
2026-03,Gedaref,Madeinat Al Gedaref,Protection,Hope and Friendship for Development Organization,HFDO,NNGO
2026-03,Northern,Dongola,Protection,Relief International,RI,INGO
2026-03,North Darfur,Tawila,Protection,Save the Children International,SCI,INGO
2026-03,Central Darfur,Gharb Jabal Marrah,Protection,Danish Refugee Council,DRC,INGO
2026-03,North Darfur,Al Lait,Protection,Auttash Organization for Peace and Development,AUTASH,NNGO
2026-03,South Darfur,Buram,Protection,Peace Bridge Association,PBA,NNGO
2026-03,Northern,Dongola,Protection,Building Resilience Development Organization,BRDO,NNGO
2026-03,North Darfur,Tawila,Protection,World Relief,WR,INGO
2026-03,North Darfur,Tawila,Protection,Tabasheer for Aid and Development Organization,TADO,NNGO
2026-03,Gedaref,Madeinat Al Gedaref,Protection,Sudan Zero Waste Organization,SZWO,NNGO
2026-03,Kassala,Reifi Gharb Kassala,Protection,Hope and Friendship for Development Organization,HFDO,NNGO
2026-03,Central Darfur,Zalingi,Protection,Alswaid Alkhdara Organization,AAO,NNGO
2026-03,White Nile,Rabak,Protection,International Rescue Committee,IRC,INGO
2026-03,Sennar,Sharg Sennar,Protection,United Nations Children's Fund,UNICEF,UN Agency
2026-03,Sennar,As Suki,Protection,United Nations Children's Fund,UNICEF,UN Agency
2026-03,East Darfur,Shia'ria,Protection,WE ARE ALIGHT,ALIGHT,INGO
2026-03,Sennar,Ad Dinder,Protection,United Nations Children's Fund,UNICEF,UN Agency
2026-03,West Kordofan,An Nuhud,Protection,Islamic Relief Worldwide,IRW,INGO
2026-03,Northern,Dongola,Protection,NADA Elazhar for Disaster Privention and Sustainable Development,NADA,NNGO
2026-03,East Darfur,Abu Karinka,Protection,Hope and Friendship for Development Organization,HFDO,NNGO
2026-03,South Kordofan,Heiban,Protection,Save the Children International,SCI,INGO
2026-03,River Nile,Atbara,Protection,Save the Children International,SCI,INGO
2026-03,Khartoum,Bahri,Protection,Friends of Peace & Development Organization,FPDO,NNGO
2026-03,North Darfur,Tawila,Protection,Plan International,PI,INGO
2026-03,Kassala,Reifi Telkok,Protection,Friends of Peace & Development Organization,FPDO,NNGO
2026-03,South Darfur,Sharg Aj Jabal,Protection,World Vision International,WVI,INGO
2026-03,Kassala,Reifi Nahr Atbara,Protection,WE ARE ALIGHT,ALIGHT,INGO
2026-03,Central Darfur,Wadi Salih,Protection,Action against hunger - Spain,ACF -Spain,INGO
2026-03,South Kordofan,Talawdi,Protection,Nonviolent Peaceforce,NP,INGO
2026-03,Sennar,Ad Dinder,Protection,CAFA Development Organization,CAFA,NNGO
2026-03,White Nile,Kosti,Protection,JASMAR Human Security Organization,JHSO,NNGO
2026-03,North Darfur,At Tawisha,Protection,Auttash Organization for Peace and Development,AUTASH,NNGO
2026-03,North Darfur,Tawila,Protection,Sahari Organization For Development,SAHARI,NNGO
2026-03,North Darfur,Tawila,Protection,Trust for Rehabilitation and Development Organization,TDO,NNGO
2026-03,Central Darfur,Zalingi,Protection,Norwegian Refugee Council,NRC,INGO
2026-03,West Darfur,Foro Baranga,Protection,Triangle Génération Humanitaire,TGH,INGO
2026-03,South Darfur,Nyala Janoub,Protection,Rural Development Organization,RDO,NNGO
2026-03,White Nile,Ad Diwaim,Protection,NADA Elazhar for Disaster Privention and Sustainable Development,NADA,NNGO
2026-03,Aj Jazirah,Al Qurashi,Protection,NADA Elazhar for Disaster Privention and Sustainable Development,NADA,NNGO
2026-03,Khartoum,Khartoum,Logistics,World Food Programme,WFP,UN Agency
2026-03,Kassala,Madeinat Kassala,Logistics,World Food Programme,WFP,UN Agency
2026-03,Northern,Dongola,Logistics,World Food Programme,WFP,UN Agency
2026-03,Red Sea,Port Sudan,Logistics,World Food Programme,WFP,UN Agency
2026-03,South Kordofan,Dilling,Logistics,World Food Programme,WFP,UN Agency
2026-03,Gedaref,Madeinat Al Gedaref,Logistics,World Food Programme,WFP,UN Agency
2026-03,Central Darfur,Zalingi,Logistics,World Food Programme,WFP,UN Agency
2026-03,Central Darfur,Um Dukhun,Logistics,World Food Programme,WFP,UN Agency
2026-03,Central Darfur,Gharb Jabal Marrah,Logistics,World Food Programme,WFP,UN Agency
2026-03,Central Darfur,Wasat Jabal Marrah,Logistics,World Food Programme,WFP,UN Agency
2026-03,West Darfur,Ag Geneina,Logistics,World Food Programme,WFP,UN Agency
2026-03,North Darfur,Al Fasher,Logistics,World Food Programme,WFP,UN Agency
2026-03,North Darfur,Tawila,Logistics,World Food Programme,WFP,UN Agency
2026-03,Gedaref,Galabat Ash-Shargiah,Logistics,World Food Programme,WFP,UN Agency
2026-03,Blue Nile,Ed Damazine,Logistics,World Food Programme,WFP,UN Agency
2026-03,White Nile,Kosti,Logistics,World Food Programme,WFP,UN Agency
2026-03,Red Sea,Port Sudan,Emergency Telecommunications,World Food Programme,WFP,UN Agency
2026-03,White Nile,Kosti,Emergency Telecommunications,World Food Programme,WFP,UN Agency
2026-03,Gedaref,Madeinat Al Gedaref,Emergency Telecommunications,World Food Programme,WFP,UN Agency
2026-03,Blue Nile,Ed Damazine,Emergency Telecommunications,World Food Programme,WFP,UN Agency
2026-03,Kassala,Madeinat Kassala,Emergency Telecommunications,World Food Programme,WFP,UN Agency
2026-03,River Nile,Atbara,Emergency Telecommunications,World Food Programme,WFP,UN Agency
2026-03,Khartoum,Khartoum,Emergency Telecommunications,World Food Programme,WFP,UN Agency
2026-03,Aj Jazirah,Medani Al Kubra,Food Security and Livelihoods,Sudanese Organisation for Relief and Recovery,SORR,NNGO
2026-03,South Kordofan,Abassiya,Health,CARE International in Sudan,CARE,INGO
2026-03,South Kordofan,At Tadamon - SK,Health,CARE International in Sudan,CARE,INGO
2026-03,South Kordofan,Ar Rashad,Health,CARE International in Sudan,CARE,INGO
2026-03,South Kordofan,Abu Jubayhah,Health,CARE International in Sudan,CARE,INGO
2026-03,South Darfur,Sharg Aj Jabal,Health,CARE International in Sudan,CARE,INGO
2026-03,South Darfur,Nyala Shimal,Health,CARE International in Sudan,CARE,INGO
2026-03,South Darfur,Beliel,Health,CARE International in Sudan,CARE,INGO
2026-03,North Darfur,Tawila,Health,CARE International in Sudan,CARE,INGO
2026-03,Khartoum,Um Durman,Health,CARE International in Sudan,CARE,INGO
2026-03,Khartoum,Karrari,Health,CARE International in Sudan,CARE,INGO
2026-03,Khartoum,Jebel Awlia,Health,CARE International in Sudan,CARE,INGO
2026-03,Khartoum,Khartoum,Health,CARE International in Sudan,CARE,INGO
2026-03,Kassala,Reifi Aroma,Health,CARE International in Sudan,CARE,INGO
2026-03,Kassala,Reifi Wad Elhilaiw,Health,CARE International in Sudan,CARE,INGO
2026-03,East Darfur,Shia'ria,Health,CARE International in Sudan,CARE,INGO
2026-03,East Darfur,Yassin,Health,CARE International in Sudan,CARE,INGO
2026-03,East Darfur,Assalaya,Health,CARE International in Sudan,CARE,INGO
2026-03,East Darfur,Bahr Al Arab,Health,CARE International in Sudan,CARE,INGO
2026-03,East Darfur,Abu Jabrah,Health,CARE International in Sudan,CARE,INGO
2026-03,East Darfur,Al Firdous,Health,CARE International in Sudan,CARE,INGO
2026-03,East Darfur,Abu Karinka,Health,CARE International in Sudan,CARE,INGO
2026-03,Aj Jazirah,Medani Al Kubra,Health,CARE International in Sudan,CARE,INGO
2026-03,East Darfur,Al Firdous,Food Security and Livelihoods,World Vision International,WVI,INGO
2026-03,South Kordofan,Abu Jubayhah,Food Security and Livelihoods,World Vision International,WVI,INGO
2026-03,South Kordofan,Al Leri,Food Security and Livelihoods,World Vision International,WVI,INGO
2026-03,South Kordofan,Ghadeer,Food Security and Livelihoods,World Vision International,WVI,INGO
2026-03,South Kordofan,Abassiya,Food Security and Livelihoods,World Vision International,WVI,INGO
2026-03,South Darfur,Kas,Food Security and Livelihoods,World Vision International,WVI,INGO
2026-03,South Darfur,Nyala Janoub,Food Security and Livelihoods,World Vision International,WVI,INGO
2026-03,South Darfur,Beliel,Food Security and Livelihoods,World Vision International,WVI,INGO
2026-03,Gedaref,Al Mafaza,Health,CARE International in Sudan,CARE,INGO
2026-03,White Nile,Kosti,Multi-Purpose Cash,Adventist Development and Relief Agency,ADRA,INGO
2026-03,White Nile,Rabak,Multi-Purpose Cash,Adventist Development and Relief Agency,ADRA,INGO
2026-03,White Nile,As Salam / Ar Rawat,Multi-Purpose Cash,Adventist Development and Relief Agency,ADRA,INGO
2026-03,West Kordofan,An Nuhud,Health,CARE International in Sudan,CARE,INGO
2026-03,West Kordofan,An Nuhud,Health,CAFA Development Organization,CAFA,NNGO
2026-03,West Darfur,Ag Geneina,Health,Sudanese Red Crescent Society,SRCS,Red Cross
2026-03,North Darfur,Tawila,Health,Tabasheer for Aid and Development Organization,TADO,NNGO
2026-03,Gedaref,Al Fao,Health,Patient Helping Fund,PHF,NNGO
2026-03,Gedaref,Wasat Al Gedaref,Health,Patient Helping Fund,PHF,NNGO
2026-03,North Darfur,Al Fasher,Health,Tabasheer for Aid and Development Organization,TADO,NNGO
2026-03,Northern,Merwoe,Health,Building Foundation for Development,BFD,NNGO
2026-03,North Kordofan,Ar Rahad-NK,Health,Sudan Social Development Organization,SSDO,NNGO
2026-03,North Kordofan,Sheikan,Health,Sudan Social Development Organization,SSDO,NNGO
2026-03,North Darfur,Al Koma,Health,Tabasheer for Aid and Development Organization,TADO,NNGO
2026-03,Central Darfur,Shamal Jabal Marrah,Health,Saeker Voluntary Organization,SVO,NNGO
2026-03,White Nile,Um Rimta,Health,Sudan Social Development Organization,SSDO,NNGO
2026-03,White Nile,Guli,Health,Sudan Social Development Organization,SSDO,NNGO
2026-03,White Nile,As Salam / Ar Rawat,Health,Sudan Social Development Organization,SSDO,NNGO
2026-03,South Kordofan,Habila - SK,Health,Goal Global,GOAL,INGO
2026-03,South Kordofan,Ghadeer,Health,Goal Global,GOAL,INGO
2026-03,South Kordofan,Talawdi,Health,Goal Global,GOAL,INGO
2026-03,South Kordofan,Ar Rashad,Health,Goal Global,GOAL,INGO
2026-03,South Kordofan,Abu Kershola,Health,Goal Global,GOAL,INGO
2026-03,River Nile,Barbar,Health,Building Foundation for Development,BFD,NNGO
2026-03,River Nile,Atbara,Health,Building Foundation for Development,BFD,NNGO
2026-03,River Nile,Al Matama,Health,Building Foundation for Development,BFD,NNGO
2026-03,North Darfur,Um Baru,Health,"Aljuzur Organization for Peace, Rehabilitation and Development",JPRD,NNGO
2026-03,North Darfur,Kernoi,Health,"Aljuzur Organization for Peace, Rehabilitation and Development",JPRD,NNGO
2026-03,North Darfur,At Tina,Health,"Aljuzur Organization for Peace, Rehabilitation and Development",JPRD,NNGO
2026-03,North Darfur,Kelemando,Health,Tabasheer for Aid and Development Organization,TADO,NNGO
2026-03,Kassala,Reifi Shamal Ad Delta,Health,Patient Helping Fund,PHF,NNGO
2026-03,Kassala,Reifi Aroma,Health,Patient Helping Fund,PHF,NNGO
2026-03,Kassala,Reifi Wad Elhilaiw,Health,Patient Helping Fund,PHF,NNGO
2026-03,Kassala,Reifi Khashm Elgirba,Health,Patient Helping Fund,PHF,NNGO
2026-03,Kassala,Madeinat Kassala,Health,Building Resilience Development Organization,BRDO,NNGO
2026-03,Kassala,Halfa Aj Jadeedah,Health,Patient Helping Fund,PHF,NNGO
2026-03,Kassala,Halfa Aj Jadeedah,Health,Building Resilience Development Organization,BRDO,NNGO
2026-03,Gedaref,Wasat Al Gedaref,Health,WE ARE ALIGHT,ALIGHT,INGO
2026-03,Aj Jazirah,Sharg Al Jazirah,Health,Building Foundation for Development,BFD,NNGO
2026-03,Aj Jazirah,Medani Al Kubra,Health,Building Foundation for Development,BFD,NNGO
2026-03,South Kordofan,Dilling,Health,Goal Global,GOAL,INGO
2026-03,South Darfur,Ed Al Fursan,Health,Rufaida Health Foundation,RHF,NNGO
2026-03,South Darfur,Rehaid Albirdi,Health,Rufaida Health Foundation,RHF,NNGO
2026-03,South Darfur,Um Dafoug,Health,Rufaida Health Foundation,RHF,NNGO
2026-03,Sennar,Sennar,Health,Patient Helping Fund,PHF,NNGO
2026-03,North Darfur,As Serief,Health,Auttash Organization for Peace and Development,AUTASH,NNGO
2026-03,North Darfur,Saraf Omra,Health,Auttash Organization for Peace and Development,AUTASH,NNGO
2026-03,East Darfur,Yassin,Health,World Relief,WR,INGO
2026-03,River Nile,Al Buhaira,Health,Building Foundation for Development,BFD,NNGO
2026-03,River Nile,Abu Hamad,Health,Building Foundation for Development,BFD,NNGO
2026-03,North Darfur,Kelemando,Health,Patient Helping Fund,PHF,NNGO
2026-03,Kassala,Madeinat Kassala,Health,Build Resilience Humanitarian Organization,BRHO,INGO
2026-03,East Darfur,Yassin,Health,World Vision International,WVI,INGO
2026-03,East Darfur,Al Firdous,Health,World Relief,WR,INGO
2026-03,Blue Nile,Ar Rusayris,Health,Patient Helping Fund,PHF,NNGO
2026-03,Blue Nile,Ed Damazine,Health,Patient Helping Fund,PHF,NNGO
2026-03,Blue Nile,Baw,Health,Patient Helping Fund,PHF,NNGO
2026-03,Blue Nile,Al Kurmuk,Health,Patient Helping Fund,PHF,NNGO
2026-03,South Darfur,Nyala Shimal,Multi-Purpose Cash,MERCY CORPS,MC,INGO
2026-03,South Darfur,Nyala Janoub,Multi-Purpose Cash,MERCY CORPS,MC,INGO
2026-03,South Darfur,Nyala Shimal,Food Security and Livelihoods,World Vision International,WVI,INGO
2026-03,White Nile,Aj Jabalain,Multi-Purpose Cash,Adventist Development and Relief Agency,ADRA,INGO
2026-03,Central Darfur,Wasat Jabal Marrah,Multi-Purpose Cash,MERCY CORPS,MC,INGO
2026-03,South Darfur,Mershing,Food Security and Livelihoods,World Vision International,WVI,INGO
2026-03,Central Darfur,Zalingi,Multi-Purpose Cash,MERCY CORPS,MC,INGO
2026-03,East Darfur,Ad Du'ayn,Food Security and Livelihoods,World Vision International,WVI,INGO
2026-03,Khartoum,Um Durman,Health,Sudanese American Physicians Association,SAPA,INGO
2026-03,East Darfur,Yassin,Nutrition,Sudan Assist for Development Organization,SADO,NNGO
2026-03,Kassala,Reifi Wad Elhilaiw,Nutrition,Welthungerhilfe (German Agro Action),WHH,INGO
2026-03,Kassala,Reifi Kassla,Nutrition,Welthungerhilfe (German Agro Action),WHH,INGO
2026-03,East Darfur,Al Firdous,Nutrition,Sudan Assist for Development Organization,SADO,NNGO
2026-03,Central Darfur,Zalingi,Nutrition,World Relief,WR,INGO
2026-03,Central Darfur,Zalingi,Nutrition,Sudanese Red Crescent Society,SRCS,Red Cross
2026-03,Central Darfur,Zalingi,Nutrition,Save the Children International,SCI,INGO
2026-03,Central Darfur,Zalingi,Nutrition,Premiere Urgence Internationale,PUI,INGO
2026-03,Central Darfur,Zalingi,Nutrition,International Medical Corps,IMC,INGO
2026-03,Central Darfur,Zalingi,Nutrition,Action Against Hunger,AAH,INGO
2026-03,East Darfur,Yassin,Nutrition,CARE International in Sudan,CARE,INGO
2026-03,East Darfur,Yassin,Nutrition,WE ARE ALIGHT,ALIGHT,INGO
2026-03,Central Darfur,Wasat Jabal Marrah,Nutrition,World Relief,WR,INGO
2026-03,Central Darfur,Wasat Jabal Marrah,Nutrition,Save the Children International,SCI,INGO
2026-03,Central Darfur,Wasat Jabal Marrah,Nutrition,International Medical Corps,IMC,INGO
2026-03,Central Darfur,Wasat Jabal Marrah,Nutrition,Catholic Relief Services,CRS,INGO
2026-03,Gedaref,Wasat Al Gedaref,Nutrition,Save the Children International,SCI,INGO
2026-03,Gedaref,Wasat Al Gedaref,Nutrition,Relief International,RI,INGO
2026-03,Central Darfur,Wadi Salih,Nutrition,World Relief,WR,INGO
2026-03,Central Darfur,Wadi Salih,Nutrition,Sudanese Red Crescent Society,SRCS,Red Cross
2026-03,Central Darfur,Wadi Salih,Nutrition,Action Against Hunger,AAH,INGO
2026-03,Blue Nile,Wad Al Mahi,Nutrition,World Relief,WR,INGO
2026-03,Blue Nile,Wad Al Mahi,Nutrition,International Rescue Committee,IRC,INGO
2026-03,White Nile,Um Rimta,Nutrition,Plan International,PI,INGO
2026-03,North Darfur,Um Kadadah,Nutrition,Sahari Organization For Development,SAHARI,NNGO
2026-03,Khartoum,Um Durman,Nutrition,Sudanese American Physicians Association,SAPA,INGO
2026-03,Khartoum,Um Durman,Nutrition,Muslim Aid Sudan,MAS,INGO
2026-03,Central Darfur,Um Dukhun,Nutrition,World Relief,WR,INGO
2026-03,Central Darfur,Um Dukhun,Nutrition,International Medical Corps,IMC,INGO
2026-03,Central Darfur,Um Dukhun,Nutrition,Catholic Relief Services,CRS,INGO
2026-03,North Darfur,Um Baru,Nutrition,Goal Global,GOAL,INGO
2026-03,North Darfur,Um Baru,Nutrition,Welthungerhilfe (German Agro Action),WHH,INGO
2026-03,North Darfur,Um Baru,Nutrition,"Aljuzur Organization for Peace, Rehabilitation and Development",JPRD,NNGO
2026-03,Khartoum,Um Bada,Nutrition,Relief International,RI,INGO
2026-03,Khartoum,Um Bada,Nutrition,Medical Teams International,MTI,INGO
2026-03,North Darfur,Tawila,Nutrition,CARE International in Sudan,CARE,INGO
2026-03,North Darfur,Tawila,Nutrition,Auttash Organization for Peace and Development,AUTASH,NNGO
2026-03,North Darfur,Tawila,Nutrition,The Alliance for International Medical Action,ALIMA,INGO
2026-03,South Kordofan,Talawdi,Nutrition,Goal Global,GOAL,INGO
2026-03,South Kordofan,Talawdi,Nutrition,Concern WorldWide,CWW,INGO
2026-03,West Darfur,Sirba,Nutrition,World Relief,WR,INGO
2026-03,West Darfur,Sirba,Nutrition,Premiere Urgence Internationale,PUI,INGO
2026-03,Sennar,Sinja,Nutrition,Relief International,RI,INGO
2026-03,East Darfur,Shia'ria,Nutrition,WE ARE ALIGHT,ALIGHT,INGO
2026-03,South Darfur,Shattaya,Nutrition,National Initiative Development Organization,NIDO,NNGO
2026-03,Khartoum,Sharg An Neel,Nutrition,Medair,Medair,INGO
2026-03,Khartoum,Sharg An Neel,Nutrition,International Medical Corps,IMC,INGO
2026-03,Aj Jazirah,Sharg Al Jazirah,Nutrition,Relief International,RI,INGO
2026-03,Aj Jazirah,Sharg Al Jazirah,Nutrition,Muslim Aid Sudan,MAS,INGO
2026-03,Aj Jazirah,Sharg Al Jazirah,Nutrition,International Rescue Committee,IRC,INGO
2026-03,Aj Jazirah,Sharg Al Jazirah,Nutrition,Building Foundation for Development,BFD,NNGO
2026-03,South Darfur,Sharg Aj Jabal,Nutrition,National Initiative Development Organization,NIDO,NNGO
2026-03,South Darfur,Sharg Aj Jabal,Nutrition,CARE International in Sudan,CARE,INGO
2026-03,South Darfur,Sharg Aj Jabal,Nutrition,WE ARE ALIGHT,ALIGHT,INGO
2026-03,Central Darfur,Shamal Jabal Marrah,Nutrition,World Relief,WR,INGO
2026-03,Central Darfur,Shamal Jabal Marrah,Nutrition,Save the Children International,SCI,INGO
2026-03,Central Darfur,Shamal Jabal Marrah,Nutrition,Catholic Relief Services,CRS,INGO
2026-03,Sennar,Sennar,Nutrition,Save the Children International,SCI,INGO
2026-03,Sennar,Sennar,Nutrition,Relief International,RI,INGO
2026-03,Sennar,Sennar,Nutrition,Pan Health Care Organization,PHCO,NNGO
2026-03,Red Sea,Sawakin,Nutrition,Save the Children International,SCI,INGO
2026-03,Red Sea,Sawakin,Nutrition,Welthungerhilfe (German Agro Action),WHH,INGO
2026-03,North Darfur,Saraf Omra,Nutrition,Welthungerhilfe (German Agro Action),WHH,INGO
2026-03,Kassala,Reifi Wad Elhilaiw,Nutrition,JASMAR Human Security Organization,JHSO,NNGO
2026-03,Kassala,Reifi Khashm Elgirba,Nutrition,JASMAR Human Security Organization,JHSO,NNGO
2026-03,Kassala,Reifi Hamashkureib,Nutrition,Samaritan's Purse,SP,INGO
2026-03,Kassala,Reifi Hamashkureib,Nutrition,Welthungerhilfe (German Agro Action),WHH,INGO
2026-03,White Nile,Rabak,Nutrition,Plan International,PI,INGO
2026-03,White Nile,Rabak,Nutrition,International Rescue Committee,IRC,INGO
2026-03,Red Sea,Port Sudan,Nutrition,Sudanese American Physicians Association,SAPA,INGO
2026-03,Red Sea,Port Sudan,Nutrition,Relief International,RI,INGO
2026-03,Red Sea,Port Sudan,Nutrition,Welthungerhilfe (German Agro Action),WHH,INGO
2026-03,South Darfur,Nyala Shimal,Nutrition,International Medical Corps,IMC,INGO
2026-03,South Darfur,Nyala Shimal,Nutrition,CARE International in Sudan,CARE,INGO
2026-03,South Darfur,Nyala Shimal,Nutrition,WE ARE ALIGHT,ALIGHT,INGO
2026-03,South Darfur,Nyala Janoub,Nutrition,CARE International in Sudan,CARE,INGO
2026-03,South Darfur,Nyala Janoub,Nutrition,WE ARE ALIGHT,ALIGHT,INGO
2026-03,Central Darfur,Mukjar,Nutrition,World Relief,WR,INGO
2026-03,North Darfur,Melit,Nutrition,Sahari Organization For Development,SAHARI,NNGO
2026-03,North Darfur,Melit,Nutrition,Auttash Organization for Peace and Development,AUTASH,NNGO
2026-03,Aj Jazirah,Medani Al Kubra,Nutrition,Save the Children International,SCI,INGO
2026-03,Aj Jazirah,Medani Al Kubra,Nutrition,Relief International,RI,INGO
2026-03,Aj Jazirah,Medani Al Kubra,Nutrition,Premiere Urgence Internationale,PUI,INGO
2026-03,Aj Jazirah,Medani Al Kubra,Nutrition,Muslim Aid Sudan,MAS,INGO
2026-03,Aj Jazirah,Medani Al Kubra,Nutrition,International Rescue Committee,IRC,INGO
2026-03,Aj Jazirah,Medani Al Kubra,Nutrition,Building Foundation for Development,BFD,NNGO
2026-03,Kassala,Madeinat Kassala,Nutrition,Sudanese American Physicians Association,SAPA,INGO
2026-03,Kassala,Madeinat Kassala,Nutrition,Building Resilience Development Organization,BRDO,NNGO
2026-03,Gedaref,Madeinat Al Gedaref,Nutrition,Sudanese American Physicians Association,SAPA,INGO
2026-03,Gedaref,Madeinat Al Gedaref,Nutrition,Save the Children International,SCI,INGO
2026-03,Gedaref,Madeinat Al Gedaref,Nutrition,Relief International,RI,INGO
2026-03,Gedaref,Madeinat Al Gedaref,Nutrition,Medical Teams International,MTI,INGO
2026-03,North Darfur,Kutum,Nutrition,Goal Global,GOAL,INGO
2026-03,North Darfur,Kutum,Nutrition,Welthungerhilfe (German Agro Action),WHH,INGO
2026-03,West Darfur,Kulbus,Nutrition,Premiere Urgence Internationale,PUI,INGO
2026-03,West Darfur,Kulbus,Nutrition,Concern WorldWide,CWW,INGO
2026-03,South Darfur,Kubum,Nutrition,National Initiative Development Organization,NIDO,NNGO
2026-03,White Nile,Kosti,Nutrition,Plan International,PI,INGO
2026-03,White Nile,Kosti,Nutrition,International Rescue Committee,IRC,INGO
2026-03,Khartoum,Khartoum,Nutrition,Relief International,RI,INGO
2026-03,Khartoum,Khartoum,Nutrition,Premiere Urgence Internationale,PUI,INGO
2026-03,Khartoum,Khartoum,Nutrition,EMERGENCY NGO,EMERGENCY NGO,INGO
2026-03,Khartoum,Khartoum,Nutrition,CARE International in Sudan,CARE,INGO
2026-03,Khartoum,Khartoum,Nutrition,Almanar Voluntary Organization,AMVO,NNGO
2026-03,North Darfur,Kernoi,Nutrition,Welthungerhilfe (German Agro Action),WHH,INGO
2026-03,North Darfur,Kernoi,Nutrition,"Aljuzur Organization for Peace, Rehabilitation and Development",JPRD,NNGO
2026-03,West Darfur,Kereneik,Nutrition,World Relief,WR,INGO
2026-03,West Darfur,Kereneik,Nutrition,Premiere Urgence Internationale,PUI,INGO
2026-03,West Darfur,Kereneik,Nutrition,Concern WorldWide,CWW,INGO
2026-03,North Darfur,Kelemando,Nutrition,Save the Children International,SCI,INGO
2026-03,North Darfur,Kebkabiya,Nutrition,Welthungerhilfe (German Agro Action),WHH,INGO
2026-03,South Darfur,Kas,Nutrition,CARE International in Sudan,CARE,INGO
2026-03,Khartoum,Karrari,Nutrition,Relief International,RI,INGO
2026-03,Khartoum,Karrari,Nutrition,Premiere Urgence Internationale,PUI,INGO
2026-03,Khartoum,Karrari,Nutrition,Muslim Aid Sudan,MAS,INGO
2026-03,Khartoum,Karrari,Nutrition,CARE International in Sudan,CARE,INGO
2026-03,Khartoum,Karrari,Nutrition,Almanar Voluntary Organization,AMVO,NNGO
2026-03,South Kordofan,Kadugli,Nutrition,Save the Children International,SCI,INGO
2026-03,West Darfur,Jebel Moon,Nutrition,Concern WorldWide,CWW,INGO
2026-03,Khartoum,Jebel Awlia,Nutrition,Relief International,RI,INGO
2026-03,Khartoum,Jebel Awlia,Nutrition,Premiere Urgence Internationale,PUI,INGO
2026-03,Khartoum,Jebel Awlia,Nutrition,Muslim Aid Sudan,MAS,INGO
2026-03,Khartoum,Jebel Awlia,Nutrition,Medecins Sans Frontieres - Spain,MSF Spain,INGO
2026-03,Khartoum,Jebel Awlia,Nutrition,Medair,Medair,INGO
2026-03,Khartoum,Jebel Awlia,Nutrition,CARE International in Sudan,CARE,INGO
2026-03,Khartoum,Jebel Awlia,Nutrition,Almanar Voluntary Organization,AMVO,NNGO
2026-03,Aj Jazirah,Janub Al Jazirah,Nutrition,Relief International,RI,INGO
2026-03,Aj Jazirah,Janub Al Jazirah,Nutrition,Premiere Urgence Internationale,PUI,INGO
2026-03,Aj Jazirah,Janub Al Jazirah,Nutrition,Muslim Aid Sudan,MAS,INGO
2026-03,Aj Jazirah,Janub Al Jazirah,Nutrition,International Rescue Committee,IRC,INGO
2026-03,Red Sea,Haya,Nutrition,Relief International,RI,INGO
2026-03,Kassala,Halfa Aj Jadeedah,Nutrition,Sudanese American Physicians Association,SAPA,INGO
2026-03,Kassala,Halfa Aj Jadeedah,Nutrition,Building Resilience Development Organization,BRDO,NNGO
2026-03,Northern,Halfa,Nutrition,Building Foundation for Development,BFD,NNGO
2026-03,West Darfur,Habila - WD,Nutrition,World Relief,WR,INGO
2026-03,South Kordofan,Habila - SK,Nutrition,Goal Global,GOAL,INGO
2026-03,White Nile,Guli,Nutrition,Plan International,PI,INGO
2026-03,White Nile,Guli,Nutrition,Action Against Hunger,AAH,INGO
2026-03,West Kordofan,Ghubaish,Nutrition,WE ARE ALIGHT,ALIGHT,INGO
2026-03,Central Darfur,Gharb Jabal Marrah,Nutrition,World Relief,WR,INGO
2026-03,Central Darfur,Gharb Jabal Marrah,Nutrition,Islamic Relief Worldwide,IRW,INGO
2026-03,Central Darfur,Gharb Jabal Marrah,Nutrition,International Medical Corps,IMC,INGO
2026-03,Central Darfur,Gharb Jabal Marrah,Nutrition,Catholic Relief Services,CRS,INGO
2026-03,Central Darfur,Gharb Jabal Marrah,Nutrition,Action Against Hunger,AAH,INGO
2026-03,South Kordofan,Ghadeer,Nutrition,Goal Global,GOAL,INGO
2026-03,South Kordofan,Ghadeer,Nutrition,Concern WorldWide,CWW,INGO
2026-03,South Kordofan,Ghadeer,Nutrition,CARE International in Sudan,CARE,INGO
2026-03,South Darfur,Gereida,Nutrition,WE ARE ALIGHT,ALIGHT,INGO
2026-03,Blue Nile,Geisan,Nutrition,World Relief,WR,INGO
2026-03,Blue Nile,Geisan,Nutrition,Save the Children International,SCI,INGO
2026-03,Blue Nile,Geisan,Nutrition,Relief International,RI,INGO
2026-03,Blue Nile,Geisan,Nutrition,International Medical Corps,IMC,INGO
2026-03,Gedaref,Galabat Ash-Shargiah,Nutrition,Relief International,RI,INGO
2026-03,Gedaref,Galabat Ash-Shargiah,Nutrition,Medical Teams International,MTI,INGO
2026-03,Gedaref,Galabat Ash-Shargiah,Nutrition,Friends of Peace & Development Organization,FPDO,NNGO
2026-03,Gedaref,Gala'a Al Nahal,Nutrition,Save the Children International,SCI,INGO
2026-03,South Darfur,As Salam - SD,Nutrition,International Medical Corps,IMC,INGO
2026-03,South Darfur,As Salam - SD,Nutrition,WE ARE ALIGHT,ALIGHT,INGO
2026-03,Blue Nile,Ed Damazine,Nutrition,World Relief,WR,INGO
2026-03,Blue Nile,Ed Damazine,Nutrition,Save the Children International,SCI,INGO
2026-03,Blue Nile,Ed Damazine,Nutrition,Relief International,RI,INGO
2026-03,Red Sea,Dordieb,Nutrition,Welthungerhilfe (German Agro Action),WHH,INGO
2026-03,Northern,Dongola,Nutrition,Relief International,RI,INGO
2026-03,Northern,Dongola,Nutrition,Building Foundation for Development,BFD,NNGO
2026-03,South Kordofan,Dilling,Nutrition,Save the Children International,SCI,INGO
2026-03,South Kordofan,Dilling,Nutrition,Plan International,PI,INGO
2026-03,South Kordofan,Dilling,Nutrition,Goal Global,GOAL,INGO
2026-03,South Kordofan,Dilling,Nutrition,Almanar Voluntary Organization,AMVO,NNGO
2026-03,South Darfur,Buram,Nutrition,National Initiative Development Organization,NIDO,NNGO
2026-03,South Darfur,Buram,Nutrition,WE ARE ALIGHT,ALIGHT,INGO
2026-03,Central Darfur,Bendasi,Nutrition,Sudanese Red Crescent Society,SRCS,Red Cross
2026-03,Central Darfur,Bendasi,Nutrition,Catholic Relief Services,CRS,INGO
2026-03,South Darfur,Beliel,Nutrition,International Medical Corps,IMC,INGO
2026-03,South Darfur,Beliel,Nutrition,CARE International in Sudan,CARE,INGO
2026-03,South Darfur,Beliel,Nutrition,WE ARE ALIGHT,ALIGHT,INGO
2026-03,Blue Nile,Baw,Nutrition,World Relief,WR,INGO
2026-03,Blue Nile,Baw,Nutrition,Save the Children International,SCI,INGO
2026-03,Blue Nile,Baw,Nutrition,International Rescue Committee,IRC,INGO
2026-03,Blue Nile,Baw,Nutrition,International Medical Corps,IMC,INGO
2026-03,River Nile,Barbar,Nutrition,Building Foundation for Development,BFD,NNGO
2026-03,Khartoum,Bahri,Nutrition,Muslim Aid Sudan,MAS,INGO
2026-03,Khartoum,Bahri,Nutrition,Medair,Medair,INGO
2026-03,East Darfur,Bahr Al Arab,Nutrition,CARE International in Sudan,CARE,INGO
2026-03,Central Darfur,Azum,Nutrition,World Relief,WR,INGO
2026-03,Central Darfur,Azum,Nutrition,Save the Children International,SCI,INGO
2026-03,Central Darfur,Azum,Nutrition,Premiere Urgence Internationale,PUI,INGO
2026-03,Central Darfur,Azum,Nutrition,Concern WorldWide,CWW,INGO
2026-03,River Nile,Atbara,Nutrition,Building Foundation for Development,BFD,NNGO
2026-03,North Darfur,At Tina,Nutrition,Humanity for Development and Prosperity Organization,HDPO,NNGO
2026-03,North Darfur,At Tina,Nutrition,Welthungerhilfe (German Agro Action),WHH,INGO
2026-03,North Darfur,At Tina,Nutrition,"Aljuzur Organization for Peace, Rehabilitation and Development",JPRD,NNGO
2026-03,North Darfur,At Tawisha,Nutrition,Sahari Organization For Development,SAHARI,NNGO
2026-03,Blue Nile,At Tadamon - BN,Nutrition,World Relief,WR,INGO
2026-03,East Darfur,Assalaya,Nutrition,CARE International in Sudan,CARE,INGO
2026-03,East Darfur,Assalaya,Nutrition,WE ARE ALIGHT,ALIGHT,INGO
2026-03,West Kordofan,As Sunut,Nutrition,Alsalam Organization for Rehabilitation and Development,AORD,NNGO
2026-03,South Darfur,As Sunta,Nutrition,WE ARE ALIGHT,ALIGHT,INGO
2026-03,Sennar,As Suki,Nutrition,Relief International,RI,INGO
2026-03,North Darfur,As Serief,Nutrition,Welthungerhilfe (German Agro Action),WHH,INGO
2026-03,White Nile,As Salam / Ar Rawat,Nutrition,Medical Teams International,MTI,INGO
2026-03,West Kordofan,As Salam - WK,Nutrition,Concern WorldWide,CWW,INGO
2026-03,West Kordofan,As Salam - WK,Nutrition,WE ARE ALIGHT,ALIGHT,INGO
2026-03,Blue Nile,Ar Rusayris,Nutrition,World Relief,WR,INGO
2026-03,Blue Nile,Ar Rusayris,Nutrition,Save the Children International,SCI,INGO
2026-03,Blue Nile,Ar Rusayris,Nutrition,Relief International,RI,INGO
2026-03,Blue Nile,Ar Rusayris,Nutrition,International Rescue Committee,IRC,INGO
2026-03,Blue Nile,Ar Rusayris,Nutrition,International Medical Corps,IMC,INGO
2026-03,South Kordofan,Ar Rashad,Nutrition,Save the Children International,SCI,INGO
2026-03,South Kordofan,Ar Rashad,Nutrition,Goal Global,GOAL,INGO
2026-03,Gedaref,Ar Rahad-GD,Nutrition,Medical Teams International,MTI,INGO
2026-03,Aj Jazirah,Al Qurashi,Nutrition,Muslim Aid Sudan,MAS,INGO
2026-03,West Kordofan,Al Meiram,Nutrition,Concern WorldWide,CWW,INGO
2026-03,River Nile,Al Matama,Nutrition,Building Foundation for Development,BFD,NNGO
2026-03,Aj Jazirah,Al Manaqil,Nutrition,Relief International,RI,INGO
2026-03,Aj Jazirah,Al Manaqil,Nutrition,Muslim Aid Sudan,MAS,INGO
2026-03,Gedaref,Al Mafaza,Nutrition,Medical Teams International,MTI,INGO
2026-03,Gedaref,Al Mafaza,Nutrition,International Rescue Committee,IRC,INGO
2026-03,Gedaref,Al Mafaza,Nutrition,Friends of Peace & Development Organization,FPDO,NNGO
2026-03,Gedaref,Al Mafaza,Nutrition,CARE International in Sudan,CARE,INGO
2026-03,South Kordofan,Al Leri,Nutrition,Concern WorldWide,CWW,INGO
2026-03,South Kordofan,Al Leri,Nutrition,Almanar Voluntary Organization,AMVO,NNGO
2026-03,North Darfur,Al Lait,Nutrition,Sahari Organization For Development,SAHARI,NNGO
2026-03,West Kordofan,Al Lagowa,Nutrition,Concern WorldWide,CWW,INGO
2026-03,Blue Nile,Al Kurmuk,Nutrition,World Relief,WR,INGO
2026-03,Blue Nile,Al Kurmuk,Nutrition,International Medical Corps,IMC,INGO
2026-03,Blue Nile,Al Kurmuk,Nutrition,Action Against Hunger,AAH,INGO
2026-03,North Darfur,Al Koma,Nutrition,Sahari Organization For Development,SAHARI,NNGO
2026-03,Aj Jazirah,Al Kamlin,Nutrition,Muslim Aid Sudan,MAS,INGO
2026-03,Aj Jazirah,Al Hasahisa,Nutrition,Muslim Aid Sudan,MAS,INGO
2026-03,Aj Jazirah,Al Hasahisa,Nutrition,International Rescue Committee,IRC,INGO
2026-03,Northern,Al Golid,Nutrition,Relief International,RI,INGO
2026-03,Northern,Al Golid,Nutrition,Building Foundation for Development,BFD,NNGO
2026-03,White Nile,Al Gitaina,Nutrition,International Rescue Committee,IRC,INGO
2026-03,Gedaref,Al Galabat Al Gharbyah - Kassab,Nutrition,Save the Children International,SCI,INGO
2026-03,Gedaref,Al Galabat Al Gharbyah - Kassab,Nutrition,Relief International,RI,INGO
2026-03,Gedaref,Al Galabat Al Gharbyah - Kassab,Nutrition,Medical Teams International,MTI,INGO
2026-03,East Darfur,Al Firdous,Nutrition,CARE International in Sudan,CARE,INGO
2026-03,East Darfur,Al Firdous,Nutrition,WE ARE ALIGHT,ALIGHT,INGO
2026-03,North Darfur,Al Fasher,Nutrition,Auttash Organization for Peace and Development,AUTASH,NNGO
2026-03,Gedaref,Al Fashaga,Nutrition,Medical Teams International,MTI,INGO
2026-03,West Kordofan,Al Dibab,Nutrition,Concern WorldWide,CWW,INGO
2026-03,Northern,Al Burgaig,Nutrition,Building Foundation for Development,BFD,NNGO
2026-03,River Nile,Al Buhaira,Nutrition,Building Foundation for Development,BFD,NNGO
2026-03,White Nile,Aj Jabalain,Nutrition,Medical Teams International,MTI,INGO
2026-03,Red Sea,Agig,Nutrition,Save the Children International,SCI,INGO
2026-03,West Darfur,Ag Geneina,Nutrition,World Relief,WR,INGO
2026-03,West Darfur,Ag Geneina,Nutrition,Sudanese Red Crescent Society,SRCS,Red Cross
2026-03,West Darfur,Ag Geneina,Nutrition,Premiere Urgence Internationale,PUI,INGO
2026-03,West Darfur,Ag Geneina,Nutrition,International Medical Corps,IMC,INGO
2026-03,West Darfur,Ag Geneina,Nutrition,Concern WorldWide,CWW,INGO
2026-03,West Darfur,Ag Geneina,Nutrition,African Relief Committee,ARC,NNGO
2026-03,East Darfur,Adila,Nutrition,WE ARE ALIGHT,ALIGHT,INGO
2026-03,East Darfur,Ad Du'ayn,Nutrition,CARE International in Sudan,CARE,INGO
2026-03,East Darfur,Ad Du'ayn,Nutrition,WE ARE ALIGHT,ALIGHT,INGO
2026-03,White Nile,Ad Diwaim,Nutrition,Plan International,PI,INGO
2026-03,White Nile,Ad Diwaim,Nutrition,Action Against Hunger,AAH,INGO
2026-03,Sennar,Ad Dinder,Nutrition,Relief International,RI,INGO
2026-03,Northern,Ad Dabbah,Nutrition,Al-Sadagat organization,Al-SO,NNGO
2026-03,Northern,Ad Dabbah,Nutrition,Relief International,RI,INGO
2026-03,West Kordofan,Abyei,Nutrition,Concern WorldWide,CWW,INGO
2026-03,West Kordofan,Abu Zabad,Nutrition,Concern WorldWide,CWW,INGO
2026-03,West Kordofan,Abu Zabad,Nutrition,WE ARE ALIGHT,ALIGHT,INGO
2026-03,South Kordofan,Abu Kershola,Nutrition,Goal Global,GOAL,INGO
2026-03,East Darfur,Abu Karinka,Nutrition,CARE International in Sudan,CARE,INGO
2026-03,East Darfur,Abu Karinka,Nutrition,CARE International Switzeralnd,CIS,INGO
2026-03,East Darfur,Abu Karinka,Nutrition,WE ARE ALIGHT,ALIGHT,INGO
2026-03,South Kordofan,Abu Jubayhah,Nutrition,Tawasul Al Sudan charity organization,TACO,NNGO
2026-03,South Kordofan,Abu Jubayhah,Nutrition,Sudanese American Physicians Association,SAPA,INGO
2026-03,South Kordofan,Abu Jubayhah,Nutrition,Save the Children International,SCI,INGO
2026-03,South Kordofan,Abu Jubayhah,Nutrition,Concern WorldWide,CWW,INGO
2026-03,South Kordofan,Abu Jubayhah,Nutrition,CARE International in Sudan,CARE,INGO
2026-03,East Darfur,Abu Jabrah,Nutrition,WE ARE ALIGHT,ALIGHT,INGO
2026-03,Sennar,Abu Hujar,Nutrition,Relief International,RI,INGO
2026-03,River Nile,Abu Hamad,Nutrition,Building Foundation for Development,BFD,NNGO
2026-03,South Kordofan,Abassiya,Nutrition,Save the Children International,SCI,INGO
2026-03,South Kordofan,Abassiya,Nutrition,Concern WorldWide,CWW,INGO
2026-03,South Kordofan,Abassiya,Nutrition,CARE International in Sudan,CARE,INGO
2026-03,Khartoum,Um Durman,Multi-Purpose Cash,International Rescue Committee,IRC,INGO
2026-03,Central Darfur,Azum,Health,Premiere Urgence Internationale,PUI,INGO
2026-03,Central Darfur,Zalingi,Health,Premiere Urgence Internationale,PUI,INGO
2026-03,West Darfur,Sirba,Health,Premiere Urgence Internationale,PUI,INGO
2026-03,West Darfur,Kereneik,Health,Premiere Urgence Internationale,PUI,INGO
2026-03,West Darfur,Ag Geneina,Health,Premiere Urgence Internationale,PUI,INGO
2026-03,West Darfur,Kulbus,Health,Premiere Urgence Internationale,PUI,INGO
2026-03,Khartoum,Karrari,Health,Premiere Urgence Internationale,PUI,INGO
2026-03,Khartoum,Khartoum,Health,Premiere Urgence Internationale,PUI,INGO
2026-03,Khartoum,Jebel Awlia,Health,Premiere Urgence Internationale,PUI,INGO
2026-03,Aj Jazirah,Janub Al Jazirah,Health,Premiere Urgence Internationale,PUI,INGO
2026-03,Aj Jazirah,Medani Al Kubra,Health,Premiere Urgence Internationale,PUI,INGO
2026-03,River Nile,Barbar,Health,Building Foundation Development/Benna,BFD/B,INGO
2026-03,South Darfur,Mershing,Food Security and Livelihoods,Alshrooq Organization for Social and Cultural Development,AOSCD,NNGO
2026-03,South Darfur,Kas,Food Security and Livelihoods,Alshrooq Organization for Social and Cultural Development,AOSCD,NNGO
2026-03,South Darfur,Nyala Shimal,Food Security and Livelihoods,Alshrooq Organization for Social and Cultural Development,AOSCD,NNGO
2026-03,Aj Jazirah,Medani Al Kubra,Health,WE ARE ALIGHT,ALIGHT,INGO
2026-03,River Nile,Atbara,Health,Building Foundation Development/Benna,BFD/B,INGO
2026-03,Central Darfur,Um Dukhun,Multi-Purpose Cash,MERCY CORPS,MC,INGO
2026-03,Khartoum,Sharg An Neel,Food Security and Livelihoods,Relief International,RI,INGO
2026-03,South Darfur,Beliel,Food Security and Livelihoods,Alshrooq Organization for Social and Cultural Development,AOSCD,NNGO
2026-03,Red Sea,Sawakin,Food Security and Livelihoods,Betay Development Organization,BDO,NNGO
2026-03,Kassala,Reifi Aroma,Food Security and Livelihoods,Betay Development Organization,BDO,NNGO
2026-03,Kassala,Reifi Kassla,Food Security and Livelihoods,Betay Development Organization,BDO,NNGO
2026-03,Kassala,Reifi Khashm Elgirba,Food Security and Livelihoods,Betay Development Organization,BDO,NNGO
2026-03,Sennar,Ad Dinder,Food Security and Livelihoods,Pan Health Care Organization,PHCO,NNGO
2026-03,North Darfur,Um Baru,Health,Goal Global,GOAL,INGO
2026-03,White Nile,Rabak,Food Security and Livelihoods,Humanitarian Assistance Program,ASSIST,INGO
2026-03,West Kordofan,As Salam - WK,Health,WE ARE ALIGHT,ALIGHT,INGO
2026-03,West Kordofan,Ghubaish,Health,WE ARE ALIGHT,ALIGHT,INGO
2026-03,South Darfur,Nyala Janoub,Health,National Initiative Development Organization,NIDO,NNGO
2026-03,South Darfur,Sharg Aj Jabal,Health,National Initiative Development Organization,NIDO,NNGO
2026-03,South Darfur,Shattaya,Health,National Initiative Development Organization,NIDO,NNGO
2026-03,South Darfur,Kubum,Health,National Initiative Development Organization,NIDO,NNGO
2026-03,South Darfur,Buram,Health,National Initiative Development Organization,NIDO,NNGO
2026-03,East Darfur,Abu Karinka,Health,WE ARE ALIGHT,ALIGHT,INGO
2026-03,East Darfur,Assalaya,Health,WE ARE ALIGHT,ALIGHT,INGO
2026-03,East Darfur,Adila,Health,WE ARE ALIGHT,ALIGHT,INGO
2026-03,North Darfur,Tawila,Health,WE ARE ALIGHT,ALIGHT,INGO
2026-03,South Darfur,Kubum,Health,WE ARE ALIGHT,ALIGHT,INGO
2026-03,South Darfur,Ed Al Fursan,Health,WE ARE ALIGHT,ALIGHT,INGO
2026-03,South Darfur,Sharg Aj Jabal,Health,WE ARE ALIGHT,ALIGHT,INGO
2026-03,South Darfur,As Sunta,Health,WE ARE ALIGHT,ALIGHT,INGO
2026-03,South Darfur,Nyala Janoub,Health,WE ARE ALIGHT,ALIGHT,INGO
2026-03,South Darfur,Nyala Shimal,Health,WE ARE ALIGHT,ALIGHT,INGO
2026-03,South Darfur,As Salam - SD,Health,WE ARE ALIGHT,ALIGHT,INGO
2026-03,River Nile,Abu Hamad,Food Security and Livelihoods,JASMAR Human Security Organization,JHSO,NNGO
2026-03,River Nile,Atbara,Food Security and Livelihoods,JASMAR Human Security Organization,JHSO,NNGO
2026-03,River Nile,Barbar,Food Security and Livelihoods,JASMAR Human Security Organization,JHSO,NNGO
2026-02,South Darfur,Nyala Shimal,Health,WE ARE ALIGHT,ALIGHT,INGO
2026-02,South Darfur,Buram,Health,WE ARE ALIGHT,ALIGHT,INGO
2026-02,South Darfur,Gereida,Health,WE ARE ALIGHT,ALIGHT,INGO
2026-02,South Darfur,Beliel,Health,WE ARE ALIGHT,ALIGHT,INGO
2026-02,South Darfur,Kubum,Health,WE ARE ALIGHT,ALIGHT,INGO
2026-02,South Darfur,Ed Al Fursan,Health,WE ARE ALIGHT,ALIGHT,INGO
2026-02,South Darfur,Sharg Aj Jabal,Health,WE ARE ALIGHT,ALIGHT,INGO
2026-02,South Darfur,As Sunta,Health,WE ARE ALIGHT,ALIGHT,INGO
2026-02,South Darfur,Nyala Janoub,Health,WE ARE ALIGHT,ALIGHT,INGO
2026-02,South Darfur,As Salam - SD,Health,WE ARE ALIGHT,ALIGHT,INGO
2026-02,Aj Jazirah,Sharg Al Jazirah,Health,Building Foundation Development/Benna,BFD/B,INGO
2026-02,Northern,Al Burgaig,Health,Building Foundation for Development,BFD,NNGO
2026-02,East Darfur,Abu Karinka,Health,WE ARE ALIGHT,ALIGHT,INGO
2026-02,East Darfur,Assalaya,Health,WE ARE ALIGHT,ALIGHT,INGO
2026-02,East Darfur,Ad Du'ayn,Health,WE ARE ALIGHT,ALIGHT,INGO
2026-02,East Darfur,Adila,Health,WE ARE ALIGHT,ALIGHT,INGO
2026-02,West Kordofan,Al Lagowa,Food Security and Livelihoods,Sudanese Red Crescent Society,SRCS,Red Cross
2026-02,West Kordofan,As Sunut,Food Security and Livelihoods,Sudanese Red Crescent Society,SRCS,Red Cross
2026-02,West Kordofan,Keilak,Health,WE ARE ALIGHT,ALIGHT,INGO
2026-02,West Kordofan,Babanusa,Health,WE ARE ALIGHT,ALIGHT,INGO
2026-02,West Kordofan,Abu Zabad,Health,WE ARE ALIGHT,ALIGHT,INGO
2026-02,South Kordofan,At Tadamon - SK,Refugee Consultative Forum,World Food Programme,WFP,UN Agency
2026-02,Kassala,Reifi Kassla,Refugee Consultative Forum,United Nations High Commissioner for Refugees,UNHCR,UN Agency
2026-02,West Kordofan,Ghubaish,Health,WE ARE ALIGHT,ALIGHT,INGO
2026-02,East Darfur,Abu Karinka,Refugee Consultative Forum,World Food Programme,WFP,UN Agency
2026-02,Kassala,Reifi Nahr Atbara,Refugee Consultative Forum,World Food Programme,WFP,UN Agency
2026-02,Central Darfur,Azum,Refugee Consultative Forum,World Food Programme,WFP,UN Agency
2026-02,West Kordofan,As Salam - WK,Health,WE ARE ALIGHT,ALIGHT,INGO
2026-02,Gedaref,Al Fashaga,Refugee Consultative Forum,World Food Programme,WFP,UN Agency
2026-02,Gedaref,Basundah,Refugee Consultative Forum,World Food Programme,WFP,UN Agency
2026-02,South Kordofan,Abu Jubayhah,Refugee Consultative Forum,World Food Programme,WFP,UN Agency
2026-02,Northern,Halfa,Health,Building Foundation for Development,BFD,NNGO
2026-02,North Kordofan,Ar Rahad-NK,Refugee Consultative Forum,World Food Programme,WFP,UN Agency
2026-02,Kassala,Reifi Wad Elhilaiw,Refugee Consultative Forum,United Nations Children's Fund,UNICEF,UN Agency
2026-02,North Kordofan,Um Rawaba,Refugee Consultative Forum,World Food Programme,WFP,UN Agency
2026-02,Aj Jazirah,Medani Al Kubra,Health,Building Foundation Development/Benna,BFD/B,INGO
2026-02,Northern,Dongola,Health,Building Foundation for Development,BFD,NNGO
2026-02,East Darfur,Al Firdous,Refugee Consultative Forum,World Food Programme,WFP,UN Agency
2026-02,River Nile,Barbar,Health,Building Foundation for Development,BFD,NNGO
2026-02,South Darfur,As Salam - SD,Food Security and Livelihoods,WE ARE ALIGHT,ALIGHT,INGO
2026-02,East Darfur,Bahr Al Arab,Refugee Consultative Forum,World Food Programme,WFP,UN Agency
2026-02,West Darfur,Sirba,Refugee Consultative Forum,World Food Programme,WFP,UN Agency
2026-02,White Nile,Aj Jabalain,Refugee Consultative Forum,United Nations Children's Fund,UNICEF,UN Agency
2026-02,Kassala,Reifi Wad Elhilaiw,Refugee Consultative Forum,United Nations High Commissioner for Refugees,UNHCR,UN Agency
2026-02,White Nile,As Salam / Ar Rawat,Refugee Consultative Forum,World Food Programme,WFP,UN Agency
2026-02,Northern,Al Golid,Health,Building Foundation for Development,BFD,NNGO
2026-02,River Nile,Atbara,Health,Building Foundation for Development,BFD,NNGO
2026-02,North Darfur,Tawila,Health,World Relief,WR,INGO
2026-02,River Nile,Al Buhaira,Health,Building Foundation for Development,BFD,NNGO
2026-02,River Nile,Abu Hamad,Health,Building Foundation for Development,BFD,NNGO
2026-02,Kassala,Reifi Wad Elhilaiw,Food Security and Livelihoods,MERCY CORPS,MC,INGO
2026-02,Central Darfur,Gharb Jabal Marrah,Education,Save the Children International,SCI,INGO
2026-02,Kassala,Reifi Khashm Elgirba,Food Security and Livelihoods,MERCY CORPS,MC,INGO
2026-02,Red Sea,Port Sudan,Education,Sudanese Coalition for Education for All,SCEFA,NNGO
2026-02,Khartoum,Bahri,Education,Rural Community Development Organization,RCDO,NNGO
2026-02,Kassala,Madeinat Kassala,Food Security and Livelihoods,MERCY CORPS,MC,INGO
2026-02,South Darfur,Beliel,Education,Child Development Foundation,CDF,NNGO
2026-02,South Darfur,Kas,Education,Child Development Foundation,CDF,NNGO
2026-02,Northern,Ad Dabbah,Food Security and Livelihoods,MERCY CORPS,MC,INGO
2026-02,Central Darfur,Shamal Jabal Marrah,Education,Save the Children International,SCI,INGO
2026-02,White Nile,Rabak,Education,Green Dream Organization,GDO,NNGO
2026-02,Northern,Al Burgaig,Food Security and Livelihoods,MERCY CORPS,MC,INGO
2026-02,White Nile,Ad Diwaim,Education,Green Dream Organization,GDO,NNGO
2026-02,Northern,Dongola,Food Security and Livelihoods,MERCY CORPS,MC,INGO
2026-02,North Darfur,Tawila,Education,Depth Action Organization,DAO,NNGO
2026-02,West Darfur,Kereneik,Multi-Purpose Cash,World Relief,WR,INGO
2026-02,Kassala,Reifi Nahr Atbara,Education,Ayadina For Sudan Development Organization,Ayadina,NNGO
2026-02,West Darfur,Ag Geneina,Multi-Purpose Cash,World Relief,WR,INGO
2026-02,Blue Nile,Ed Damazine,Education,Child Development Foundation,CDF,NNGO
2026-02,South Darfur,Nyala Janoub,Multi-Purpose Cash,Rural Development Organization,RDO,NNGO
2026-02,Khartoum,Jebel Awlia,Education,Rural Community Development Organization,RCDO,NNGO
2026-02,South Darfur,Nyala Shimal,Multi-Purpose Cash,Rural Development Organization,RDO,NNGO
2026-02,Khartoum,Karrari,Education,Rural Community Development Organization,RCDO,NNGO
2026-02,South Darfur,Beliel,Multi-Purpose Cash,Rural Development Organization,RDO,NNGO
2026-02,Khartoum,Um Bada,Education,Rural Community Development Organization,RCDO,NNGO
2026-02,Khartoum,Sharg An Neel,Health,Medair,Medair,INGO
2026-02,Sennar,Sinja,Education,Al-Sadagat organization,Al-SO,NNGO
2026-02,Northern,Ad Dabbah,Education,Al-Sadagat organization,Al-SO,NNGO
2026-02,North Darfur,Tawila,Multi-Purpose Cash,Sahari Organization For Development,SAHARI,NNGO
2026-02,Kassala,Halfa Aj Jadeedah,Education,Al-Sadagat organization,Al-SO,NNGO
2026-02,North Darfur,Saraf Omra,Multi-Purpose Cash,Kabkabiya Small holders Charitable Society,KSCS,NNGO
2026-02,Gedaref,Ar Rahad-GD,Education,Rural Community Development Organization,RCDO,NNGO
2026-02,North Darfur,Kebkabiya,Multi-Purpose Cash,Kabkabiya Small holders Charitable Society,KSCS,NNGO
2026-02,Red Sea,Port Sudan,Education,Al-Sadagat organization,Al-SO,NNGO
2026-02,Khartoum,Jebel Awlia,Education,Al-Sadagat organization,Al-SO,NNGO
2026-02,North Darfur,Melit,Education,Humanity for Development and Prosperity Organization,HDPO,NNGO
2026-02,North Darfur,Dar As Salam,Multi-Purpose Cash,Tabasheer for Aid and Development Organization,TADO,NNGO
2026-02,River Nile,Atbara,Education,Save the Children International,SCI,INGO
2026-02,River Nile,Ad Damar,Education,Save the Children International,SCI,INGO
2026-02,Blue Nile,Baw,Education,National Organization for Relief & Development,NORD,NNGO
2026-02,North Darfur,At Tina,Multi-Purpose Cash,Relief International,RI,INGO
2026-02,Red Sea,Port Sudan,Education,Save the Children International,SCI,INGO
2026-02,Red Sea,Dordieb,Education,Save the Children International,SCI,INGO
2026-02,Gedaref,Al Fashaga,Education,Save the Children International,SCI,INGO
2026-02,Gedaref,Madeinat Al Gedaref,Education,Save the Children International,SCI,INGO
2026-02,Northern,Ad Dabbah,Education,Child Development Foundation,CDF,NNGO
2026-02,Northern,Delgo,Education,Child Development Foundation,CDF,NNGO
2026-02,Aj Jazirah,Medani Al Kubra,Education,Rural Community Development Organization,RCDO,NNGO
2026-02,Khartoum,Jebel Awlia,Health,Medair,Medair,INGO
2026-02,South Kordofan,Dilling,Education,Save the Children International,SCI,INGO
2026-02,North Darfur,Tawila,Education,World Relief,WR,INGO
2026-02,Blue Nile,Ed Damazine,Education,Save the Children International,SCI,INGO
2026-02,White Nile,Aj Jabalain,Education,Trust for Rehabilitation and Development Organization,TDO,NNGO
2026-02,North Darfur,Dar As Salam,Education,Plan International,PI,INGO
2026-02,Blue Nile,At Tadamon - BN,Education,Save the Children International,SCI,INGO
2026-02,North Darfur,Tawila,Education,Plan International,PI,INGO
2026-02,North Kordofan,Sheikan,Education,Plan International,PI,INGO
2026-02,Khartoum,Bahri,Health,Medair,Medair,INGO
2026-02,North Kordofan,Sheikan,Education,Save the Children International,SCI,INGO
2026-02,South Kordofan,Kadugli,Education,Plan International,PI,INGO
2026-02,North Kordofan,Ar Rahad-NK,Education,Save the Children International,SCI,INGO
2026-02,North Kordofan,Bara,Education,Save the Children International,SCI,INGO
2026-02,North Kordofan,Um Rawaba,Education,Save the Children International,SCI,INGO
2026-02,Khartoum,Sharg An Neel,Education,Al-Sadagat organization,Al-SO,NNGO
2026-02,White Nile,Um Rimta,Food Security and Livelihoods,Alegtinam Human Development Organization,AHDO,INGO
2026-02,Gedaref,Wasat Al Gedaref,Education,Al-Sadagat organization,Al-SO,NNGO
2026-02,Central Darfur,Mukjar,Education,Trust for Rehabilitation and Development Organization,TDO,NNGO
2026-02,White Nile,Ad Diwaim,Food Security and Livelihoods,Alegtinam Human Development Organization,AHDO,INGO
2026-02,Central Darfur,Gharb Jabal Marrah,Education,Jabal Marra Charity Organization for Rural Development,JMCO,NNGO
2026-02,Aj Jazirah,Al Hasahisa,Food Security and Livelihoods,Alegtinam Human Development Organization,AHDO,INGO
2026-02,South Kordofan,Abu Jubayhah,Education,Save the Children International,SCI,INGO
2026-02,Central Darfur,Shamal Jabal Marrah,Education,Norwegian Refugee Council,NRC,INGO
2026-02,Aj Jazirah,Um Algura,Food Security and Livelihoods,Alegtinam Human Development Organization,AHDO,INGO
2026-02,Central Darfur,Wasat Jabal Marrah,Education,Norwegian Refugee Council,NRC,INGO
2026-02,Aj Jazirah,Al Kamlin,Food Security and Livelihoods,Alegtinam Human Development Organization,AHDO,INGO
2026-02,North Darfur,Tawila,Education,Norwegian Refugee Council,NRC,INGO
2026-02,Khartoum,Khartoum,Food Security and Livelihoods,Alegtinam Human Development Organization,AHDO,INGO
2026-02,North Darfur,Tawila,Multi-Purpose Cash,International Rescue Committee,IRC,INGO
2026-02,Northern,Dongola,Food Security and Livelihoods,Food and Agriculture Organization,FAO,UN Agency
2026-02,Northern,Ad Dabbah,Food Security and Livelihoods,Food and Agriculture Organization,FAO,UN Agency
2026-02,Khartoum,Sharg An Neel,Food Security and Livelihoods,Relief International,RI,INGO
2026-02,North Darfur,Tawila,Food Security and Livelihoods,Relief International,RI,INGO
2026-02,Northern,Ad Dabbah,Multi-Purpose Cash,Relief International,RI,INGO
2026-02,Khartoum,Karrari,Multi-Purpose Cash,Relief International,RI,INGO
2026-02,Khartoum,Jebel Awlia,Multi-Purpose Cash,Relief International,RI,INGO
2026-02,Aj Jazirah,Sharg Al Jazirah,Multi-Purpose Cash,Relief International,RI,INGO
2026-02,Aj Jazirah,Medani Al Kubra,Multi-Purpose Cash,Relief International,RI,INGO
2026-02,North Darfur,Melit,Multi-Purpose Cash,Relief International,RI,INGO
2026-02,Blue Nile,Ed Damazine,Health,Medair,Medair,INGO
2026-02,Blue Nile,At Tadamon - BN,Health,Medair,Medair,INGO
2026-02,Gedaref,Madeinat Al Gedaref,Education,JAIDAN Youth Organization for Peace and Development,JAIDAN,NNGO
2026-02,Gedaref,Wasat Al Gedaref,Education,Save the Children International,SCI,INGO
2026-02,Gedaref,Al Galabat Al Gharbyah - Kassab,Education,Save the Children International,SCI,INGO
2026-02,North Darfur,Al Fasher,Education,Alnahda Organization For Peace And Development,AlNahda,NNGO
2026-02,Kassala,Madeinat Kassala,Education,Al-Sadagat organization,Al-SO,NNGO
2026-02,Central Darfur,Zalingi,Education,Norwegian Refugee Council,NRC,INGO
2026-02,West Darfur,Ag Geneina,Education,Norwegian Refugee Council,NRC,INGO
2026-02,West Darfur,Foro Baranga,Education,Peace Organization for Rural Development,PORD,NNGO
2026-02,Blue Nile,Ed Damazine,Health,Pan Health Care Organization,PHCO,NNGO
2026-02,Gedaref,Al Mafaza,Multi-Purpose Cash,Sudan Social Development Organization,SSDO,NNGO
2026-02,Khartoum,Um Durman,Multi-Purpose Cash,International Rescue Committee,IRC,INGO
2026-02,South Kordofan,Kadugli,Multi-Purpose Cash,International Rescue Committee,IRC,INGO
2026-02,South Darfur,Ed Al Fursan,Multi-Purpose Cash,Veterinaires Sans Frontières Germany,VSF-G,INGO
2026-02,Khartoum,Karrari,Multi-Purpose Cash,International Rescue Committee,IRC,INGO
2026-02,North Darfur,Tawila,Multi-Purpose Cash,Save the Children International,SCI,INGO
2026-02,Central Darfur,Shamal Jabal Marrah,Multi-Purpose Cash,Save the Children International,SCI,INGO
2026-02,North Darfur,Tawila,Multi-Purpose Cash,Relief International,RI,INGO
2026-02,Central Darfur,Wasat Jabal Marrah,Multi-Purpose Cash,Save the Children International,SCI,INGO
2026-02,North Darfur,Um Kadadah,Health,Sahari Organization For Development,SAHARI,NNGO
2026-02,North Darfur,At Tawisha,Health,Sahari Organization For Development,SAHARI,NNGO
2026-02,North Darfur,Al Lait,Health,Sahari Organization For Development,SAHARI,NNGO
2026-02,White Nile,Aj Jabalain,Health,Sudanese Red Crescent Society,SRCS,Red Cross
2026-02,Kassala,Reifi Hamashkureib,Health,Samaritan's Purse,SP,INGO
2026-02,River Nile,Atbara,Food Security and Livelihoods,MERCY CORPS,MC,INGO
2026-02,River Nile,Barbar,Food Security and Livelihoods,MERCY CORPS,MC,INGO
2026-02,River Nile,Ad Damar,Food Security and Livelihoods,JASMAR Human Security Organization,JHSO,NNGO
2026-02,South Darfur,Tulus,Health,Medair,Medair,INGO
2026-02,South Darfur,Nyala Shimal,Health,Medair,Medair,INGO
2026-02,Central Darfur,Zalingi,Health,World Relief,WR,INGO
2026-02,Central Darfur,Wasat Jabal Marrah,Health,World Relief,WR,INGO
2026-02,Central Darfur,Azum,Health,World Relief,WR,INGO
2026-02,Central Darfur,Gharb Jabal Marrah,Health,World Relief,WR,INGO
2026-02,Central Darfur,Shamal Jabal Marrah,Health,World Relief,WR,INGO
2026-02,Central Darfur,Um Dukhun,Health,World Relief,WR,INGO
2026-02,Central Darfur,Wadi Salih,Health,World Relief,WR,INGO
2026-02,West Darfur,Beida,Health,Medair,Medair,INGO
2026-02,South Kordofan,Al Leri,Health,Almanar Voluntary Organization,AMVO,NNGO
2026-02,Khartoum,Jebel Awlia,Health,Almanar Voluntary Organization,AMVO,NNGO
2026-02,East Darfur,Assalaya,Food Security and Livelihoods,Sudan Aid Hand Organization,SAHO,NNGO
2026-02,East Darfur,Al Firdous,Food Security and Livelihoods,Sudan Aid Hand Organization,SAHO,NNGO
2026-02,East Darfur,Bahr Al Arab,Food Security and Livelihoods,Sudan Aid Hand Organization,SAHO,NNGO
2026-02,East Darfur,Shia'ria,Food Security and Livelihoods,Hope and Friendship for Development Organization,HFDO,NNGO
2026-02,East Darfur,Ad Du'ayn,Food Security and Livelihoods,Hope and Friendship for Development Organization,HFDO,NNGO
2026-02,East Darfur,Abu Karinka,Food Security and Livelihoods,Hope and Friendship for Development Organization,HFDO,NNGO
2026-02,East Darfur,Yassin,Food Security and Livelihoods,Hope and Friendship for Development Organization,HFDO,NNGO
2026-02,South Darfur,Mershing,Food Security and Livelihoods,Alshrooq Organization for Social and Cultural Development,AOSCD,NNGO
2026-02,South Darfur,Kas,Food Security and Livelihoods,Alshrooq Organization for Social and Cultural Development,AOSCD,NNGO
2026-02,South Darfur,Nyala Shimal,Food Security and Livelihoods,Alshrooq Organization for Social and Cultural Development,AOSCD,NNGO
2026-02,South Darfur,Beliel,Food Security and Livelihoods,Alshrooq Organization for Social and Cultural Development,AOSCD,NNGO
2026-02,Kassala,Reifi Nahr Atbara,Food Security and Livelihoods,Food Security Technical Secretariat,FSTS,NNGO
2026-02,River Nile,Barbar,Food Security and Livelihoods,Humanitarian Assistance Program,ASSIST,INGO
2026-02,White Nile,Um Rimta,Food Security and Livelihoods,Humanitarian Assistance Program,ASSIST,INGO
2026-02,White Nile,Guli,Food Security and Livelihoods,Humanitarian Assistance Program,ASSIST,INGO
2026-02,White Nile,Ad Diwaim,Food Security and Livelihoods,Humanitarian Assistance Program,ASSIST,INGO
2026-02,White Nile,Al Gitaina,Food Security and Livelihoods,Humanitarian Assistance Program,ASSIST,INGO
2026-02,White Nile,Tendalti,Food Security and Livelihoods,Humanitarian Assistance Program,ASSIST,INGO
2026-02,White Nile,Rabak,Food Security and Livelihoods,Humanitarian Assistance Program,ASSIST,INGO
2026-02,White Nile,Kosti,Food Security and Livelihoods,Humanitarian Assistance Program,ASSIST,INGO
2026-02,White Nile,Aj Jabalain,Food Security and Livelihoods,Humanitarian Assistance Program,ASSIST,INGO
2026-02,White Nile,As Salam / Ar Rawat,Food Security and Livelihoods,Humanitarian Assistance Program,ASSIST,INGO
2026-02,Blue Nile,Ed Damazine,Food Security and Livelihoods,Practical Action Sudan,PA,INGO
2026-02,Red Sea,Al Ganab,Food Security and Livelihoods,Betay Development Organization,BDO,NNGO
2026-02,Blue Nile,Baw,Health,Pan Health Care Organization,PHCO,NNGO
2026-02,North Darfur,Al Lait,Protection,Auttash Organization for Peace and Development,AUTASH,NNGO
2026-02,Khartoum,Bahri,Protection,NADA Elazhar for Disaster Privention and Sustainable Development,NADA,NNGO
2026-02,Gedaref,Al Mafaza,Protection,International Rescue Committee,IRC,INGO
2026-02,River Nile,Ad Damar,Protection,NADA Elazhar for Disaster Privention and Sustainable Development,NADA,NNGO
2026-02,Khartoum,Khartoum,Protection,Friends of Peace & Development Organization,FPDO,NNGO
2026-02,North Darfur,Tawila,Protection,NADA Elazhar for Disaster Privention and Sustainable Development,NADA,NNGO
2026-02,West Darfur,Kereneik,Protection,World Relief,WR,INGO
2026-02,West Darfur,Habila - WD,Protection,World Relief,WR,INGO
2026-02,North Darfur,Tawila,Protection,Friends of Peace & Development Organization,FPDO,NNGO
2026-02,River Nile,Atbara,Protection,International Rescue Committee,IRC,INGO
2026-02,Central Darfur,Zalingi,Protection,NADA Elazhar for Disaster Privention and Sustainable Development,NADA,NNGO
2026-02,Blue Nile,Baw,Protection,National Organization for Sustainable Rural Development,NORD,NNGO
2026-02,North Darfur,Tawila,Protection,INTERSOS,INTERSOS,INGO
2026-02,West Darfur,Ag Geneina,Protection,World Relief,WR,INGO
2026-02,Gedaref,Wasat Al Gedaref,Protection,International Rescue Committee,IRC,INGO
2026-02,Aj Jazirah,Janub Al Jazirah,Protection,National Units for Mine Action and Development Organization,NUMAD,NNGO
2026-02,Aj Jazirah,Al Manaqil,Protection,Relief International,RI,INGO
2026-02,West Darfur,Habila - WD,Protection,Child Development Foundation,CDF,NNGO
2026-02,Khartoum,Jebel Awlia,Protection,National Units for Mine Action and Development Organization,NUMAD,NNGO
2026-02,West Darfur,Kereneik,Protection,Child Development Foundation,CDF,NNGO
2026-02,Aj Jazirah,Um Algura,Protection,National Units for Mine Action and Development Organization,NUMAD,NNGO
2026-02,West Darfur,Ag Geneina,Protection,Child Development Foundation,CDF,NNGO
2026-02,Gedaref,Madeinat Al Gedaref,Protection,CAFA Development Organization,CAFA,NNGO
2026-02,West Kordofan,Al Meiram,Protection,WE ARE ALIGHT,ALIGHT,INGO
2026-02,West Kordofan,Keilak,Protection,WE ARE ALIGHT,ALIGHT,INGO
2026-02,Central Darfur,Wasat Jabal Marrah,Protection,Save the Children International,SCI,INGO
2026-02,West Darfur,Habila - WD,Protection,LM International,LMI,INGO
2026-02,South Darfur,Mershing,Protection,LM International,LMI,INGO
2026-02,Khartoum,Karrari,Protection,Save the Children International,SCI,INGO
2026-02,Northern,Halfa,Protection,NADA Elazhar for Disaster Privention and Sustainable Development,NADA,NNGO
2026-02,East Darfur,Ad Du'ayn,Protection,WE ARE ALIGHT,ALIGHT,INGO
2026-02,Kassala,Halfa Aj Jadeedah,Protection,WE ARE ALIGHT,ALIGHT,INGO
2026-02,Kassala,Madeinat Kassala,Protection,WE ARE ALIGHT,ALIGHT,INGO
2026-02,Kassala,Reifi Kassla,Protection,WE ARE ALIGHT,ALIGHT,INGO
2026-02,Kassala,Reifi Khashm Elgirba,Protection,WE ARE ALIGHT,ALIGHT,INGO
2026-02,Northern,Dongola,Protection,NADA Elazhar for Disaster Privention and Sustainable Development,NADA,NNGO
2026-02,Central Darfur,Wasat Jabal Marrah,Protection,Triangle Génération Humanitaire,TGH,INGO
2026-02,White Nile,Rabak,Protection,Caritas Sudan,Sudanaid,INGO
2026-02,Gedaref,Al Galabat Al Gharbyah - Kassab,Protection,Friends of Peace & Development Organization,FPDO,NNGO
2026-02,Gedaref,Wasat Al Gedaref,Protection,Norwegian Church Aid,NCA,INGO
2026-02,North Darfur,Kelemando,Protection,Save the Children International,SCI,INGO
2026-02,White Nile,Tendalti,Protection,Caritas Sudan,Sudanaid,INGO
2026-02,River Nile,Ad Damar,Protection,Save the Children International,SCI,INGO
2026-02,Kassala,Reifi Gharb Kassala,Protection,United Nations High Commissioner for Refugees,UNHCR,UN Agency
2026-02,River Nile,Atbara,Protection,Save the Children International,SCI,INGO
2026-02,Red Sea,Port Sudan,Protection,Save the Children International,SCI,INGO
2026-02,East Darfur,Ad Du'ayn,Protection,World Vision International,WVI,INGO
2026-02,East Darfur,Al Firdous,Protection,World Vision International,WVI,INGO
2026-02,Aj Jazirah,Medani Al Kubra,Protection,Save the Children International,SCI,INGO
2026-02,Sennar,Abu Hujar,Protection,Save the Children International,SCI,INGO
2026-02,Sennar,Sharg Sennar,Protection,Save the Children International,SCI,INGO
2026-02,Aj Jazirah,Al Manaqil,Protection,Save the Children International,SCI,INGO
2026-02,Gedaref,Wasat Al Gedaref,Protection,Danish Refugee Council,DRC,INGO
2026-02,Gedaref,Al Galabat Al Gharbyah - Kassab,Protection,Danish Refugee Council,DRC,INGO
2026-02,Gedaref,Gala'a Al Nahal,Protection,Danish Refugee Council,DRC,INGO
2026-02,Gedaref,Madeinat Al Gedaref,Protection,Danish Refugee Council,DRC,INGO
2026-02,South Kordofan,Delami,Protection,Save the Children International,SCI,INGO
2026-02,South Kordofan,Heiban,Protection,Save the Children International,SCI,INGO
2026-02,North Darfur,Tawila,Protection,World Relief,WR,INGO
2026-02,Central Darfur,Um Dukhun,Protection,Danish Refugee Council,DRC,INGO
2026-02,Central Darfur,Wasat Jabal Marrah,Protection,Danish Refugee Council,DRC,INGO
2026-02,Central Darfur,Gharb Jabal Marrah,Protection,Danish Refugee Council,DRC,INGO
2026-02,Gedaref,Galabat Ash-Shargiah,Protection,Norwegian Church Aid,NCA,INGO
2026-02,White Nile,Kosti,Protection,JASMAR Human Security Organization,JHSO,NNGO
2026-02,Aj Jazirah,Medani Al Kubra,Protection,Triangle Génération Humanitaire,TGH,INGO
2026-02,Aj Jazirah,Sharg Al Jazirah,Protection,Triangle Génération Humanitaire,TGH,INGO
2026-02,White Nile,Kosti,Protection,Danish Refugee Council,DRC,INGO
2026-02,White Nile,Rabak,Protection,Danish Refugee Council,DRC,INGO
2026-02,North Darfur,Kebkabiya,Protection,Kabkabiya Small holders Charitable Society,KSCS,NNGO
2026-02,Aj Jazirah,Janub Al Jazirah,Protection,Triangle Génération Humanitaire,TGH,INGO
2026-02,White Nile,Aj Jabalain,Protection,Danish Refugee Council,DRC,INGO
2026-02,North Darfur,Tawila,Protection,Hope and Friendship for Development Organization,HFDO,NNGO
2026-02,West Darfur,Ag Geneina,Protection,International Medical Corps,IMC,INGO
2026-02,Central Darfur,Wasat Jabal Marrah,Protection,International Medical Corps,IMC,INGO
2026-02,North Darfur,Dar As Salam,Protection,Friends of Peace & Development Organization,FPDO,NNGO
2026-02,South Darfur,Beliel,Protection,Child Development Foundation,CDF,NNGO
2026-02,White Nile,Kosti,Protection,Child Development Foundation,CDF,NNGO
2026-02,North Darfur,Saraf Omra,Protection,Kabkabiya Small holders Charitable Society,KSCS,NNGO
2026-02,Kassala,Reifi Khashm Elgirba,Protection,Plan International,PI,INGO
2026-02,Kassala,Madeinat Kassala,Protection,Plan International,PI,INGO
2026-02,South Darfur,Beliel,Protection,World Vision International,WVI,INGO
2026-02,South Darfur,Nyala Shimal,Protection,World Vision International,WVI,INGO
2026-02,West Darfur,Foro Baranga,Protection,Triangle Génération Humanitaire,TGH,INGO
2026-02,South Darfur,Gereida,Protection,World Vision International,WVI,INGO
2026-02,West Darfur,Ag Geneina,Protection,Triangle Génération Humanitaire,TGH,INGO
2026-02,Khartoum,Khartoum,Protection,Agency for Technical Cooperation and Development,ACTED,INGO
2026-02,South Darfur,Nyala Janoub,Protection,World Vision International,WVI,INGO
2026-02,South Darfur,Sharg Aj Jabal,Protection,World Vision International,WVI,INGO
2026-02,Central Darfur,Um Dukhun,Protection,World Relief,WR,INGO
2026-02,White Nile,Kosti,Protection,Agency for Technical Cooperation and Development,ACTED,INGO
2026-02,White Nile,Aj Jabalain,Protection,Agency for Technical Cooperation and Development,ACTED,INGO
2026-02,North Darfur,Tawila,Protection,Triangle Génération Humanitaire,TGH,INGO
2026-02,Gedaref,Madeinat Al Gedaref,Protection,Plan International,PI,INGO
2026-02,White Nile,Kosti,Protection,Almanar Voluntary Organization,AMVO,NNGO
2026-02,White Nile,Rabak,Protection,Almanar Voluntary Organization,AMVO,NNGO
2026-02,Khartoum,Jebel Awlia,Protection,World Relief,WR,INGO
2026-02,Kassala,Reifi Gharb Kassala,Protection,Hope and Friendship for Development Organization,HFDO,NNGO
2026-02,Khartoum,Jebel Awlia,Protection,JASMAR Human Security Organization,JHSO,NNGO
2026-02,South Darfur,Nyala Janoub,Protection,Women for Peace and Development Organization,WPDO,NNGO
2026-02,Khartoum,Jebel Awlia,Protection,Plan International,PI,INGO
2026-02,White Nile,Rabak,Protection,Hope and Friendship for Development Organization,HFDO,NNGO
2026-02,White Nile,Al Gitaina,Protection,Hope and Friendship for Development Organization,HFDO,NNGO
2026-02,Aj Jazirah,Sharg Al Jazirah,Protection,CAFA Development Organization,CAFA,NNGO
2026-02,Gedaref,Madeinat Al Gedaref,Protection,International Organization for Migration,IOM,UN Agency
2026-02,White Nile,Ad Diwaim,Protection,Child Development Foundation,CDF,NNGO
2026-02,White Nile,Aj Jabalain,Protection,Plan International,PI,INGO
2026-02,South Darfur,Nyala Janoub,Protection,Rural Development Organization,RDO,NNGO
2026-02,White Nile,Al Gitaina,Protection,Almanar Voluntary Organization,AMVO,NNGO
2026-02,Northern,Dongola,Protection,International Organization for Migration,IOM,UN Agency
2026-02,Gedaref,Madeinat Al Gedaref,Protection,Agency for Technical Cooperation and Development,ACTED,INGO
2026-02,Gedaref,Wasat Al Gedaref,Protection,Agency for Technical Cooperation and Development,ACTED,INGO
2026-02,White Nile,Kosti,Protection,Norwegian Refugee Council,NRC,INGO
2026-02,Gedaref,Al Galabat Al Gharbyah - Kassab,Protection,Agency for Technical Cooperation and Development,ACTED,INGO
2026-02,Gedaref,Madeinat Al Gedaref,Protection,Norwegian Refugee Council,NRC,INGO
2026-02,South Darfur,Beliel,Protection,WE ARE ALIGHT,ALIGHT,INGO
2026-02,Gedaref,Madeinat Al Gedaref,Protection,Hope and Friendship for Development Organization,HFDO,NNGO
2026-02,Gedaref,Al Galabat Al Gharbyah - Kassab,Protection,Hope and Friendship for Development Organization,HFDO,NNGO
2026-02,North Darfur,As Serief,Protection,Kabkabiya Small holders Charitable Society,KSCS,NNGO
2026-02,Aj Jazirah,Al Manaqil,Protection,NADA Elazhar for Disaster Privention and Sustainable Development,NADA,NNGO
2026-02,Aj Jazirah,Al Qurashi,Protection,NADA Elazhar for Disaster Privention and Sustainable Development,NADA,NNGO
2026-02,Northern,Al Golid,Protection,United Nations Children's Fund,UNICEF,UN Agency
2026-02,West Darfur,Sirba,Protection,Child Development Foundation,CDF,NNGO
2026-02,South Kordofan,Dilling,Protection,Almanar Voluntary Organization,AMVO,NNGO
2026-02,Northern,Dongola,Protection,Durat AL-Nile,D AL-N,NNGO
2026-02,North Darfur,Tawila,Protection,Nonviolent Peaceforce,NP,INGO
2026-02,Sennar,Sennar,Protection,Pan Health Care Organization,PHCO,NNGO
2026-02,South Kordofan,Ar Rashad,Protection,Save the Children International,SCI,INGO
2026-02,Gedaref,Al Galabat Al Gharbyah - Kassab,Protection,Norwegian Church Aid,NCA,INGO
2026-02,Gedaref,Madeinat Al Gedaref,Protection,Norwegian Church Aid,NCA,INGO
2026-02,Gedaref,Wasat Al Gedaref,Protection,WE ARE ALIGHT,ALIGHT,INGO
2026-02,Khartoum,Karrari,Protection,NADA Elazhar for Disaster Privention and Sustainable Development,NADA,NNGO
2026-02,Northern,Ad Dabbah,Protection,Child Development Foundation,CDF,NNGO
2026-02,River Nile,Al Matama,Protection,NADA Elazhar for Disaster Privention and Sustainable Development,NADA,NNGO
2026-02,River Nile,Shendi,Protection,NADA Elazhar for Disaster Privention and Sustainable Development,NADA,NNGO
2026-02,White Nile,Kosti,Protection,NADA Elazhar for Disaster Privention and Sustainable Development,NADA,NNGO
2026-02,White Nile,Al Gitaina,Protection,JASMAR Human Security Organization,JHSO,NNGO
2026-02,Khartoum,Bahri,Protection,JASMAR Human Security Organization,JHSO,NNGO
2026-02,Blue Nile,Ed Damazine,Protection,Relief International,RI,INGO
2026-02,Blue Nile,Ar Rusayris,Protection,Relief International,RI,INGO
2026-02,Sennar,Sennar,Protection,Relief International,RI,INGO
2026-02,North Darfur,Tawila,Protection,Relief International,RI,INGO
2026-02,Aj Jazirah,Al Hasahisa,Protection,National Planning Organization,NPO,NNGO
2026-02,Khartoum,Sharg An Neel,Protection,Relief International,RI,INGO
2026-02,Aj Jazirah,Al Manaqil,Protection,CAFA Development Organization,CAFA,NNGO
2026-02,Aj Jazirah,Al Qurashi,Protection,National Association for Child Protection,NACP,NNGO
2026-02,Aj Jazirah,Janub Al Jazirah,Protection,National Planning Organization,NPO,NNGO
2026-02,Aj Jazirah,Medani Al Kubra,Protection,JASMAR Human Security Organization,JHSO,NNGO
2026-02,Aj Jazirah,Medani Al Kubra,Protection,National Planning Organization,NPO,NNGO
2026-02,Aj Jazirah,Sharg Al Jazirah,Protection,JASMAR Human Security Organization,JHSO,NNGO
2026-02,Aj Jazirah,Sharg Al Jazirah,Protection,National Planning Organization,NPO,NNGO
2026-02,Blue Nile,Baw,Protection,Child Development Foundation,CDF,NNGO
2026-02,Kassala,Halfa Aj Jadeedah,Protection,Woman and Child Care Organization,WCC,INGO
2026-02,Kassala,Reifi Wad Elhilaiw,Protection,Child Development Foundation,CDF,NNGO
2026-02,Khartoum,Bahri,Protection,National Planning Organization,NPO,NNGO
2026-02,Khartoum,Jebel Awlia,Protection,National Planning Organization,NPO,NNGO
2026-02,Khartoum,Karrari,Protection,National Planning Organization,NPO,NNGO
2026-02,Khartoum,Khartoum,Protection,JASMAR Human Security Organization,JHSO,NNGO
2026-02,Khartoum,Sharg An Neel,Protection,National Planning Organization,NPO,NNGO
2026-02,Khartoum,Um Bada,Protection,National Planning Organization,NPO,NNGO
2026-02,River Nile,Ad Damar,Protection,Child Development Foundation,CDF,NNGO
2026-02,Central Darfur,Um Dukhun,Protection,Triangle Génération Humanitaire,TGH,INGO
2026-02,River Nile,Barbar,Protection,Child Development Foundation,CDF,NNGO
2026-02,Sennar,Abu Hujar,Protection,Pan Health Care Organization,PHCO,NNGO
2026-02,Sennar,Ad Dinder,Protection,United Nations Children's Fund,UNICEF,UN Agency
2026-02,Sennar,As Suki,Protection,United Nations Children's Fund,UNICEF,UN Agency
2026-02,Sennar,Sennar,Protection,United Nations Children's Fund,UNICEF,UN Agency
2026-02,Central Darfur,Bendasi,Protection,Triangle Génération Humanitaire,TGH,INGO
2026-02,South Kordofan,Ar Reif Ash Shargi,Protection,United Nations Children's Fund,UNICEF,UN Agency
2026-02,South Kordofan,Kadugli,Protection,United Nations Children's Fund,UNICEF,UN Agency
2026-02,West Kordofan,Al Idia,Protection,United Nations Children's Fund,UNICEF,UN Agency
2026-02,West Kordofan,As Salam - WK,Protection,United Nations Children's Fund,UNICEF,UN Agency
2026-02,White Nile,Ad Diwaim,Protection,Green Dream Organization,GDO,NNGO
2026-02,White Nile,As Salam / Ar Rawat,Protection,Green Dream Organization,GDO,NNGO
2026-02,White Nile,Rabak,Protection,Green Dream Organization,GDO,NNGO
2026-02,White Nile,Rabak,Protection,United Nations Children's Fund,UNICEF,UN Agency
2026-02,Khartoum,Karrari,Protection,Relief International,RI,INGO
2026-02,Khartoum,Um Bada,Protection,Relief International,RI,INGO
2026-02,Red Sea,Port Sudan,Protection,Relief International,RI,INGO
2026-02,Blue Nile,Baw,Protection,International Rescue Committee,IRC,INGO
2026-02,Blue Nile,Wad Al Mahi,Protection,International Rescue Committee,IRC,INGO
2026-02,White Nile,Al Gitaina,Protection,International Rescue Committee,IRC,INGO
2026-02,Gedaref,Madeinat Al Gedaref,Protection,Sudan Zero Waste Organization,SZWO,NNGO
2026-02,Gedaref,Wasat Al Gedaref,Protection,Sudan Zero Waste Organization,SZWO,NNGO
2026-02,North Darfur,Tawila,Protection,Sahari Organization For Development,SAHARI,NNGO
2026-02,Gedaref,Madeinat Al Gedaref,Protection,Almanar Voluntary Organization,AMVO,NNGO
2026-02,Gedaref,Al Fao,Protection,Almanar Voluntary Organization,AMVO,NNGO
2026-02,Gedaref,Wasat Al Gedaref,Protection,Almanar Voluntary Organization,AMVO,NNGO
2026-02,Gedaref,Al Mafaza,Protection,Sudanese Development Organization,SDO,NNGO
2026-02,East Darfur,Yassin,Protection,African Relief Committee,ARC,NNGO
2026-02,South Darfur,Kas,Protection,Child Development Foundation,CDF,NNGO
2026-02,White Nile,Kosti,Protection,International Rescue Committee,IRC,INGO
2026-02,Blue Nile,Ar Rusayris,Protection,International Rescue Committee,IRC,INGO
2026-02,River Nile,Ad Damar,Protection,International Rescue Committee,IRC,INGO
2026-02,Khartoum,Karrari,Protection,International Rescue Committee,IRC,INGO
2026-02,White Nile,Al Gitaina,Protection,Friends of Peace & Development Organization,FPDO,NNGO
2026-02,Gedaref,Al Mafaza,Protection,Friends of Peace & Development Organization,FPDO,NNGO
2026-02,Khartoum,Bahri,Protection,National Units for Mine Action and Development Organization,NUMAD,NNGO
2026-02,Gedaref,Al Fao,Protection,International Rescue Committee,IRC,INGO
2026-02,Northern,Ad Dabbah,Protection,NADA Elazhar for Disaster Privention and Sustainable Development,NADA,NNGO
2026-02,Sennar,Sinja,Protection,Save the Children International,SCI,INGO
2026-02,South Kordofan,Habila - SK,Protection,Save the Children International,SCI,INGO
2026-02,South Kordofan,Dilling,Protection,Save the Children International,SCI,INGO
2026-02,Central Darfur,Zalingi,Protection,Volunteers,Volunteers,NNGO
2026-02,White Nile,Al Gitaina,Protection,Danish Refugee Council,DRC,INGO
2026-02,North Darfur,Tawila,Protection,Tabasheer for Aid and Development Organization,TADO,NNGO
2026-02,West Darfur,Sirba,Protection,Triangle Génération Humanitaire,TGH,INGO
2026-02,Central Darfur,Mukjar,Protection,World Relief,WR,INGO
2026-02,Gedaref,Al Galabat Al Gharbyah - Kassab,Protection,Plan International,PI,INGO
2026-02,Gedaref,Wasat Al Gedaref,Protection,Plan International,PI,INGO
2026-02,White Nile,Kosti,Protection,Hope and Friendship for Development Organization,HFDO,NNGO
2026-02,Red Sea,Port Sudan,Protection,Islamic Relief Worldwide,IRW,INGO
2026-02,Kassala,Madeinat Kassala,Protection,International Organization for Migration,IOM,UN Agency
2026-02,Northern,Halfa,Protection,International Organization for Migration,IOM,UN Agency
2026-02,Khartoum,Karrari,Protection,Almanar Voluntary Organization,AMVO,NNGO
2026-02,Khartoum,Khartoum,Protection,Sudan Agwa Organization,AGWA,NNGO
2026-02,Khartoum,Jebel Awlia,Protection,Alshrooq Organization for Social and Cultural Development,AOSCD,NNGO
2026-02,Central Darfur,Um Dukhun,Protection,Trust for Rehabilitation and Development Organization,TDO,NNGO
2026-02,South Kordofan,Abassiya,Protection,Save the Children International,SCI,INGO
2026-02,Gedaref,Al Mafaza,Protection,Norwegian Church Aid,NCA,INGO
2026-02,Northern,Dongola,Protection,Child Development Foundation,CDF,NNGO
2026-02,West Darfur,Ag Geneina,Protection,Almanar Voluntary Organization,AMVO,NNGO
2026-02,North Kordofan,Sheikan,Protection,Green Dream Organization,GDO,NNGO
2026-02,River Nile,Abu Hamad,Protection,Child Development Foundation,CDF,NNGO
2026-02,White Nile,Aj Jabalain,Protection,Green Dream Organization,GDO,NNGO
2026-02,White Nile,Kosti,Protection,United Nations Children's Fund,UNICEF,UN Agency
2026-02,White Nile,Tendalti,Protection,Sudan Social Development Organization,SSDO,NNGO
2026-02,Northern,Al Golid,Protection,Sudan Agwa Organization,AGWA,NNGO
2026-02,West Darfur,Ag Geneina,Protection,African Relief Committee,ARC,NNGO
2026-02,North Darfur,Tawila,Protection,United Peace Organization,UPO,NNGO
2026-02,Gedaref,Al Galabat Al Gharbyah - Kassab,Protection,WE ARE ALIGHT,ALIGHT,INGO
2026-02,River Nile,Shendi,Protection,International Rescue Committee,IRC,INGO
2026-02,West Darfur,Kereneik,Protection,Hope and Friendship for Development Organization,HFDO,NNGO
2026-02,Aj Jazirah,Al Kamlin,Protection,Friends of Peace & Development Organization,FPDO,NNGO
2026-02,Gedaref,Galabat Ash-Shargiah,Protection,Friends of Peace & Development Organization,FPDO,NNGO
2026-02,West Kordofan,As Salam - WK,Protection,WE ARE ALIGHT,ALIGHT,INGO
2026-02,East Darfur,Shia'ria,Protection,United Nations High Commissioner for Refugees,UNHCR,UN Agency
2026-02,White Nile,Guli,Protection,Hope and Friendship for Development Organization,HFDO,NNGO
2026-02,Khartoum,Um Durman,Protection,Almanar Voluntary Organization,AMVO,NNGO
2026-02,Red Sea,Port Sudan,Protection,Sudanese Coalition for Education for All,SCEFA,NNGO
2026-02,Gedaref,Al Fao,Protection,Norwegian Church Aid,NCA,INGO
2026-02,River Nile,Atbara,Protection,Child Development Foundation,CDF,NNGO
2026-02,Sennar,Abu Hujar,Protection,United Nations Children's Fund,UNICEF,UN Agency
2026-02,Khartoum,Khartoum,Protection,Relief International,RI,INGO
2026-02,North Darfur,Melit,Protection,Cooperazione Internazionale,COOPI,INGO
2026-02,North Darfur,Melit,Protection,Humanity for Development and Prosperity Organization,HDPO,NNGO
2026-02,North Kordofan,Sheikan,Protection,Alsalam Organization for Rehabilitation and Development,AORD,NNGO
2026-02,North Kordofan,Sheikan,Protection,Friends of Peace & Development Organization,FPDO,NNGO
2026-02,North Kordofan,Um Rawaba,Protection,Save the Children International,SCI,INGO
2026-02,Gedaref,Al Fashaga,Protection,Plan International,PI,INGO
2026-02,River Nile,Abu Hamad,Protection,National Planning Organization,NPO,NNGO
2026-02,Blue Nile,Geisan,Protection,Relief International,RI,INGO
2026-02,River Nile,Al Buhaira,Protection,National Planning Organization,NPO,NNGO
2026-02,Gedaref,Wasat Al Gedaref,Protection,Save the Children International,SCI,INGO
2026-02,North Darfur,Al Malha,Protection,Relief International,RI,INGO
2026-02,North Darfur,At Tina,Protection,Relief International,RI,INGO
2026-02,North Kordofan,Sheikan,Protection,Save the Children International,SCI,INGO
2026-02,Gedaref,Galabat Ash-Shargiah,Protection,Plan International,PI,INGO
2026-02,River Nile,Al Buhaira,Protection,Child Development Foundation,CDF,NNGO
2026-02,Kassala,Reifi Gharb Kassala,Protection,Norwegian Church Aid,NCA,INGO
2026-02,Khartoum,Bahri,Multi-Purpose Cash,Sudanese Organisation for Relief and Recovery,SORR,NNGO
2026-02,Northern,Ad Dabbah,Health,Al-Sadagat organization,Al-SO,NNGO
2026-02,South Kordofan,Ar Rashad,Food Security and Livelihoods,CARE International in Sudan,CARE,INGO
2026-02,South Kordofan,Abassiya,Food Security and Livelihoods,CARE International in Sudan,CARE,INGO
2026-02,East Darfur,Bahr Al Arab,Food Security and Livelihoods,CARE International in Sudan,CARE,INGO
2026-02,East Darfur,Abu Karinka,Food Security and Livelihoods,CARE International in Sudan,CARE,INGO
2026-02,East Darfur,Ad Du'ayn,Food Security and Livelihoods,CARE International in Sudan,CARE,INGO
2026-02,Khartoum,Jebel Awlia,Food Security and Livelihoods,CARE International in Sudan,CARE,INGO
2026-02,South Kordofan,Abu Jubayhah,Food Security and Livelihoods,CARE International in Sudan,CARE,INGO
2026-02,Blue Nile,Al Kurmuk,Health,Medair,Medair,INGO
2026-02,Central Darfur,Wasat Jabal Marrah,Food Security and Livelihoods,MERCY CORPS,MC,INGO
2026-02,Central Darfur,Azum,Food Security and Livelihoods,MERCY CORPS,MC,INGO
2026-02,Gedaref,Wasat Al Gedaref,Food Security and Livelihoods,Islamic Relief Worldwide,IRW,INGO
2026-02,Central Darfur,Wadi Salih,Food Security and Livelihoods,MERCY CORPS,MC,INGO
2026-02,Central Darfur,Zalingi,Food Security and Livelihoods,MERCY CORPS,MC,INGO
2026-02,South Kordofan,Abu Jubayhah,Food Security and Livelihoods,Save the Children International,SCI,INGO
2026-02,Gedaref,Al Galabat Al Gharbyah - Kassab,Food Security and Livelihoods,Islamic Relief Worldwide,IRW,INGO
2026-02,Gedaref,Al Fao,Food Security and Livelihoods,MERCY CORPS,MC,INGO
2026-02,Khartoum,Jebel Awlia,Health,Medecins Sans Frontieres - Spain,MSF Spain,INGO
2026-02,North Darfur,Um Baru,Health,"Aljuzur Organization for Peace, Rehabilitation and Development",JPRD,NNGO
2026-02,North Darfur,Kernoi,Health,"Aljuzur Organization for Peace, Rehabilitation and Development",JPRD,NNGO
2026-02,North Darfur,At Tina,Health,"Aljuzur Organization for Peace, Rehabilitation and Development",JPRD,NNGO
2026-02,East Darfur,Al Firdous,Health,Sudan Assist for Development Organization,SADO,NNGO
2026-02,East Darfur,Yassin,Health,Sudan Assist for Development Organization,SADO,NNGO
2026-02,East Darfur,Al Firdous,Health,World Vision International,WVI,INGO
2026-02,East Darfur,Yassin,Health,World Vision International,WVI,INGO
2026-02,East Darfur,Ad Du'ayn,Health,World Vision International,WVI,INGO
2026-02,East Darfur,Bahr Al Arab,Health,World Vision International,WVI,INGO
2026-02,East Darfur,Abu Karinka,Health,World Vision International,WVI,INGO
2026-02,Central Darfur,Gharb Jabal Marrah,Health,Islamic Relief Worldwide,IRW,INGO
2026-02,North Darfur,Tawila,Health,Medical Teams International,MTI,INGO
2026-02,North Darfur,At Tina,Health,Humanity for Development and Prosperity Organization,HDPO,NNGO
2026-02,North Darfur,Melit,Health,Humanity for Development and Prosperity Organization,HDPO,NNGO
2026-02,Aj Jazirah,Medani Al Kubra,Health,Medical Teams International,MTI,INGO
2026-02,West Darfur,Kulbus,Health,Child Development Foundation,CDF,NNGO
2026-02,West Darfur,Kereneik,Health,Child Development Foundation,CDF,NNGO
2026-02,West Darfur,Ag Geneina,Health,Child Development Foundation,CDF,NNGO
2026-02,South Darfur,Sharg Aj Jabal,Health,National Initiative Development Organization,NIDO,NNGO
2026-02,South Darfur,Shattaya,Health,National Initiative Development Organization,NIDO,NNGO
2026-02,South Darfur,Kubum,Health,National Initiative Development Organization,NIDO,NNGO
2026-02,South Darfur,Buram,Health,National Initiative Development Organization,NIDO,NNGO
2026-02,Khartoum,Khartoum,Health,MedGlobal,MedGlobal,INGO
2026-02,Northern,Delgo,Health,MedGlobal,MedGlobal,INGO
2026-02,Northern,Ad Dabbah,Health,MedGlobal,MedGlobal,INGO
2026-02,East Darfur,Ad Du'ayn,Health,Catholic Relief Services,CRS,INGO
2026-02,East Darfur,Yassin,Health,Catholic Relief Services,CRS,INGO
2026-02,East Darfur,Abu Karinka,Health,Catholic Relief Services,CRS,INGO
2026-02,Central Darfur,Um Dukhun,Health,Catholic Relief Services,CRS,INGO
2026-02,Central Darfur,Gharb Jabal Marrah,Health,Catholic Relief Services,CRS,INGO
2026-02,Central Darfur,Shamal Jabal Marrah,Health,Catholic Relief Services,CRS,INGO
2026-02,North Darfur,Um Baru,Health,Goal Global,GOAL,INGO
2026-02,North Darfur,Kutum,Health,Goal Global,GOAL,INGO
2026-02,North Darfur,Al Malha,Health,Relief International,RI,INGO
2026-02,North Darfur,Tawila,Health,Relief International,RI,INGO
2026-02,North Darfur,Melit,Health,Relief International,RI,INGO
2026-02,Sennar,Ad Dinder,Health,Relief International,RI,INGO
2026-02,Sennar,As Suki,Health,Relief International,RI,INGO
2026-02,Sennar,Abu Hujar,Health,Relief International,RI,INGO
2026-02,Sennar,Sinja,Health,Relief International,RI,INGO
2026-02,Sennar,Sennar,Health,Relief International,RI,INGO
2026-02,Red Sea,Haya,Health,Relief International,RI,INGO
2026-02,Red Sea,Port Sudan,Health,Relief International,RI,INGO
2026-02,Khartoum,Khartoum,Health,Relief International,RI,INGO
2026-02,Khartoum,Jebel Awlia,Health,Relief International,RI,INGO
2026-02,Khartoum,Karrari,Health,Relief International,RI,INGO
2026-02,Khartoum,Um Bada,Health,Relief International,RI,INGO
2026-02,Khartoum,Sharg An Neel,Health,Relief International,RI,INGO
2026-02,Gedaref,Galabat Ash-Shargiah,Health,Relief International,RI,INGO
2026-02,Gedaref,Al Galabat Al Gharbyah - Kassab,Health,Relief International,RI,INGO
2026-02,Gedaref,Wasat Al Gedaref,Health,Relief International,RI,INGO
2026-02,Gedaref,Madeinat Al Gedaref,Health,Relief International,RI,INGO
2026-02,Blue Nile,Ed Damazine,Health,Relief International,RI,INGO
2026-02,Blue Nile,Geisan,Health,Relief International,RI,INGO
2026-02,Blue Nile,Ar Rusayris,Health,Relief International,RI,INGO
2026-02,Aj Jazirah,Al Manaqil,Health,Relief International,RI,INGO
2026-02,Aj Jazirah,Sharg Al Jazirah,Health,Relief International,RI,INGO
2026-02,Aj Jazirah,Janub Al Jazirah,Health,Relief International,RI,INGO
2026-02,Aj Jazirah,Medani Al Kubra,Health,Relief International,RI,INGO
2026-02,Sennar,Sennar,Health,Save the Children International,SCI,INGO
2026-02,South Kordofan,Ghadeer,Health,CARE International in Sudan,CARE,INGO
2026-02,South Kordofan,Abu Jubayhah,Health,CARE International in Sudan,CARE,INGO
2026-02,South Kordofan,Abassiya,Health,CARE International in Sudan,CARE,INGO
2026-02,South Darfur,Nyala Shimal,Health,CARE International in Sudan,CARE,INGO
2026-02,North Darfur,Tawila,Health,CARE International in Sudan,CARE,INGO
2026-02,Khartoum,Jebel Awlia,Health,CARE International in Sudan,CARE,INGO
2026-02,Khartoum,Karrari,Health,CARE International in Sudan,CARE,INGO
2026-02,Kassala,Reifi Aroma,Health,CARE International in Sudan,CARE,INGO
2026-02,Kassala,Reifi Wad Elhilaiw,Health,CARE International in Sudan,CARE,INGO
2026-02,Gedaref,Al Mafaza,Health,CARE International in Sudan,CARE,INGO
2026-02,East Darfur,Shia'ria,Health,CARE International in Sudan,CARE,INGO
2026-02,East Darfur,Yassin,Health,CARE International in Sudan,CARE,INGO
2026-02,East Darfur,Assalaya,Health,CARE International in Sudan,CARE,INGO
2026-02,East Darfur,Bahr Al Arab,Health,CARE International in Sudan,CARE,INGO
2026-02,East Darfur,Abu Jabrah,Health,CARE International in Sudan,CARE,INGO
2026-02,East Darfur,Al Firdous,Health,CARE International in Sudan,CARE,INGO
2026-02,East Darfur,Abu Karinka,Health,CARE International in Sudan,CARE,INGO
2026-02,East Darfur,Ad Du'ayn,Health,CARE International in Sudan,CARE,INGO
2026-02,Aj Jazirah,Al Kamlin,Health,CARE International in Sudan,CARE,INGO
2026-02,Blue Nile,Wad Al Mahi,Health,International Rescue Committee,IRC,INGO
2026-02,Blue Nile,Ar Rusayris,Health,International Rescue Committee,IRC,INGO
2026-02,Blue Nile,Baw,Health,International Rescue Committee,IRC,INGO
2026-02,River Nile,Atbara,Health,International Rescue Committee,IRC,INGO
2026-02,River Nile,Shendi,Health,International Rescue Committee,IRC,INGO
2026-02,Khartoum,Karrari,Health,International Rescue Committee,IRC,INGO
2026-02,Aj Jazirah,Sharg Al Jazirah,Health,International Rescue Committee,IRC,INGO
2026-02,Aj Jazirah,Janub Al Jazirah,Health,International Rescue Committee,IRC,INGO
2026-02,Aj Jazirah,Al Hasahisa,Health,International Rescue Committee,IRC,INGO
2026-02,Aj Jazirah,Medani Al Kubra,Health,International Rescue Committee,IRC,INGO
2026-02,White Nile,Al Gitaina,Health,International Rescue Committee,IRC,INGO
2026-02,White Nile,Rabak,Health,International Rescue Committee,IRC,INGO
2026-02,White Nile,Kosti,Health,International Rescue Committee,IRC,INGO
2026-02,Gedaref,Al Mafaza,Health,International Rescue Committee,IRC,INGO
2026-02,Gedaref,Wasat Al Gedaref,Health,Premiere Urgence Internationale,PUI,INGO
2026-02,Khartoum,Khartoum,Health,Premiere Urgence Internationale,PUI,INGO
2026-02,Khartoum,Karrari,Health,Premiere Urgence Internationale,PUI,INGO
2026-02,Central Darfur,Zalingi,Health,Premiere Urgence Internationale,PUI,INGO
2026-02,Central Darfur,Azum,Health,Premiere Urgence Internationale,PUI,INGO
2026-02,Aj Jazirah,Janub Al Jazirah,Health,Premiere Urgence Internationale,PUI,INGO
2026-02,Aj Jazirah,Medani Al Kubra,Health,Premiere Urgence Internationale,PUI,INGO
2026-02,West Darfur,Sirba,Health,Premiere Urgence Internationale,PUI,INGO
2026-02,West Darfur,Kereneik,Health,Premiere Urgence Internationale,PUI,INGO
2026-02,West Darfur,Ag Geneina,Health,Premiere Urgence Internationale,PUI,INGO
2026-02,West Darfur,Habila - WD,Food Security and Livelihoods,Veterinaires Sans Frontières Germany,VSF-G,INGO
2026-02,Northern,Ad Dabbah,Food Security and Livelihoods,Humanitarian Relief Foundation,IHH,INGO
2026-02,North Darfur,Tawila,Food Security and Livelihoods,Humanitarian Relief Foundation,IHH,INGO
2026-02,Khartoum,Khartoum,Food Security and Livelihoods,Humanitarian Relief Foundation,IHH,INGO
2026-02,South Kordofan,Dilling,Food Security and Livelihoods,Humanitarian Relief Foundation,IHH,INGO
2026-02,Red Sea,Port Sudan,Food Security and Livelihoods,Humanitarian Relief Foundation,IHH,INGO
2026-02,Khartoum,Jebel Awlia,Food Security and Livelihoods,Humanitarian Relief Foundation,IHH,INGO
2026-02,Red Sea,Sawakin,Health,Addition for Disasters assistance and Development,ADD,NNGO
2026-02,Red Sea,Agig,Health,Addition for Disasters assistance and Development,ADD,NNGO
2026-02,North Kordofan,Sheikan,Health,Save the Children International,SCI,INGO
2026-02,Aj Jazirah,Medani Al Kubra,Health,Alsalam Organization for Rehabilitation and Development,AORD,NNGO
2026-02,Central Darfur,Wasat Jabal Marrah,WASH,Triangle Génération Humanitaire,TGH,INGO
2026-02,North Darfur,Tawila,WASH,Triangle Génération Humanitaire,TGH,INGO
2026-02,West Darfur,Foro Baranga,WASH,Triangle Génération Humanitaire,TGH,INGO
2026-02,Khartoum,Bahri,WASH,Relief International,RI,INGO
2026-02,South Darfur,Al Wihda,WASH,International Rescue Committee,IRC,INGO
2026-02,North Darfur,Tawila,WASH,Welthungerhilfe,WHH,INGO
2026-02,Gedaref,Madeinat Al Gedaref,WASH,WE ARE ALIGHT,ALIGHT,INGO
2026-02,North Kordofan,Sheikan,WASH,SOS Sahel Sudan Organization,SOS Sahel,NNGO
2026-02,South Darfur,Nyala Janoub,WASH,MERCY CORPS,MC,INGO
2026-02,South Darfur,Nyala Janoub,WASH,WE ARE ALIGHT,ALIGHT,INGO
2026-02,Central Darfur,Zalingi,WASH,Triangle Génération Humanitaire,TGH,INGO
2026-02,West Darfur,Ag Geneina,WASH,Triangle Génération Humanitaire,TGH,INGO
2026-02,Aj Jazirah,Um Algura,WASH,United Nations Children's Fund,UNICEF,UN Agency
2026-02,North Darfur,Al Fasher,WASH,Solidarites International,SI,INGO
2026-02,Khartoum,Um Bada,WASH,Save the Children International,SCI,INGO
2026-02,Aj Jazirah,Al Manaqil,WASH,Relief International,RI,INGO
2026-02,North Kordofan,Sheikan,WASH,LM International,LMI,INGO
2026-02,North Darfur,Tawila,WASH,Dar for Community Development,DCD,NNGO
2026-02,Gedaref,Wasat Al Gedaref,WASH,Agency for Technical Cooperation and Development,ACTED,INGO
2026-02,Central Darfur,Wasat Jabal Marrah,WASH,World Relief,WR,INGO
2026-02,South Darfur,Nyala Shimal,WASH,WE ARE ALIGHT,ALIGHT,INGO
2026-02,Gedaref,Madeinat Al Gedaref,WASH,Save the Children International,SCI,INGO
2026-02,Gedaref,Gala'a Al Nahal,WASH,Save the Children International,SCI,INGO
2026-02,Gedaref,Wasat Al Gedaref,WASH,Save the Children International,SCI,INGO
2026-02,Khartoum,Um Durman,WASH,Save the Children International,SCI,INGO
2026-02,Khartoum,Bahri,WASH,Save the Children International,SCI,INGO
2026-02,Aj Jazirah,Al Manaqil,WASH,Save the Children International,SCI,INGO
2026-02,Aj Jazirah,Al Hasahisa,WASH,Save the Children International,SCI,INGO
2026-02,Aj Jazirah,Medani Al Kubra,WASH,Save the Children International,SCI,INGO
2026-02,Gedaref,Wasat Al Gedaref,WASH,Rural Community Development Organization,RCDO,NNGO
2026-02,Gedaref,Al Fao,WASH,WE ARE ALIGHT,ALIGHT,INGO
2026-02,Gedaref,Al Fashaga,WASH,WE ARE ALIGHT,ALIGHT,INGO
2026-02,South Darfur,Gereida,WASH,WE ARE ALIGHT,ALIGHT,INGO
2026-02,South Darfur,Beliel,WASH,WE ARE ALIGHT,ALIGHT,INGO
2026-02,South Darfur,As Salam - SD,WASH,WE ARE ALIGHT,ALIGHT,INGO
2026-02,West Darfur,Sirba,WASH,Triangle Génération Humanitaire,TGH,INGO
2026-02,Khartoum,Khartoum,WASH,Relief International,RI,INGO
2026-02,Gedaref,Wasat Al Gedaref,WASH,Relief International,RI,INGO
2026-02,White Nile,Al Gitaina,WASH,Action Against Hunger,AAH,INGO
2026-02,East Darfur,Adila,WASH,WE ARE ALIGHT,ALIGHT,INGO
2026-02,Gedaref,Ar Rahad-GD,WASH,WE ARE ALIGHT,ALIGHT,INGO
2026-02,East Darfur,Ad Du'ayn,WASH,WE ARE ALIGHT,ALIGHT,INGO
2026-02,North Darfur,Tawila,WASH,Solidarites International,SI,INGO
2026-02,Gedaref,Madeinat Al Gedaref,WASH,Rural Community Development Organization,RCDO,NNGO
2026-02,Khartoum,Um Bada,WASH,LM International,LMI,INGO
2026-02,North Darfur,Tawila,WASH,Save the Children International,SCI,INGO
2026-02,North Darfur,Tawila,WASH,Danish Refugee Council,DRC,INGO
2026-02,White Nile,Ad Diwaim,WASH,Action Against Hunger,AAH,INGO
2026-02,White Nile,Kosti,WASH,Agency for Technical Cooperation and Development,ACTED,INGO
2026-02,Gedaref,Madeinat Al Gedaref,Health,Save the Children International,SCI,INGO
2026-02,Central Darfur,Wasat Jabal Marrah,Health,Save the Children International,SCI,INGO
2026-02,Central Darfur,Shamal Jabal Marrah,Health,Save the Children International,SCI,INGO
2026-02,Central Darfur,Zalingi,Health,Save the Children International,SCI,INGO
2026-02,Central Darfur,Azum,Health,Save the Children International,SCI,INGO
2026-02,White Nile,Kosti,Health,Medical Teams International,MTI,INGO
2026-02,South Kordofan,Abu Jubayhah,Food Security and Livelihoods,Goal Global,GOAL,INGO
2026-02,South Darfur,Nyala Janoub,Health,Sudanese Red Crescent Society,SRCS,Red Cross
2026-02,Khartoum,Khartoum,Logistics,World Food Programme,WFP,UN Agency
2026-02,Kassala,Madeinat Kassala,Logistics,World Food Programme,WFP,UN Agency
2026-02,Northern,Dongola,Logistics,World Food Programme,WFP,UN Agency
2026-02,Red Sea,Port Sudan,Logistics,World Food Programme,WFP,UN Agency
2026-02,South Kordofan,Dilling,Logistics,World Food Programme,WFP,UN Agency
2026-02,Gedaref,Madeinat Al Gedaref,Logistics,World Food Programme,WFP,UN Agency
2026-02,Central Darfur,Zalingi,Logistics,World Food Programme,WFP,UN Agency
2026-02,Central Darfur,Um Dukhun,Logistics,World Food Programme,WFP,UN Agency
2026-02,Central Darfur,Gharb Jabal Marrah,Logistics,World Food Programme,WFP,UN Agency
2026-02,Central Darfur,Wasat Jabal Marrah,Logistics,World Food Programme,WFP,UN Agency
2026-02,West Darfur,Ag Geneina,Logistics,World Food Programme,WFP,UN Agency
2026-02,North Darfur,Al Fasher,Logistics,World Food Programme,WFP,UN Agency
2026-02,North Darfur,Tawila,Logistics,World Food Programme,WFP,UN Agency
2026-02,Gedaref,Galabat Ash-Shargiah,Logistics,World Food Programme,WFP,UN Agency
2026-02,Blue Nile,Ed Damazine,Logistics,World Food Programme,WFP,UN Agency
2026-02,Northern,Ad Dabbah,Logistics,World Food Programme,WFP,UN Agency
2026-02,White Nile,Kosti,Logistics,World Food Programme,WFP,UN Agency
2026-02,Red Sea,Port Sudan,Emergency Telecommunications,World Food Programme,WFP,UN Agency
2026-02,White Nile,Kosti,Emergency Telecommunications,World Food Programme,WFP,UN Agency
2026-02,Gedaref,Madeinat Al Gedaref,Emergency Telecommunications,World Food Programme,WFP,UN Agency
2026-02,Blue Nile,Ed Damazine,Emergency Telecommunications,World Food Programme,WFP,UN Agency
2026-02,Kassala,Madeinat Kassala,Emergency Telecommunications,World Food Programme,WFP,UN Agency
2026-02,River Nile,Atbara,Emergency Telecommunications,World Food Programme,WFP,UN Agency
2026-02,Khartoum,Khartoum,Emergency Telecommunications,World Food Programme,WFP,UN Agency
2026-02,North Darfur,Tawila,Site Management,African Relief Committee,ARC,NNGO
2026-02,East Darfur,Shia'ria,Site Management,African Relief Committee,ARC,NNGO
2026-02,North Darfur,Tawila,Site Management,Norwegian Refugee Council,NRC,INGO
2026-02,Gedaref,Wasat Al Gedaref,Site Management,Agency for Technical Cooperation and Development,ACTED,INGO
2026-02,Gedaref,Madeinat Al Gedaref,Site Management,Agency for Technical Cooperation and Development,ACTED,INGO
2026-02,Gedaref,Al Galabat Al Gharbyah - Kassab,Site Management,Agency for Technical Cooperation and Development,ACTED,INGO
2026-02,White Nile,Kosti,Site Management,Agency for Technical Cooperation and Development,ACTED,INGO
2026-02,White Nile,Aj Jabalain,Site Management,Agency for Technical Cooperation and Development,ACTED,INGO
2026-02,Kassala,Reifi Gharb Kassala,Site Management,United Nations High Commissioner for Refugees,UNHCR,UN Agency
2026-02,Blue Nile,Baw,Site Management,Agency for Technical Cooperation and Development,ACTED,INGO
2026-02,Gedaref,Al Galabat Al Gharbyah - Kassab,Site Management,Danish Refugee Council,DRC,INGO
2026-02,White Nile,Kosti,Site Management,Caritas Sudan,Sudanaid,INGO
2026-02,Gedaref,Wasat Al Gedaref,Site Management,Danish Refugee Council,DRC,INGO
2026-02,Central Darfur,Wasat Jabal Marrah,Site Management,Danish Refugee Council,DRC,INGO
2026-02,Central Darfur,Um Dukhun,Site Management,Danish Refugee Council,DRC,INGO
2026-02,North Darfur,Tawila,Site Management,Danish Refugee Council,DRC,INGO
2026-02,Central Darfur,Gharb Jabal Marrah,Site Management,Danish Refugee Council,DRC,INGO
2026-02,Blue Nile,Al Kurmuk,Health,Pan Health Care Organization,PHCO,NNGO
2026-02,Khartoum,Karrari,Health,Almanar Voluntary Organization,AMVO,NNGO
2026-02,Blue Nile,Ar Rusayris,Health,Pan Health Care Organization,PHCO,NNGO
2026-02,North Darfur,Tawila,Shelter and NFIs,Solidarites International,SI,INGO
2026-02,River Nile,Atbara,Shelter and NFIs,Muslim Hands United for The Needy,Muslim Hands,INGO
2026-02,North Darfur,Tawila,Shelter and NFIs,African Relief Committee,ARC,NNGO
2026-02,East Darfur,Shia'ria,Shelter and NFIs,African Relief Committee,ARC,NNGO
2026-02,Aj Jazirah,Um Algura,Shelter and NFIs,Islamic Relief Worldwide,IRW,INGO
2026-02,South Darfur,Beliel,Shelter and NFIs,ZOA International,ZOA,INGO
2026-02,Khartoum,Bahri,Shelter and NFIs,Human Appeal - UK,HA UK,INGO
2026-02,South Kordofan,Heiban,Shelter and NFIs,Save the Children International,SCI,INGO
2026-02,Gedaref,Wasat Al Gedaref,Shelter and NFIs,Sudanese Organisation for Relief and Recovery,SORR,NNGO
2026-02,Khartoum,Jebel Awlia,Shelter and NFIs,Human Appeal - UK,HA UK,INGO
2026-02,Kassala,Reifi Kassla,Shelter and NFIs,WE ARE ALIGHT,ALIGHT,INGO
2026-02,Aj Jazirah,Sharg Al Jazirah,Shelter and NFIs,Sudanese Organisation for Relief and Recovery,SORR,NNGO
2026-02,South Kordofan,Abassiya,Shelter and NFIs,LM International (formerly known as International Aid Services),LM/IAS,INGO
2026-02,Northern,Ad Dabbah,Shelter and NFIs,Building Resilience Development Organization,BRDO,NNGO
2026-02,North Darfur,Tawila,Shelter and NFIs,Save the Children International,SCI,INGO
2026-02,North Darfur,Tawila,Shelter and NFIs,Welthungerhilfe,WHH,INGO
2026-02,Central Darfur,Wasat Jabal Marrah,Shelter and NFIs,World Relief,WR,INGO
2026-02,Gedaref,Wasat Al Gedaref,Shelter and NFIs,Danish Refugee Council,DRC,INGO
2026-02,North Darfur,Tawila,Shelter and NFIs,Norwegian Refugee Council,NRC,INGO
2026-02,Central Darfur,Wasat Jabal Marrah,Shelter and NFIs,Triangle Génération Humanitaire,TGH,INGO
2026-02,Central Darfur,Gharb Jabal Marrah,Shelter and NFIs,Solidarites International,SI,INGO
2026-02,North Darfur,Tawila,Shelter and NFIs,Triangle Génération Humanitaire,TGH,INGO
2026-02,North Darfur,Saraf Omra,Shelter and NFIs,Sudanese Organisation for Relief and Recovery,SORR,NNGO
2026-02,Central Darfur,Wasat Jabal Marrah,Shelter and NFIs,Sudanese Organisation for Relief and Recovery,SORR,NNGO
2026-02,North Darfur,Melit,Shelter and NFIs,Sudanese Organisation for Relief and Recovery,SORR,NNGO
2026-02,North Darfur,Kutum,Shelter and NFIs,Sudanese Organisation for Relief and Recovery,SORR,NNGO
2026-02,North Darfur,Tawila,Shelter and NFIs,Samaritan Organization,SAO,NNGO
2026-02,West Kordofan,Al Lagowa,Health,Concern WorldWide,CWW,INGO
2026-02,West Kordofan,Al Meiram,Health,Concern WorldWide,CWW,INGO
2026-02,West Kordofan,Al Dibab,Health,Concern WorldWide,CWW,INGO
2026-02,West Kordofan,As Salam - WK,Health,Concern WorldWide,CWW,INGO
2026-02,West Kordofan,Abyei,Health,Concern WorldWide,CWW,INGO
2026-02,West Kordofan,Abu Zabad,Health,Concern WorldWide,CWW,INGO
2026-02,West Darfur,Kereneik,Health,Concern WorldWide,CWW,INGO
2026-02,West Darfur,Kulbus,Health,Concern WorldWide,CWW,INGO
2026-02,West Darfur,Jebel Moon,Health,Concern WorldWide,CWW,INGO
2026-02,Central Darfur,Azum,Health,Concern WorldWide,CWW,INGO
2026-02,West Darfur,Ag Geneina,Health,Concern WorldWide,CWW,INGO
2026-02,South Darfur,Nyala Shimal,Food Security and Livelihoods,Norwegian Refugee Council,NRC,INGO
2026-02,West Darfur,Ag Geneina,Food Security and Livelihoods,Norwegian Refugee Council,NRC,INGO
2026-02,White Nile,Kosti,Food Security and Livelihoods,Norwegian Refugee Council,NRC,INGO
2026-02,South Kordofan,Dilling,Health,Plan International,PI,INGO
2026-02,Khartoum,Um Durman,Health,Sudanese American Physicians Association,SAPA,INGO
2026-02,South Kordofan,Delami,Multi-Purpose Cash,CARE International in Sudan,CARE,INGO
2026-02,Kassala,Reifi Aroma,Health,Sudanese Red Crescent Society,SRCS,Red Cross
2026-02,North Darfur,Melit,Food Security and Livelihoods,Anhar for Peace Development and Humanitarian Work Organization,APDHWO,NNGO
2026-02,East Darfur,Ad Du'ayn,Multi-Purpose Cash,World Vision International,WVI,INGO
2026-02,Red Sea,Port Sudan,Multi-Purpose Cash,World Vision International,WVI,INGO
2026-02,River Nile,Al Matama,Health,Building Foundation for Development,BFD,NNGO
2026-02,South Kordofan,Kadugli,Multi-Purpose Cash,Alsalam Organization for Rehabilitation and Development,AORD,NNGO
2026-02,Blue Nile,Ar Rusayris,Health,Save the Children International,SCI,INGO
2026-02,Blue Nile,Ed Damazine,Health,Save the Children International,SCI,INGO
2026-02,Blue Nile,Baw,Health,Save the Children International,SCI,INGO
2026-02,Blue Nile,Geisan,Health,Save the Children International,SCI,INGO
2026-02,Sennar,Sennar,Nutrition,Save the Children International,SCI,INGO
2026-02,Red Sea,Port Sudan,Nutrition,Relief International,RI,INGO
2026-02,Red Sea,Haya,Nutrition,Relief International,RI,INGO
2026-02,South Kordofan,Dilling,Nutrition,Plan International,PI,INGO
2026-02,North Darfur,Um Kadadah,Nutrition,Sahari Organization For Development,SAHARI,NNGO
2026-02,Central Darfur,Um Dukhun,Nutrition,International Medical Corps,IMC,INGO
2026-02,Khartoum,Um Bada,Nutrition,Medical Teams International,MTI,INGO
2026-02,North Darfur,Tawila,Nutrition,Sahari Organization For Development,SAHARI,NNGO
2026-02,North Darfur,Tawila,Nutrition,Relief International,RI,INGO
2026-02,West Darfur,Sirba,Nutrition,Catholic Relief Services,CRS,INGO
2026-02,Aj Jazirah,Sharg Al Jazirah,Nutrition,International Rescue Committee,IRC,INGO
2026-02,North Darfur,Melit,Nutrition,Sahari Organization For Development,SAHARI,NNGO
2026-02,North Darfur,Melit,Nutrition,Relief International,RI,INGO
2026-02,Aj Jazirah,Medani Al Kubra,Nutrition,International Rescue Committee,IRC,INGO
2026-02,North Darfur,Kelemando,Nutrition,Save the Children International,SCI,INGO
2026-02,Aj Jazirah,Janub Al Jazirah,Nutrition,International Rescue Committee,IRC,INGO
2026-02,Blue Nile,Geisan,Nutrition,Relief International,RI,INGO
2026-02,West Darfur,Foro Baranga,Nutrition,Catholic Relief Services,CRS,INGO
2026-02,Blue Nile,Ed Damazine,Nutrition,Relief International,RI,INGO
2026-02,Blue Nile,Ar Rusayris,Nutrition,Relief International,RI,INGO
2026-02,North Darfur,Al Malha,Nutrition,Relief International,RI,INGO
2026-02,White Nile,As Salam / Ar Rawat,Health,Action Against Hunger,AAH,INGO
2026-02,White Nile,Ad Diwaim,Health,Action Against Hunger,AAH,INGO
2026-02,West Darfur,Foro Baranga,Health,Dar for Community Development,DCD,NNGO
2026-02,South Darfur,Nyala Janoub,Health,CARE International in Sudan,CARE,INGO
2026-02,South Darfur,Kas,Health,CARE International in Sudan,CARE,INGO
2026-02,South Darfur,Ed Al Fursan,Health,CARE International in Sudan,CARE,INGO
2026-02,Sennar,Sennar,Health,Pan Health Care Organization,PHCO,NNGO
2026-02,North Darfur,Al Lait,Nutrition,Sahari Organization For Development,SAHARI,NNGO
2026-02,Red Sea,Sawakin,Health,Save the Children International,SCI,INGO
2026-02,Aj Jazirah,Al Hasahisa,Nutrition,International Rescue Committee,IRC,INGO
2026-02,North Darfur,Al Fasher,Nutrition,Relief International,RI,INGO
2026-02,South Kordofan,Abu Jubayhah,Nutrition,Save the Children International,SCI,INGO
2026-02,North Kordofan,Sheikan,Health,Patient Helping Fund,PHF,NNGO
2026-02,Khartoum,Karrari,Health,Sudanese American Physicians Association,SAPA,INGO
2026-02,Khartoum,Sharg An Neel,Health,Medecins Sans Frontieres - Switzerland,MSF - Switzerland,INGO
2026-02,Khartoum,Sharg An Neel,Health,Medecins Sans Frontieres,MSF,INGO
2026-02,Central Darfur,Azum,Health,International Medical Corps,IMC,INGO
2026-02,Blue Nile,Geisan,Health,International Medical Corps,IMC,INGO
2026-02,Blue Nile,Ed Damazine,Health,Medecins Sans Frontieres - Belgium,MSF/Belgium,INGO
2026-02,North Darfur,Tawila,Health,Save the Children International,SCI,INGO
2026-02,North Darfur,Tawila,Health,Medecins Sans Frontieres,MSF,INGO
2026-02,North Darfur,Dar As Salam,Health,Tabasheer for Aid and Development Organization,TADO,NNGO
2026-02,North Darfur,As Serief,Health,Patient Helping Fund,PHF,NNGO
2026-02,Kassala,Halfa Aj Jadeedah,Health,WE ARE ALIGHT,ALIGHT,INGO
2026-02,Kassala,Madeinat Kassala,Health,WE ARE ALIGHT,ALIGHT,INGO
2026-02,Kassala,Reifi Wad Elhilaiw,Health,JASMAR Human Security Organization,JHSO,NNGO
2026-02,Kassala,Madeinat Kassala,Health,Patient Helping Fund,PHF,NNGO
2026-02,Gedaref,Galabat Ash-Shargiah,Health,Medecins Sans Frontieres,MSF,INGO
2026-02,Gedaref,Al Mafaza,Health,Medecins Sans Frontieres,MSF,INGO
2026-02,Gedaref,Al Fao,Health,Medecins Sans Frontieres,MSF,INGO
2026-02,Red Sea,Port Sudan,Health,Sudan Family Planning Association,SFPA,NNGO
2026-02,South Darfur,Beliel,Nutrition,International Medical Corps,IMC,INGO
2026-02,Central Darfur,Zalingi,Nutrition,World Relief,WR,INGO
2026-02,Central Darfur,Zalingi,Nutrition,Sudanese Red Crescent Society,SRCS,Red Cross
2026-02,Central Darfur,Zalingi,Nutrition,Save the Children International,SCI,INGO
2026-02,Central Darfur,Zalingi,Nutrition,International Medical Corps,IMC,INGO
2026-02,East Darfur,Yassin,Nutrition,Sudan Assist for Development Organization,SADO,NNGO
2026-02,East Darfur,Yassin,Nutrition,CARE International in Sudan,CARE,INGO
2026-02,East Darfur,Yassin,Nutrition,WE ARE ALIGHT,ALIGHT,INGO
2026-02,Central Darfur,Wasat Jabal Marrah,Nutrition,World Relief,WR,INGO
2026-02,Central Darfur,Wasat Jabal Marrah,Nutrition,Save the Children International,SCI,INGO
2026-02,Central Darfur,Wasat Jabal Marrah,Nutrition,International Medical Corps,IMC,INGO
2026-02,Gedaref,Wasat Al Gedaref,Nutrition,Save the Children International,SCI,INGO
2026-02,Gedaref,Wasat Al Gedaref,Nutrition,Relief International,RI,INGO
2026-02,Gedaref,Wasat Al Gedaref,Nutrition,Premiere Urgence Internationale,PUI,INGO
2026-02,Central Darfur,Wadi Salih,Nutrition,World Relief,WR,INGO
2026-02,Central Darfur,Wadi Salih,Nutrition,Sudanese Red Crescent Society,SRCS,Red Cross
2026-02,West Kordofan,Wad Bandah,Nutrition,Islamic Relief Worldwide,IRW,INGO
2026-02,Blue Nile,Wad Al Mahi,Nutrition,International Rescue Committee,IRC,INGO
2026-02,White Nile,Um Rimta,Nutrition,Plan International,PI,INGO
2026-02,Khartoum,Um Durman,Nutrition,Sudanese American Physicians Association,SAPA,INGO
2026-02,Central Darfur,Um Dukhun,Nutrition,World Relief,WR,INGO
2026-02,North Darfur,Um Baru,Nutrition,Welthungerhilfe (German Agro Action),WHH,INGO
2026-02,North Darfur,Um Baru,Nutrition,"Aljuzur Organization for Peace, Rehabilitation and Development",JPRD,NNGO
2026-02,Khartoum,Um Bada,Nutrition,Relief International,RI,INGO
2026-02,South Darfur,Tulus,Nutrition,Medair,Medair,INGO
2026-02,White Nile,Tendalti,Nutrition,Plan International,PI,INGO
2026-02,North Darfur,Tawila,Nutrition,Save the Children International,SCI,INGO
2026-02,North Darfur,Tawila,Nutrition,INTERSOS,INTERSOS,INGO
2026-02,North Darfur,Tawila,Nutrition,CARE International in Sudan,CARE,INGO
2026-02,North Darfur,Tawila,Nutrition,Auttash Organization for Peace and Development,AUTASH,NNGO
2026-02,North Darfur,Tawila,Nutrition,The Alliance for International Medical Action,ALIMA,INGO
2026-02,South Kordofan,Talawdi,Nutrition,Goal Global,GOAL,INGO
2026-02,South Kordofan,Talawdi,Nutrition,Concern WorldWide,CWW,INGO
2026-02,West Darfur,Sirba,Nutrition,World Relief,WR,INGO
2026-02,West Darfur,Sirba,Nutrition,Premiere Urgence Internationale,PUI,INGO
2026-02,Sennar,Sinja,Nutrition,Relief International,RI,INGO
2026-02,East Darfur,Shia'ria,Nutrition,WE ARE ALIGHT,ALIGHT,INGO
2026-02,River Nile,Shendi,Nutrition,International Rescue Committee,IRC,INGO
2026-02,South Darfur,Shattaya,Nutrition,National Initiative Development Organization,NIDO,NNGO
2026-02,Khartoum,Sharg An Neel,Nutrition,Medair,Medair,INGO
2026-02,Khartoum,Sharg An Neel,Nutrition,International Medical Corps,IMC,INGO
2026-02,Aj Jazirah,Sharg Al Jazirah,Nutrition,Relief International,RI,INGO
2026-02,Aj Jazirah,Sharg Al Jazirah,Nutrition,Building Foundation for Development,BFD,NNGO
2026-02,South Darfur,Sharg Aj Jabal,Nutrition,CARE International in Sudan,CARE,INGO
2026-02,South Darfur,Sharg Aj Jabal,Nutrition,WE ARE ALIGHT,ALIGHT,INGO
2026-02,Central Darfur,Shamal Jabal Marrah,Nutrition,World Relief,WR,INGO
2026-02,Central Darfur,Shamal Jabal Marrah,Nutrition,Save the Children International,SCI,INGO
2026-02,Sennar,Sennar,Nutrition,Relief International,RI,INGO
2026-02,Red Sea,Sawakin,Nutrition,Save the Children International,SCI,INGO
2026-02,Red Sea,Sawakin,Nutrition,Welthungerhilfe (German Agro Action),WHH,INGO
2026-02,North Darfur,Saraf Omra,Nutrition,Welthungerhilfe (German Agro Action),WHH,INGO
2026-02,Kassala,Reifi Wad Elhilaiw,Nutrition,JASMAR Human Security Organization,JHSO,NNGO
2026-02,Kassala,Reifi Wad Elhilaiw,Nutrition,Welthungerhilfe (German Agro Action),WHH,INGO
2026-02,Kassala,Reifi Khashm Elgirba,Nutrition,JASMAR Human Security Organization,JHSO,NNGO
2026-02,Kassala,Reifi Hamashkureib,Nutrition,Samaritan's Purse,SP,INGO
2026-02,Kassala,Reifi Hamashkureib,Nutrition,Welthungerhilfe (German Agro Action),WHH,INGO
2026-02,White Nile,Rabak,Nutrition,Plan International,PI,INGO
2026-02,White Nile,Rabak,Nutrition,International Rescue Committee,IRC,INGO
2026-02,Red Sea,Port Sudan,Nutrition,Sudanese American Physicians Association,SAPA,INGO
2026-02,Red Sea,Port Sudan,Nutrition,Welthungerhilfe (German Agro Action),WHH,INGO
2026-02,South Darfur,Nyala Shimal,Nutrition,Medair,Medair,INGO
2026-02,South Darfur,Nyala Shimal,Nutrition,International Medical Corps,IMC,INGO
2026-02,South Darfur,Nyala Shimal,Nutrition,CARE International in Sudan,CARE,INGO
2026-02,South Darfur,Nyala Shimal,Nutrition,WE ARE ALIGHT,ALIGHT,INGO
2026-02,South Darfur,Nyala Janoub,Nutrition,CARE International in Sudan,CARE,INGO
2026-02,South Darfur,Nyala Janoub,Nutrition,WE ARE ALIGHT,ALIGHT,INGO
2026-02,Central Darfur,Mukjar,Nutrition,World Relief,WR,INGO
2026-02,Northern,Merwoe,Nutrition,Building Foundation for Development,BFD,NNGO
2026-02,North Darfur,Melit,Nutrition,Auttash Organization for Peace and Development,AUTASH,NNGO
2026-02,Aj Jazirah,Medani Al Kubra,Nutrition,Save the Children International,SCI,INGO
2026-02,Aj Jazirah,Medani Al Kubra,Nutrition,Relief International,RI,INGO
2026-02,Aj Jazirah,Medani Al Kubra,Nutrition,Premiere Urgence Internationale,PUI,INGO
2026-02,Aj Jazirah,Medani Al Kubra,Nutrition,Building Foundation for Development,BFD,NNGO
2026-02,Kassala,Madeinat Kassala,Nutrition,Sudanese American Physicians Association,SAPA,INGO
2026-02,Gedaref,Madeinat Al Gedaref,Nutrition,Sudanese American Physicians Association,SAPA,INGO
2026-02,Gedaref,Madeinat Al Gedaref,Nutrition,Save the Children International,SCI,INGO
2026-02,Gedaref,Madeinat Al Gedaref,Nutrition,Relief International,RI,INGO
2026-02,Gedaref,Madeinat Al Gedaref,Nutrition,Medical Teams International,MTI,INGO
2026-02,North Darfur,Kutum,Nutrition,Welthungerhilfe (German Agro Action),WHH,INGO
2026-02,West Darfur,Kulbus,Nutrition,Premiere Urgence Internationale,PUI,INGO
2026-02,West Darfur,Kulbus,Nutrition,Concern WorldWide,CWW,INGO
2026-02,White Nile,Kosti,Nutrition,Plan International,PI,INGO
2026-02,White Nile,Kosti,Nutrition,International Rescue Committee,IRC,INGO
2026-02,Khartoum,Khartoum,Nutrition,Relief International,RI,INGO
2026-02,Khartoum,Khartoum,Nutrition,Premiere Urgence Internationale,PUI,INGO
2026-02,Khartoum,Khartoum,Nutrition,EMERGENCY NGO,EMERGENCY NGO,INGO
2026-02,Khartoum,Khartoum,Nutrition,CARE International in Sudan,CARE,INGO
2026-02,Khartoum,Khartoum,Nutrition,Almanar Voluntary Organization,AMVO,NNGO
2026-02,North Darfur,Kernoi,Nutrition,"Aljuzur Organization for Peace, Rehabilitation and Development",JPRD,NNGO
2026-02,West Darfur,Kereneik,Nutrition,World Relief,WR,INGO
2026-02,West Darfur,Kereneik,Nutrition,Premiere Urgence Internationale,PUI,INGO
2026-02,West Darfur,Kereneik,Nutrition,Concern WorldWide,CWW,INGO
2026-02,West Darfur,Kereneik,Nutrition,Catholic Relief Services,CRS,INGO
2026-02,North Darfur,Kebkabiya,Nutrition,Welthungerhilfe (German Agro Action),WHH,INGO
2026-02,South Darfur,Kas,Nutrition,CARE International in Sudan,CARE,INGO
2026-02,Khartoum,Karrari,Nutrition,Relief International,RI,INGO
2026-02,Khartoum,Karrari,Nutrition,Premiere Urgence Internationale,PUI,INGO
2026-02,Khartoum,Karrari,Nutrition,International Rescue Committee,IRC,INGO
2026-02,Khartoum,Karrari,Nutrition,CARE International in Sudan,CARE,INGO
2026-02,Khartoum,Karrari,Nutrition,Almanar Voluntary Organization,AMVO,NNGO
2026-02,South Kordofan,Kadugli,Nutrition,Save the Children International,SCI,INGO
2026-02,West Darfur,Jebel Moon,Nutrition,Concern WorldWide,CWW,INGO
2026-02,Khartoum,Jebel Awlia,Nutrition,Relief International,RI,INGO
2026-02,Khartoum,Jebel Awlia,Nutrition,Premiere Urgence Internationale,PUI,INGO
2026-02,Khartoum,Jebel Awlia,Nutrition,Medair,Medair,INGO
2026-02,Khartoum,Jebel Awlia,Nutrition,EMERGENCY NGO,EMERGENCY NGO,INGO
2026-02,Khartoum,Jebel Awlia,Nutrition,CARE International in Sudan,CARE,INGO
2026-02,Khartoum,Jebel Awlia,Nutrition,Almanar Voluntary Organization,AMVO,NNGO
2026-02,Aj Jazirah,Janub Al Jazirah,Nutrition,Relief International,RI,INGO
2026-02,Aj Jazirah,Janub Al Jazirah,Nutrition,Premiere Urgence Internationale,PUI,INGO
2026-02,Kassala,Halfa Aj Jadeedah,Nutrition,Sudanese American Physicians Association,SAPA,INGO
2026-02,Northern,Halfa,Nutrition,Building Foundation for Development,BFD,NNGO
2026-02,West Darfur,Habila - WD,Nutrition,World Relief,WR,INGO
2026-02,West Darfur,Habila - WD,Nutrition,Catholic Relief Services,CRS,INGO
2026-02,South Kordofan,Habila - SK,Nutrition,Goal Global,GOAL,INGO
2026-02,White Nile,Guli,Nutrition,Plan International,PI,INGO
2026-02,West Kordofan,Ghubaish,Nutrition,WE ARE ALIGHT,ALIGHT,INGO
2026-02,Central Darfur,Gharb Jabal Marrah,Nutrition,World Relief,WR,INGO
2026-02,Central Darfur,Gharb Jabal Marrah,Nutrition,Islamic Relief Worldwide,IRW,INGO
2026-02,Central Darfur,Gharb Jabal Marrah,Nutrition,International Medical Corps,IMC,INGO
2026-02,South Kordofan,Ghadeer,Nutrition,Goal Global,GOAL,INGO
2026-02,South Kordofan,Ghadeer,Nutrition,Concern WorldWide,CWW,INGO
2026-02,South Kordofan,Ghadeer,Nutrition,CARE International in Sudan,CARE,INGO
2026-02,South Darfur,Gereida,Nutrition,WE ARE ALIGHT,ALIGHT,INGO
2026-02,Blue Nile,Geisan,Nutrition,Save the Children International,SCI,INGO
2026-02,Blue Nile,Geisan,Nutrition,International Medical Corps,IMC,INGO
2026-02,Gedaref,Galabat Ash-Shargiah,Nutrition,Save the Children International,SCI,INGO
2026-02,Gedaref,Galabat Ash-Shargiah,Nutrition,Relief International,RI,INGO
2026-02,Gedaref,Galabat Ash-Shargiah,Nutrition,Medical Teams International,MTI,INGO
2026-02,Gedaref,Gala'a Al Nahal,Nutrition,Save the Children International,SCI,INGO
2026-02,Blue Nile,Ed Damazine,Nutrition,Save the Children International,SCI,INGO
2026-02,Blue Nile,Ed Damazine,Nutrition,Pan Health Care Organization,PHCO,NNGO
2026-02,Red Sea,Dordieb,Nutrition,Welthungerhilfe (German Agro Action),WHH,INGO
2026-02,Northern,Dongola,Nutrition,Relief International,RI,INGO
2026-02,Northern,Dongola,Nutrition,Building Foundation for Development,BFD,NNGO
2026-02,South Kordofan,Dilling,Nutrition,Save the Children International,SCI,INGO
2026-02,South Kordofan,Dilling,Nutrition,Goal Global,GOAL,INGO
2026-02,South Kordofan,Dilling,Nutrition,Almanar Voluntary Organization,AMVO,NNGO
2026-02,South Darfur,Buram,Nutrition,National Initiative Development Organization,NIDO,NNGO
2026-02,South Darfur,Buram,Nutrition,WE ARE ALIGHT,ALIGHT,INGO
2026-02,Central Darfur,Bendasi,Nutrition,Sudanese Red Crescent Society,SRCS,Red Cross
2026-02,South Darfur,Beliel,Nutrition,CARE International in Sudan,CARE,INGO
2026-02,South Darfur,Beliel,Nutrition,WE ARE ALIGHT,ALIGHT,INGO
2026-02,West Darfur,Beida,Nutrition,Medair,Medair,INGO
2026-02,West Darfur,Beida,Nutrition,Dar for Community Development,DCD,NNGO
2026-02,Blue Nile,Baw,Nutrition,Save the Children International,SCI,INGO
2026-02,Blue Nile,Baw,Nutrition,Pan Health Care Organization,PHCO,NNGO
2026-02,Blue Nile,Baw,Nutrition,International Rescue Committee,IRC,INGO
2026-02,Blue Nile,Baw,Nutrition,International Medical Corps,IMC,INGO
2026-02,River Nile,Barbar,Nutrition,Building Foundation for Development,BFD,NNGO
2026-02,Khartoum,Bahri,Nutrition,Medair,Medair,INGO
2026-02,East Darfur,Bahr Al Arab,Nutrition,CARE International in Sudan,CARE,INGO
2026-02,Central Darfur,Azum,Nutrition,World Relief,WR,INGO
2026-02,Central Darfur,Azum,Nutrition,Save the Children International,SCI,INGO
2026-02,Central Darfur,Azum,Nutrition,Concern WorldWide,CWW,INGO
2026-02,River Nile,Atbara,Nutrition,International Rescue Committee,IRC,INGO
2026-02,River Nile,Atbara,Nutrition,Building Foundation for Development,BFD,NNGO
2026-02,North Darfur,At Tina,Nutrition,Humanity for Development and Prosperity Organization,HDPO,NNGO
2026-02,North Darfur,At Tina,Nutrition,Welthungerhilfe (German Agro Action),WHH,INGO
2026-02,North Darfur,At Tina,Nutrition,"Aljuzur Organization for Peace, Rehabilitation and Development",JPRD,NNGO
2026-02,North Darfur,At Tawisha,Nutrition,Sahari Organization For Development,SAHARI,NNGO
2026-02,East Darfur,Assalaya,Nutrition,CARE International in Sudan,CARE,INGO
2026-02,East Darfur,Assalaya,Nutrition,WE ARE ALIGHT,ALIGHT,INGO
2026-02,West Kordofan,As Sunut,Nutrition,Islamic Relief Worldwide,IRW,INGO
2026-02,West Kordofan,As Sunut,Nutrition,Alsalam Organization for Rehabilitation and Development,AORD,NNGO
2026-02,South Darfur,As Sunta,Nutrition,WE ARE ALIGHT,ALIGHT,INGO
2026-02,Sennar,As Suki,Nutrition,Relief International,RI,INGO
2026-02,North Darfur,As Serief,Nutrition,Welthungerhilfe (German Agro Action),WHH,INGO
2026-02,White Nile,As Salam / Ar Rawat,Nutrition,Medical Teams International,MTI,INGO
2026-02,West Kordofan,As Salam - WK,Nutrition,Concern WorldWide,CWW,INGO
2026-02,West Kordofan,As Salam - WK,Nutrition,WE ARE ALIGHT,ALIGHT,INGO
2026-02,South Darfur,As Salam - SD,Nutrition,WE ARE ALIGHT,ALIGHT,INGO
2026-02,South Darfur,As Salam - SD,Nutrition,International Medical Corps,IMC,INGO
2026-02,Blue Nile,Ar Rusayris,Nutrition,Save the Children International,SCI,INGO
2026-02,Blue Nile,Ar Rusayris,Nutrition,Pan Health Care Organization,PHCO,NNGO
2026-02,Blue Nile,Ar Rusayris,Nutrition,International Rescue Committee,IRC,INGO
2026-02,Blue Nile,Ar Rusayris,Nutrition,International Medical Corps,IMC,INGO
2026-02,South Kordofan,Ar Rashad,Nutrition,Save the Children International,SCI,INGO
2026-02,South Kordofan,Ar Rashad,Nutrition,Goal Global,GOAL,INGO
2026-02,Gedaref,Ar Rahad-GD,Nutrition,Medical Teams International,MTI,INGO
2026-02,West Kordofan,An Nuhud,Nutrition,Islamic Relief Worldwide,IRW,INGO
2026-02,Gedaref,Al Qureisha,Nutrition,Friends of Peace & Development Organization,FPDO,NNGO
2026-02,West Kordofan,Al Meiram,Nutrition,Concern WorldWide,CWW,INGO
2026-02,River Nile,Al Matama,Nutrition,Building Foundation for Development,BFD,NNGO
2026-02,Aj Jazirah,Al Manaqil,Nutrition,Relief International,RI,INGO
2026-02,Gedaref,Al Mafaza,Nutrition,Medical Teams International,MTI,INGO
2026-02,Gedaref,Al Mafaza,Nutrition,Friends of Peace & Development Organization,FPDO,NNGO
2026-02,Gedaref,Al Mafaza,Nutrition,Welthungerhilfe (German Agro Action),WHH,INGO
2026-02,Gedaref,Al Mafaza,Nutrition,CARE International in Sudan,CARE,INGO
2026-02,South Kordofan,Al Leri,Nutrition,Concern WorldWide,CWW,INGO
2026-02,West Kordofan,Al Lagowa,Nutrition,Concern WorldWide,CWW,INGO
2026-02,Blue Nile,Al Kurmuk,Nutrition,Pan Health Care Organization,PHCO,NNGO
2026-02,Blue Nile,Al Kurmuk,Nutrition,International Medical Corps,IMC,INGO
2026-02,North Darfur,Al Koma,Nutrition,Sahari Organization For Development,SAHARI,NNGO
2026-02,West Kordofan,Al Khiwai,Nutrition,Islamic Relief Worldwide,IRW,INGO
2026-02,Northern,Al Golid,Nutrition,Relief International,RI,INGO
2026-02,Northern,Al Golid,Nutrition,Building Foundation for Development,BFD,NNGO
2026-02,White Nile,Al Gitaina,Nutrition,International Rescue Committee,IRC,INGO
2026-02,Gedaref,Al Galabat Al Gharbyah - Kassab,Nutrition,Save the Children International,SCI,INGO
2026-02,Gedaref,Al Galabat Al Gharbyah - Kassab,Nutrition,Relief International,RI,INGO
2026-02,Gedaref,Al Galabat Al Gharbyah - Kassab,Nutrition,Medical Teams International,MTI,INGO
2026-02,East Darfur,Al Firdous,Nutrition,Sudan Assist for Development Organization,SADO,NNGO
2026-02,East Darfur,Al Firdous,Nutrition,CARE International in Sudan,CARE,INGO
2026-02,East Darfur,Al Firdous,Nutrition,WE ARE ALIGHT,ALIGHT,INGO
2026-02,Gedaref,Al Fashaga,Nutrition,Medical Teams International,MTI,INGO
2026-02,Gedaref,Al Fao,Nutrition,Welthungerhilfe (German Agro Action),WHH,INGO
2026-02,West Kordofan,Al Dibab,Nutrition,Concern WorldWide,CWW,INGO
2026-02,Northern,Al Burgaig,Nutrition,Building Foundation for Development,BFD,NNGO
2026-02,River Nile,Al Buhaira,Nutrition,Building Foundation for Development,BFD,NNGO
2026-02,White Nile,Aj Jabalain,Nutrition,Medical Teams International,MTI,INGO
2026-02,Red Sea,Agig,Nutrition,Save the Children International,SCI,INGO
2026-02,West Darfur,Ag Geneina,Nutrition,World Relief,WR,INGO
2026-02,West Darfur,Ag Geneina,Nutrition,Sudanese Red Crescent Society,SRCS,Red Cross
2026-02,West Darfur,Ag Geneina,Nutrition,Premiere Urgence Internationale,PUI,INGO
2026-02,West Darfur,Ag Geneina,Nutrition,International Medical Corps,IMC,INGO
2026-02,West Darfur,Ag Geneina,Nutrition,Concern WorldWide,CWW,INGO
2026-02,West Darfur,Ag Geneina,Nutrition,Catholic Relief Services,CRS,INGO
2026-02,West Darfur,Ag Geneina,Nutrition,African Relief Committee,ARC,NNGO
2026-02,East Darfur,Adila,Nutrition,WE ARE ALIGHT,ALIGHT,INGO
2026-02,East Darfur,Ad Du'ayn,Nutrition,CARE International in Sudan,CARE,INGO
2026-02,East Darfur,Ad Du'ayn,Nutrition,WE ARE ALIGHT,ALIGHT,INGO
2026-02,White Nile,Ad Diwaim,Nutrition,Plan International,PI,INGO
2026-02,Sennar,Ad Dinder,Nutrition,Relief International,RI,INGO
2026-02,Northern,Ad Dabbah,Nutrition,Al-Sadagat organization,Al-SO,NNGO
2026-02,Northern,Ad Dabbah,Nutrition,Relief International,RI,INGO
2026-02,West Kordofan,Abyei,Nutrition,Concern WorldWide,CWW,INGO
2026-02,West Kordofan,Abu Zabad,Nutrition,Islamic Relief Worldwide,IRW,INGO
2026-02,West Kordofan,Abu Zabad,Nutrition,Concern WorldWide,CWW,INGO
2026-02,West Kordofan,Abu Zabad,Nutrition,WE ARE ALIGHT,ALIGHT,INGO
2026-02,South Kordofan,Abu Kershola,Nutrition,Goal Global,GOAL,INGO
2026-02,East Darfur,Abu Karinka,Nutrition,CARE International in Sudan,CARE,INGO
2026-02,East Darfur,Abu Karinka,Nutrition,WE ARE ALIGHT,ALIGHT,INGO
2026-02,South Kordofan,Abu Jubayhah,Nutrition,Sudanese American Physicians Association,SAPA,INGO
2026-02,South Kordofan,Abu Jubayhah,Nutrition,Concern WorldWide,CWW,INGO
2026-02,South Kordofan,Abu Jubayhah,Nutrition,CARE International in Sudan,CARE,INGO
2026-02,East Darfur,Abu Jabrah,Nutrition,WE ARE ALIGHT,ALIGHT,INGO
2026-02,Sennar,Abu Hujar,Nutrition,Relief International,RI,INGO
2026-02,River Nile,Abu Hamad,Nutrition,Building Foundation for Development,BFD,NNGO
2026-02,South Kordofan,Abassiya,Nutrition,Save the Children International,SCI,INGO
2026-02,South Kordofan,Abassiya,Nutrition,Concern WorldWide,CWW,INGO
2026-02,South Kordofan,Abassiya,Nutrition,CARE International in Sudan,CARE,INGO
2026-02,Red Sea,Port Sudan,Multi-Purpose Cash,Islamic Relief Worldwide,IRW,INGO
2026-02,Red Sea,Port Sudan,Health,Islamic Relief Worldwide,IRW,INGO
2026-02,Gedaref,Madeinat Al Gedaref,Health,Islamic Relief Worldwide,IRW,INGO
2026-02,Gedaref,Wasat Al Gedaref,Health,Islamic Relief Worldwide,IRW,INGO
2026-02,Gedaref,Wasat Al Gedaref,Multi-Purpose Cash,Islamic Relief Worldwide,IRW,INGO
2026-02,South Kordofan,Abu Jubayhah,Health,Sudanese American Physicians Association,SAPA,INGO
2026-02,Kassala,Reifi Wad Elhilaiw,Refugee Consultative Forum,World Food Programme,WFP,UN Agency
2026-02,White Nile,Aj Jabalain,Refugee Consultative Forum,World Food Programme,WFP,UN Agency
2026-02,White Nile,As Salam / Ar Rawat,Refugee Consultative Forum,United Nations Children's Fund,UNICEF,UN Agency
2026-02,West Darfur,Jebel Moon,Refugee Consultative Forum,World Food Programme,WFP,UN Agency
2026-02,North Darfur,At Tawisha,Refugee Consultative Forum,World Food Programme,WFP,UN Agency
2026-02,North Darfur,Al Lait,Refugee Consultative Forum,World Food Programme,WFP,UN Agency
2026-02,East Darfur,Yassin,Refugee Consultative Forum,World Food Programme,WFP,UN Agency
2026-02,East Darfur,Assalaya,Refugee Consultative Forum,World Food Programme,WFP,UN Agency
2026-02,East Darfur,Adila,Refugee Consultative Forum,World Food Programme,WFP,UN Agency
2026-02,Central Darfur,Um Dukhun,Refugee Consultative Forum,World Food Programme,WFP,UN Agency
2026-02,West Darfur,Beida,Refugee Consultative Forum,World Food Programme,WFP,UN Agency
2026-02,Red Sea,Port Sudan,Refugee Consultative Forum,World Food Programme,WFP,UN Agency
2026-02,North Kordofan,Sheikan,Refugee Consultative Forum,World Food Programme,WFP,UN Agency
2026-02,Kassala,Madeinat Kassala,Health,Sudanese American Physicians Association,SAPA,INGO
2026-02,Gedaref,Galabat Ash-Shargiah,Refugee Consultative Forum,World Food Programme,WFP,UN Agency
2026-02,Gedaref,Al Mafaza,Refugee Consultative Forum,World Food Programme,WFP,UN Agency
2026-02,West Darfur,Ag Geneina,Refugee Consultative Forum,World Food Programme,WFP,UN Agency
2026-02,South Kordofan,Dilling,Refugee Consultative Forum,World Food Programme,WFP,UN Agency
2026-02,South Kordofan,Kadugli,Refugee Consultative Forum,World Food Programme,WFP,UN Agency
2026-02,East Darfur,Abu Jabrah,Refugee Consultative Forum,World Food Programme,WFP,UN Agency
2026-02,Blue Nile,Wad Al Mahi,Refugee Consultative Forum,World Food Programme,WFP,UN Agency
2026-02,Blue Nile,At Tadamon - BN,Refugee Consultative Forum,World Food Programme,WFP,UN Agency
2026-02,Kassala,Reifi Khashm Elgirba,Refugee Consultative Forum,World Food Programme,WFP,UN Agency
2026-02,Kassala,Reifi Kassla,Refugee Consultative Forum,World Food Programme,WFP,UN Agency
2026-02,South Kordofan,Ar Rashad,Refugee Consultative Forum,World Food Programme,WFP,UN Agency
2026-02,South Darfur,Buram,Refugee Consultative Forum,World Food Programme,WFP,UN Agency
2026-02,Khartoum,Khartoum,Multi-Purpose Cash,International Organization for Migration,IOM,UN Agency
2026-02,Red Sea,Port Sudan,Health,Sudanese American Physicians Association,SAPA,INGO
2026-02,Gedaref,Madeinat Al Gedaref,Health,Sudanese American Physicians Association,SAPA,INGO
2026-02,North Darfur,Tawila,Multi-Purpose Cash,Welthungerhilfe,WHH,INGO
2026-02,South Kordofan,Abu Jubayhah,Multi-Purpose Cash,CARE International in Sudan,CARE,INGO
2026-02,Northern,Merwoe,Health,Building Foundation for Development,BFD,NNGO
2026-02,Central Darfur,Gharb Jabal Marrah,Health,International Medical Corps,IMC,INGO
2026-02,Khartoum,Jebel Awlia,Health,World Relief,WR,INGO
2026-02,Central Darfur,Wasat Jabal Marrah,Health,International Medical Corps,IMC,INGO
2026-02,River Nile,Atbara,Multi-Purpose Cash,Welthungerhilfe,WHH,INGO
2026-02,West Darfur,Foro Baranga,Food Security and Livelihoods,Triangle Génération Humanitaire,TGH,INGO
2026-02,South Darfur,As Salam - SD,Health,International Medical Corps,IMC,INGO
2026-02,South Darfur,Nyala Shimal,Health,International Medical Corps,IMC,INGO
2026-02,South Darfur,Beliel,Health,International Medical Corps,IMC,INGO
2026-02,Northern,Merwoe,Health,Building Foundation Development/Benna,BFD/B,INGO
2026-02,Khartoum,Khartoum,Health,EMERGENCY NGO,EMERGENCY NGO,INGO
2026-02,South Darfur,Nyala Shimal,Health,EMERGENCY NGO,EMERGENCY NGO,INGO
2026-02,West Darfur,Kereneik,Health,World Relief,WR,INGO
2026-02,West Darfur,Habila - WD,Health,World Relief,WR,INGO
2026-02,West Darfur,Sirba,Health,World Relief,WR,INGO
2026-02,West Darfur,Ag Geneina,Health,World Relief,WR,INGO
2026-02,Sennar,Sennar,Health,Sudanese Red Crescent Society,SRCS,Red Cross
2026-02,Red Sea,Port Sudan,Health,EMERGENCY NGO,EMERGENCY NGO,INGO
2026-02,West Darfur,Ag Geneina,Health,International Medical Corps,IMC,INGO
2026-02,Central Darfur,Um Dukhun,Health,International Medical Corps,IMC,INGO
2026-02,Central Darfur,Zalingi,Health,International Medical Corps,IMC,INGO
2026-02,Blue Nile,Wad Al Mahi,Health,Pan Health Care Organization,PHCO,NNGO
2026-02,Khartoum,Sharg An Neel,Health,International Medical Corps,IMC,INGO
2026-02,Blue Nile,Baw,Health,International Medical Corps,IMC,INGO
2026-02,Blue Nile,Ar Rusayris,Health,International Medical Corps,IMC,INGO
2026-02,Gedaref,Galabat Ash-Shargiah,Health,Medical Teams International,MTI,INGO
2026-02,Gedaref,Al Mafaza,Health,Medical Teams International,MTI,INGO
2026-02,Gedaref,Basundah,Health,Medical Teams International,MTI,INGO
2026-02,North Darfur,Kutum,Food Security and Livelihoods,Goal Global,GOAL,INGO
2026-02,Khartoum,Um Bada,Health,Medical Teams International,MTI,INGO
2026-02,Gedaref,Wasat Al Gedaref,Health,WE ARE ALIGHT,ALIGHT,INGO
2026-02,Blue Nile,Al Kurmuk,Health,International Medical Corps,IMC,INGO
2026-02,Blue Nile,Wad Al Mahi,Health,Sudanese Red Crescent Society,SRCS,Red Cross
2026-02,Blue Nile,Baw,Health,Sudanese Red Crescent Society,SRCS,Red Cross
2026-02,Blue Nile,Ed Damazine,Health,Sudanese Red Crescent Society,SRCS,Red Cross
2026-02,White Nile,Kosti,Health,Sudanese Red Crescent Society,SRCS,Red Cross
2026-02,South Darfur,Beliel,Health,Sudanese Red Crescent Society,SRCS,Red Cross
2026-02,Khartoum,Karrari,Health,Sudanese Red Crescent Society,SRCS,Red Cross
2026-02,Khartoum,Um Durman,Health,Sudanese Red Crescent Society,SRCS,Red Cross
2026-02,Gedaref,Al Galabat Al Gharbyah - Kassab,Health,Sudanese Red Crescent Society,SRCS,Red Cross
2026-02,Aj Jazirah,Sharg Al Jazirah,Health,Sudanese Red Crescent Society,SRCS,Red Cross
2026-02,Aj Jazirah,Medani Al Kubra,Health,Sudanese Red Crescent Society,SRCS,Red Cross
2026-02,Aj Jazirah,Janub Al Jazirah,Health,Sudanese Red Crescent Society,SRCS,Red Cross
2026-02,Aj Jazirah,Um Algura,Health,Sudanese Red Crescent Society,SRCS,Red Cross
2026-02,Central Darfur,Zalingi,Health,Sudanese Red Crescent Society,SRCS,Red Cross
2026-02,Central Darfur,Bendasi,Health,Sudanese Red Crescent Society,SRCS,Red Cross
2026-02,Central Darfur,Wadi Salih,Health,Sudanese Red Crescent Society,SRCS,Red Cross
2026-02,West Darfur,Ag Geneina,Health,Sudanese Red Crescent Society,SRCS,Red Cross
2026-01,Blue Nile,Ar Rusayris,Nutrition,International Medical Corps,IMC,INGO
2026-01,Blue Nile,Al Kurmuk,Nutrition,International Medical Corps,IMC,INGO
2026-01,Central Darfur,Um Dukhun,Health,International Medical Corps,IMC,INGO
2026-01,Central Darfur,Wasat Jabal Marrah,Nutrition,International Medical Corps,IMC,INGO
2026-01,Central Darfur,Zalingi,Nutrition,International Medical Corps,IMC,INGO
2026-01,South Darfur,Sharg Aj Jabal,Health,WE ARE ALIGHT,ALIGHT,INGO
2026-01,Central Darfur,Gharb Jabal Marrah,Nutrition,International Medical Corps,IMC,INGO
2026-01,East Darfur,Abu Karinka,Health,WE ARE ALIGHT,ALIGHT,INGO
2026-01,West Darfur,Ag Geneina,Nutrition,International Medical Corps,IMC,INGO
2026-01,Gedaref,Al Mafaza,Nutrition,Friends of Peace & Development Organization,FPDO,NNGO
2026-01,Kassala,Halfa Aj Jadeedah,Nutrition,Friends of Peace & Development Organization,FPDO,NNGO
2026-01,Kassala,Reifi Khashm Elgirba,Nutrition,Friends of Peace & Development Organization,FPDO,NNGO
2026-01,Central Darfur,Um Dukhun,Health,World Relief,WR,INGO
2026-01,Kassala,Madeinat Kassala,Nutrition,Friends of Peace & Development Organization,FPDO,NNGO
2026-01,Kassala,Reifi Wad Elhilaiw,Nutrition,Welthungerhilfe (German Agro Action),WHH,INGO
2026-01,Red Sea,Port Sudan,Nutrition,Welthungerhilfe (German Agro Action),WHH,INGO
2026-01,North Darfur,Um Baru,Nutrition,Welthungerhilfe (German Agro Action),WHH,INGO
2026-01,Central Darfur,Wadi Salih,Health,World Relief,WR,INGO
2026-01,Central Darfur,Gharb Jabal Marrah,Food Security and Livelihoods,Danish Refugee Council,DRC,INGO
2026-01,North Darfur,Kebkabiya,Nutrition,Welthungerhilfe (German Agro Action),WHH,INGO
2026-01,North Darfur,Kernoi,Nutrition,Welthungerhilfe (German Agro Action),WHH,INGO
2026-01,North Darfur,As Serief,Nutrition,Welthungerhilfe (German Agro Action),WHH,INGO
2026-01,North Darfur,Saraf Omra,Nutrition,Welthungerhilfe (German Agro Action),WHH,INGO
2026-01,Kassala,Reifi Hamashkureib,Nutrition,Welthungerhilfe (German Agro Action),WHH,INGO
2026-01,North Darfur,Kutum,Nutrition,Welthungerhilfe (German Agro Action),WHH,INGO
2026-01,Central Darfur,Azum,Health,World Relief,WR,INGO
2026-01,Central Darfur,Wasat Jabal Marrah,Food Security and Livelihoods,Danish Refugee Council,DRC,INGO
2026-01,Northern,Dongola,Food Security and Livelihoods,MERCY CORPS,MC,INGO
2026-01,North Darfur,At Tina,Nutrition,Welthungerhilfe (German Agro Action),WHH,INGO
2026-01,East Darfur,Shia'ria,Health,WE ARE ALIGHT,ALIGHT,INGO
2026-01,Central Darfur,Gharb Jabal Marrah,Health,World Relief,WR,INGO
2026-01,North Darfur,Al Malha,Nutrition,Welthungerhilfe (German Agro Action),WHH,INGO
2026-01,Central Darfur,Wasat Jabal Marrah,Health,World Relief,WR,INGO
2026-01,Central Darfur,Wasat Jabal Marrah,Food Security and Livelihoods,Triangle Génération Humanitaire,TGH,INGO
2026-01,West Darfur,Beida,Nutrition,Dar for Community Development,DCD,NNGO
2026-01,East Darfur,Yassin,Health,WE ARE ALIGHT,ALIGHT,INGO
2026-01,South Darfur,As Sunta,Health,WE ARE ALIGHT,ALIGHT,INGO
2026-01,West Darfur,Foro Baranga,Nutrition,Catholic Relief Services,CRS,INGO
2026-01,West Darfur,Sirba,Nutrition,Catholic Relief Services,CRS,INGO
2026-01,West Darfur,Ag Geneina,Nutrition,Catholic Relief Services,CRS,INGO
2026-01,West Darfur,Kereneik,Nutrition,Catholic Relief Services,CRS,INGO
2026-01,West Darfur,Habila - WD,Nutrition,Catholic Relief Services,CRS,INGO
2026-01,Khartoum,Sharg An Neel,Health,Medair,Medair,INGO
2026-01,North Darfur,At Tawisha,Nutrition,Sahari Organization For Development,SAHARI,NNGO
2026-01,Blue Nile,Ed Damazine,Health,Pan Health Care Organization,PHCO,NNGO
2026-01,East Darfur,Assalaya,Nutrition,CARE International in Sudan,CARE,INGO
2026-01,South Darfur,Kas,Nutrition,CARE International in Sudan,CARE,INGO
2026-01,East Darfur,Bahr Al Arab,Nutrition,CARE International in Sudan,CARE,INGO
2026-01,East Darfur,Assalaya,Health,WE ARE ALIGHT,ALIGHT,INGO
2026-01,East Darfur,Ad Du'ayn,Nutrition,CARE International in Sudan,CARE,INGO
2026-01,Central Darfur,Zalingi,Health,International Medical Corps,IMC,INGO
2026-01,South Darfur,Nyala Shimal,Nutrition,CARE International in Sudan,CARE,INGO
2026-01,South Darfur,Sharg Aj Jabal,Nutrition,CARE International in Sudan,CARE,INGO
2026-01,North Darfur,Tawila,Shelter and NFIs,African Relief Committee,ARC,NNGO
2026-01,East Darfur,Yassin,Nutrition,CARE International in Sudan,CARE,INGO
2026-01,South Darfur,Nyala Janoub,Health,WE ARE ALIGHT,ALIGHT,INGO
2026-01,East Darfur,Shia'ria,Shelter and NFIs,African Relief Committee,ARC,NNGO
2026-01,North Darfur,Tawila,Food Security and Livelihoods,Triangle Génération Humanitaire,TGH,INGO
2026-01,East Darfur,Al Firdous,Nutrition,CARE International in Sudan,CARE,INGO
2026-01,East Darfur,Abu Karinka,Nutrition,CARE International in Sudan,CARE,INGO
2026-01,Gedaref,Al Mafaza,Nutrition,CARE International in Sudan,CARE,INGO
2026-01,North Darfur,Tawila,Nutrition,Auttash Organization for Peace and Development,AUTASH,NNGO
2026-01,North Darfur,Melit,Nutrition,Auttash Organization for Peace and Development,AUTASH,NNGO
2026-01,East Darfur,Al Firdous,Nutrition,WE ARE ALIGHT,ALIGHT,INGO
2026-01,East Darfur,Assalaya,Nutrition,WE ARE ALIGHT,ALIGHT,INGO
2026-01,East Darfur,Abu Jabrah,Nutrition,WE ARE ALIGHT,ALIGHT,INGO
2026-01,South Darfur,Beliel,Nutrition,WE ARE ALIGHT,ALIGHT,INGO
2026-01,East Darfur,Yassin,Nutrition,WE ARE ALIGHT,ALIGHT,INGO
2026-01,East Darfur,Ad Du'ayn,Nutrition,WE ARE ALIGHT,ALIGHT,INGO
2026-01,East Darfur,Shia'ria,Nutrition,WE ARE ALIGHT,ALIGHT,INGO
2026-01,Kassala,Madeinat Kassala,Nutrition,WE ARE ALIGHT,ALIGHT,INGO
2026-01,West Darfur,Sirba,Food Security and Livelihoods,Triangle Génération Humanitaire,TGH,INGO
2026-01,North Darfur,Tawila,Food Security and Livelihoods,Sudan Aid Hand Organization,SAHO,NNGO
2026-01,East Darfur,Adila,Nutrition,WE ARE ALIGHT,ALIGHT,INGO
2026-01,South Darfur,Gereida,Nutrition,WE ARE ALIGHT,ALIGHT,INGO
2026-01,South Darfur,As Salam - SD,Nutrition,WE ARE ALIGHT,ALIGHT,INGO
2026-01,South Darfur,Nyala Janoub,Nutrition,WE ARE ALIGHT,ALIGHT,INGO
2026-01,South Darfur,As Sunta,Nutrition,WE ARE ALIGHT,ALIGHT,INGO
2026-01,East Darfur,Abu Karinka,Nutrition,WE ARE ALIGHT,ALIGHT,INGO
2026-01,South Darfur,Nyala Shimal,Nutrition,WE ARE ALIGHT,ALIGHT,INGO
2026-01,East Darfur,Ad Du'ayn,Health,WE ARE ALIGHT,ALIGHT,INGO
2026-01,South Darfur,Sharg Aj Jabal,Nutrition,WE ARE ALIGHT,ALIGHT,INGO
2026-01,Blue Nile,Baw,Health,Pan Health Care Organization,PHCO,NNGO
2026-01,South Darfur,Buram,Nutrition,WE ARE ALIGHT,ALIGHT,INGO
2026-01,Aj Jazirah,Medani Al Kubra,Health,Building Foundation Development/Benna,BFD/B,INGO
2026-01,Central Darfur,Shamal Jabal Marrah,Nutrition,World Relief,WR,INGO
2026-01,West Darfur,Kereneik,Nutrition,World Relief,WR,INGO
2026-01,Central Darfur,Wasat Jabal Marrah,Nutrition,World Relief,WR,INGO
2026-01,Central Darfur,Zalingi,Nutrition,World Relief,WR,INGO
2026-01,Central Darfur,Mukjar,Nutrition,World Relief,WR,INGO
2026-01,Central Darfur,Um Dukhun,Nutrition,World Relief,WR,INGO
2026-01,North Darfur,Tawila,Nutrition,INTERSOS,INTERSOS,INGO
2026-01,North Darfur,At Tawisha,Health,Sahari Organization For Development,SAHARI,NNGO
2026-01,Central Darfur,Wadi Salih,Nutrition,World Relief,WR,INGO
2026-01,South Darfur,Nyala Shimal,Health,WE ARE ALIGHT,ALIGHT,INGO
2026-01,Khartoum,Jebel Awlia,Health,Medair,Medair,INGO
2026-01,Khartoum,Jebel Awlia,Health,Medical Teams International,MTI,INGO
2026-01,Central Darfur,Gharb Jabal Marrah,Nutrition,World Relief,WR,INGO
2026-01,Khartoum,Sharg An Neel,Health,Medical Teams International,MTI,INGO
2026-01,Central Darfur,Azum,Nutrition,World Relief,WR,INGO
2026-01,Khartoum,Um Bada,Health,Medical Teams International,MTI,INGO
2026-01,West Darfur,Ag Geneina,Health,Sudanese Red Crescent Society,SRCS,Red Cross
2026-01,North Darfur,Tawila,Health,INTERSOS,INTERSOS,INGO
2026-01,East Darfur,Adila,Health,WE ARE ALIGHT,ALIGHT,INGO
2026-01,Khartoum,Karrari,Health,Almanar Voluntary Organization,AMVO,NNGO
2026-01,West Darfur,Ag Geneina,Nutrition,World Relief,WR,INGO
2026-01,North Darfur,Tawila,Multi-Purpose Cash,International Rescue Committee,IRC,INGO
2026-01,Khartoum,Um Durman,Food Security and Livelihoods,Muslim Hands United for The Needy,Muslim Hands,INGO
2026-01,West Darfur,Sirba,Nutrition,World Relief,WR,INGO
2026-01,West Darfur,Habila - WD,Nutrition,World Relief,WR,INGO
2026-01,Gedaref,Al Mafaza,Health,Medical Teams International,MTI,INGO
2026-01,Central Darfur,Zalingi,Nutrition,Sudanese Red Crescent Society,SRCS,Red Cross
2026-01,North Kordofan,Sheikan,Health,Patient Helping Fund,PHF,NNGO
2026-01,West Darfur,Ag Geneina,Nutrition,Sudanese Red Crescent Society,SRCS,Red Cross
2026-01,South Darfur,Buram,Health,WE ARE ALIGHT,ALIGHT,INGO
2026-01,Gedaref,Galabat Ash-Shargiah,Health,Medical Teams International,MTI,INGO
2026-01,Central Darfur,Wadi Salih,Nutrition,Sudanese Red Crescent Society,SRCS,Red Cross
2026-01,Central Darfur,Bendasi,Nutrition,Sudanese Red Crescent Society,SRCS,Red Cross
2026-01,Red Sea,Sawakin,Nutrition,Save the Children International,SCI,INGO
2026-01,South Kordofan,Abu Jubayhah,Nutrition,Save the Children International,SCI,INGO
2026-01,North Kordofan,Sheikan,Nutrition,Save the Children International,SCI,INGO
2026-01,Blue Nile,Geisan,Nutrition,Save the Children International,SCI,INGO
2026-01,River Nile,Abu Hamad,Health,Building Foundation for Development,BFD,NNGO
2026-01,Blue Nile,Baw,Nutrition,Save the Children International,SCI,INGO
2026-01,Aj Jazirah,Medani Al Kubra,Nutrition,Save the Children International,SCI,INGO
2026-01,Central Darfur,Wasat Jabal Marrah,Nutrition,Save the Children International,SCI,INGO
2026-01,Central Darfur,Shamal Jabal Marrah,Nutrition,Save the Children International,SCI,INGO
2026-01,Central Darfur,Zalingi,Nutrition,Save the Children International,SCI,INGO
2026-01,Central Darfur,Azum,Nutrition,Save the Children International,SCI,INGO
2026-01,South Kordofan,Abassiya,Nutrition,Save the Children International,SCI,INGO
2026-01,South Kordofan,Ar Rashad,Nutrition,Save the Children International,SCI,INGO
2026-01,Blue Nile,At Tadamon - BN,Health,Medair,Medair,INGO
2026-01,South Kordofan,Dilling,Nutrition,Save the Children International,SCI,INGO
2026-01,South Kordofan,Kadugli,Nutrition,Save the Children International,SCI,INGO
2026-01,South Darfur,Sharg Aj Jabal,Multi-Purpose Cash,Norwegian Refugee Council,NRC,INGO
2026-01,South Darfur,Nyala Janoub,Multi-Purpose Cash,Norwegian Refugee Council,NRC,INGO
2026-01,South Darfur,Gereida,Multi-Purpose Cash,Norwegian Refugee Council,NRC,INGO
2026-01,South Darfur,Beliel,Multi-Purpose Cash,Norwegian Refugee Council,NRC,INGO
2026-01,South Darfur,Al Wihda,Multi-Purpose Cash,Norwegian Refugee Council,NRC,INGO
2026-01,South Kordofan,Talawdi,Multi-Purpose Cash,Norwegian Refugee Council,NRC,INGO
2026-01,South Kordofan,Kadugli,Multi-Purpose Cash,Norwegian Refugee Council,NRC,INGO
2026-01,North Darfur,Tawila,Multi-Purpose Cash,Norwegian Refugee Council,NRC,INGO
2026-01,North Darfur,Kutum,Multi-Purpose Cash,Norwegian Refugee Council,NRC,INGO
2026-01,North Darfur,Kernoi,Multi-Purpose Cash,Norwegian Refugee Council,NRC,INGO
2026-01,North Darfur,Dar As Salam,Multi-Purpose Cash,Norwegian Refugee Council,NRC,INGO
2026-01,North Darfur,At Tina,Multi-Purpose Cash,Norwegian Refugee Council,NRC,INGO
2026-01,Abyei PCA,Abyei PCA area,Multi-Purpose Cash,Norwegian Refugee Council,NRC,INGO
2026-01,North Darfur,Um Kadadah,Multi-Purpose Cash,Agency for Technical Cooperation and Development,ACTED,INGO
2026-01,North Darfur,Tawila,Multi-Purpose Cash,Agency for Technical Cooperation and Development,ACTED,INGO
2026-01,North Darfur,Melit,Multi-Purpose Cash,Agency for Technical Cooperation and Development,ACTED,INGO
2026-01,North Darfur,Kutum,Multi-Purpose Cash,Agency for Technical Cooperation and Development,ACTED,INGO
2026-01,North Darfur,Kernoi,Multi-Purpose Cash,Agency for Technical Cooperation and Development,ACTED,INGO
2026-01,North Darfur,Kebkabiya,Multi-Purpose Cash,Agency for Technical Cooperation and Development,ACTED,INGO
2026-01,North Darfur,Dar As Salam,Multi-Purpose Cash,Agency for Technical Cooperation and Development,ACTED,INGO
2026-01,Red Sea,Agig,Nutrition,Save the Children International,SCI,INGO
2026-01,North Darfur,At Tawisha,Multi-Purpose Cash,Agency for Technical Cooperation and Development,ACTED,INGO
2026-01,North Darfur,As Serief,Multi-Purpose Cash,Agency for Technical Cooperation and Development,ACTED,INGO
2026-01,North Darfur,Al Waha,Multi-Purpose Cash,Agency for Technical Cooperation and Development,ACTED,INGO
2026-01,North Darfur,Al Malha,Multi-Purpose Cash,Agency for Technical Cooperation and Development,ACTED,INGO
2026-01,North Darfur,Al Koma,Multi-Purpose Cash,Agency for Technical Cooperation and Development,ACTED,INGO
2026-01,North Darfur,Al Fasher,Multi-Purpose Cash,Agency for Technical Cooperation and Development,ACTED,INGO
2026-01,South Darfur,Gereida,Health,WE ARE ALIGHT,ALIGHT,INGO
2026-01,Central Darfur,Zalingi,Multi-Purpose Cash,Agency for Technical Cooperation and Development,ACTED,INGO
2026-01,East Darfur,Al Firdous,Health,Sudan Assist for Development Organization,SADO,NNGO
2026-01,East Darfur,Yassin,Health,Sudan Assist for Development Organization,SADO,NNGO
2026-01,Gedaref,Gala'a Al Nahal,Nutrition,Save the Children International,SCI,INGO
2026-01,Gedaref,Basundah,Health,Medical Teams International,MTI,INGO
2026-01,North Darfur,Um Baru,Health,Medecins Sans Frontieres,MSF,INGO
2026-01,North Darfur,Tawila,Health,Medecins Sans Frontieres,MSF,INGO
2026-01,Gedaref,Madeinat Al Gedaref,Nutrition,Save the Children International,SCI,INGO
2026-01,Sennar,Sennar,Health,Pan Health Care Organization,PHCO,NNGO
2026-01,East Darfur,Al Firdous,Nutrition,Sudan Assist for Development Organization,SADO,NNGO
2026-01,East Darfur,Yassin,Nutrition,Sudan Assist for Development Organization,SADO,NNGO
2026-01,Blue Nile,Ar Rusayris,Nutrition,Save the Children International,SCI,INGO
2026-01,Blue Nile,Ed Damazine,Nutrition,Save the Children International,SCI,INGO
2026-01,North Darfur,Tawila,Nutrition,Save the Children International,SCI,INGO
2026-01,North Darfur,Kelemando,Nutrition,Save the Children International,SCI,INGO
2026-01,Sennar,Sennar,Nutrition,Save the Children International,SCI,INGO
2026-01,North Darfur,Al Lait,Health,Sahari Organization For Development,SAHARI,NNGO
2026-01,Northern,Ad Dabbah,Nutrition,Al-Sadagat organization,Al-SO,NNGO
2026-01,Blue Nile,Ed Damazine,Nutrition,Pan Health Care Organization,PHCO,NNGO
2026-01,Gedaref,Wasat Al Gedaref,Nutrition,Save the Children International,SCI,INGO
2026-01,River Nile,Atbara,Nutrition,International Rescue Committee,IRC,INGO
2026-01,River Nile,Shendi,Nutrition,International Rescue Committee,IRC,INGO
2026-01,North Darfur,Tawila,Nutrition,Sahari Organization For Development,SAHARI,NNGO
2026-01,White Nile,Kosti,Nutrition,International Rescue Committee,IRC,INGO
2026-01,White Nile,Rabak,Nutrition,International Rescue Committee,IRC,INGO
2026-01,White Nile,Al Gitaina,Nutrition,International Rescue Committee,IRC,INGO
2026-01,South Kordofan,Al Leri,Nutrition,Concern WorldWide,CWW,INGO
2026-01,South Kordofan,Abu Jubayhah,Nutrition,Concern WorldWide,CWW,INGO
2026-01,South Kordofan,Abassiya,Nutrition,Concern WorldWide,CWW,INGO
2026-01,South Kordofan,Ghadeer,Nutrition,Concern WorldWide,CWW,INGO
2026-01,South Kordofan,Talawdi,Nutrition,Concern WorldWide,CWW,INGO
2026-01,West Kordofan,Abu Zabad,Nutrition,Concern WorldWide,CWW,INGO
2026-01,West Kordofan,As Salam - WK,Nutrition,Concern WorldWide,CWW,INGO
2026-01,West Kordofan,Al Dibab,Nutrition,Concern WorldWide,CWW,INGO
2026-01,West Kordofan,Al Lagowa,Nutrition,Concern WorldWide,CWW,INGO
2026-01,Central Darfur,Azum,Nutrition,Concern WorldWide,CWW,INGO
2026-01,West Darfur,Ag Geneina,Nutrition,Concern WorldWide,CWW,INGO
2026-01,West Darfur,Jebel Moon,Nutrition,Concern WorldWide,CWW,INGO
2026-01,West Darfur,Kulbus,Nutrition,Concern WorldWide,CWW,INGO
2026-01,West Darfur,Kereneik,Nutrition,Concern WorldWide,CWW,INGO
2026-01,West Kordofan,Abyei,Nutrition,Concern WorldWide,CWW,INGO
2026-01,North Darfur,Um Kadadah,Nutrition,Sahari Organization For Development,SAHARI,NNGO
2026-01,West Kordofan,Al Meiram,Nutrition,Concern WorldWide,CWW,INGO
2026-01,North Darfur,Al Lait,Nutrition,Sahari Organization For Development,SAHARI,NNGO
2026-01,Northern,Merwoe,Nutrition,Building Foundation for Development,BFD,NNGO
2026-01,River Nile,Al Matama,Nutrition,Building Foundation for Development,BFD,NNGO
2026-01,West Darfur,Beida,Health,Dar for Community Development,DCD,NNGO
2026-01,Khartoum,Bahri,Health,Medair,Medair,INGO
2026-01,Northern,Dongola,Nutrition,Building Foundation for Development,BFD,NNGO
2026-01,River Nile,Al Buhaira,Nutrition,Building Foundation for Development,BFD,NNGO
2026-01,Northern,Halfa,Nutrition,Building Foundation for Development,BFD,NNGO
2026-01,River Nile,Atbara,Nutrition,Building Foundation for Development,BFD,NNGO
2026-01,Northern,Al Golid,Nutrition,Building Foundation for Development,BFD,NNGO
2026-01,River Nile,Barbar,Nutrition,Building Foundation for Development,BFD,NNGO
2026-01,Northern,Al Burgaig,Nutrition,Building Foundation for Development,BFD,NNGO
2026-01,Aj Jazirah,Sharg Al Jazirah,Nutrition,Relief International,RI,INGO
2026-01,Blue Nile,Geisan,Nutrition,Relief International,RI,INGO
2026-01,Aj Jazirah,Al Manaqil,Nutrition,Relief International,RI,INGO
2026-01,North Darfur,Tawila,Nutrition,WE ARE ALIGHT,ALIGHT,INGO
2026-01,North Darfur,Melit,Nutrition,Relief International,RI,INGO
2026-01,South Kordofan,Kadugli,Multi-Purpose Cash,MERCY CORPS,MC,INGO
2026-01,South Darfur,Nyala Janoub,Multi-Purpose Cash,MERCY CORPS,MC,INGO
2026-01,North Kordofan,Um Rawaba,Multi-Purpose Cash,MERCY CORPS,MC,INGO
2026-01,North Kordofan,Sheikan,Multi-Purpose Cash,MERCY CORPS,MC,INGO
2026-01,North Kordofan,Ar Rahad-NK,Multi-Purpose Cash,MERCY CORPS,MC,INGO
2026-01,Central Darfur,Zalingi,Multi-Purpose Cash,MERCY CORPS,MC,INGO
2026-01,Central Darfur,Azum,Multi-Purpose Cash,MERCY CORPS,MC,INGO
2026-01,Khartoum,Um Bada,Multi-Purpose Cash,International Rescue Committee,IRC,INGO
2026-01,North Darfur,Tawila,Nutrition,Relief International,RI,INGO
2026-01,Khartoum,Khartoum,Multi-Purpose Cash,International Rescue Committee,IRC,INGO
2026-01,Khartoum,Jebel Awlia,Multi-Purpose Cash,International Rescue Committee,IRC,INGO
2026-01,Khartoum,Bahri,Multi-Purpose Cash,International Rescue Committee,IRC,INGO
2026-01,Aj Jazirah,Medani Al Kubra,Multi-Purpose Cash,Community Organized Relief Effort,CORE,INGO
2026-01,North Darfur,Al Malha,Nutrition,Relief International,RI,INGO
2026-01,Khartoum,Um Bada,Multi-Purpose Cash,Agency for Technical Cooperation and Development,ACTED,INGO
2026-01,Khartoum,Khartoum,Multi-Purpose Cash,Agency for Technical Cooperation and Development,ACTED,INGO
2026-01,Blue Nile,Ed Damazine,Nutrition,Relief International,RI,INGO
2026-01,South Kordofan,Dilling,Multi-Purpose Cash,MERCY CORPS,MC,INGO
2026-01,Blue Nile,Ar Rusayris,Nutrition,Relief International,RI,INGO
2026-01,Khartoum,Khartoum,Multi-Purpose Cash,Community Organized Relief Effort,CORE,INGO
2026-01,Khartoum,Bahri,Multi-Purpose Cash,Agency for Technical Cooperation and Development,ACTED,INGO
2026-01,Sennar,Ad Dinder,Protection,CAFA Development Organization,CAFA,NNGO
2026-01,Sennar,As Suki,Protection,CAFA Development Organization,CAFA,NNGO
2026-01,Gedaref,Al Galabat Al Gharbyah - Kassab,Nutrition,Relief International,RI,INGO
2026-01,Gedaref,Wasat Al Gedaref,Protection,Islamic Relief Worldwide,IRW,INGO
2026-01,Aj Jazirah,Sharg Al Jazirah,Protection,CAFA Development Organization,CAFA,NNGO
2026-01,Gedaref,Wasat Al Gedaref,Nutrition,Relief International,RI,INGO
2026-01,Blue Nile,Al Kurmuk,Health,Pan Health Care Organization,PHCO,NNGO
2026-01,Khartoum,Um Durman,Protection,JASMAR Human Security Organization,JHSO,NNGO
2026-01,River Nile,Ad Damar,Protection,Child Development Foundation,CDF,NNGO
2026-01,Gedaref,Madeinat Al Gedaref,Nutrition,Relief International,RI,INGO
2026-01,Gedaref,Wasat Al Gedaref,Protection,Almanar Voluntary Organization,AMVO,NNGO
2026-01,Gedaref,Al Mafaza,Protection,Sudanese Development Organization,SDO,NNGO
2026-01,Gedaref,Galabat Ash-Shargiah,Nutrition,Relief International,RI,INGO
2026-01,White Nile,Um Rimta,Food Security and Livelihoods,Humanitarian Relief Foundation,IHH,INGO
2026-01,Gedaref,Madeinat Al Gedaref,Protection,Almanar Voluntary Organization,AMVO,NNGO
2026-01,Gedaref,Al Fao,Protection,Almanar Voluntary Organization,AMVO,NNGO
2026-01,Khartoum,Um Durman,Food Security and Livelihoods,Humanitarian Relief Foundation,IHH,INGO
2026-01,Khartoum,Khartoum,Food Security and Livelihoods,Humanitarian Relief Foundation,IHH,INGO
2026-01,River Nile,Atbara,Shelter and NFIs,Muslim Hands United for The Needy,Muslim Hands,INGO
2026-01,Northern,Al Golid,Protection,Sudan Agwa Organization,AGWA,NNGO
2026-01,Khartoum,Jebel Awlia,Food Security and Livelihoods,Humanitarian Relief Foundation,IHH,INGO
2026-01,Kassala,Reifi Gharb Kassala,Protection,WE ARE ALIGHT,ALIGHT,INGO
2026-01,North Darfur,Tawila,Food Security and Livelihoods,Humanitarian Relief Foundation,IHH,INGO
2026-01,Kassala,Madeinat Kassala,Protection,WE ARE ALIGHT,ALIGHT,INGO
2026-01,Northern,Al Golid,Nutrition,Relief International,RI,INGO
2026-01,Northern,Dongola,Nutrition,Relief International,RI,INGO
2026-01,Central Darfur,Gharb Jabal Marrah,Protection,United Nations High Commissioner for Refugees,UNHCR,UN Agency
2026-01,Central Darfur,Wasat Jabal Marrah,Protection,United Nations High Commissioner for Refugees,UNHCR,UN Agency
2026-01,Central Darfur,Shamal Jabal Marrah,Protection,United Nations High Commissioner for Refugees,UNHCR,UN Agency
2026-01,Central Darfur,Mukjar,Protection,United Nations High Commissioner for Refugees,UNHCR,UN Agency
2026-01,Sennar,Sennar,Nutrition,Relief International,RI,INGO
2026-01,Central Darfur,Bendasi,Protection,United Nations High Commissioner for Refugees,UNHCR,UN Agency
2026-01,Central Darfur,Wadi Salih,Protection,United Nations High Commissioner for Refugees,UNHCR,UN Agency
2026-01,Central Darfur,Um Dukhun,Protection,United Nations High Commissioner for Refugees,UNHCR,UN Agency
2026-01,Central Darfur,Azum,Protection,United Nations High Commissioner for Refugees,UNHCR,UN Agency
2026-01,Sennar,Sinja,Nutrition,Relief International,RI,INGO
2026-01,Khartoum,Bahri,Food Security and Livelihoods,Humanitarian Relief Foundation,IHH,INGO
2026-01,Central Darfur,Zalingi,Protection,United Nations High Commissioner for Refugees,UNHCR,UN Agency
2026-01,North Darfur,Tawila,Protection,National Association for Child Protection,NACP,NNGO
2026-01,Sennar,As Suki,Nutrition,Relief International,RI,INGO
2026-01,West Darfur,Ag Geneina,Protection,United Nations High Commissioner for Refugees,UNHCR,UN Agency
2026-01,West Darfur,Kulbus,Protection,United Nations High Commissioner for Refugees,UNHCR,UN Agency
2026-01,Sennar,Abu Hujar,Nutrition,Relief International,RI,INGO
2026-01,West Darfur,Kereneik,Protection,United Nations High Commissioner for Refugees,UNHCR,UN Agency
2026-01,West Darfur,Habila - WD,Protection,United Nations High Commissioner for Refugees,UNHCR,UN Agency
2026-01,Sennar,Ad Dinder,Nutrition,Relief International,RI,INGO
2026-01,West Darfur,Beida,Protection,United Nations High Commissioner for Refugees,UNHCR,UN Agency
2026-01,West Darfur,Foro Baranga,Protection,United Nations High Commissioner for Refugees,UNHCR,UN Agency
2026-01,Khartoum,Karrari,Food Security and Livelihoods,Humanitarian Relief Foundation,IHH,INGO
2026-01,North Darfur,At Tina,Protection,United Nations High Commissioner for Refugees,UNHCR,UN Agency
2026-01,North Darfur,Dar As Salam,Protection,United Nations High Commissioner for Refugees,UNHCR,UN Agency
2026-01,North Darfur,Melit,Protection,United Nations High Commissioner for Refugees,UNHCR,UN Agency
2026-01,North Darfur,Kutum,Protection,United Nations High Commissioner for Refugees,UNHCR,UN Agency
2026-01,North Darfur,Kebkabiya,Protection,United Nations High Commissioner for Refugees,UNHCR,UN Agency
2026-01,North Darfur,Al Fasher,Protection,United Nations High Commissioner for Refugees,UNHCR,UN Agency
2026-01,East Darfur,Abu Karinka,Protection,United Nations High Commissioner for Refugees,UNHCR,UN Agency
2026-01,East Darfur,Al Firdous,Protection,United Nations High Commissioner for Refugees,UNHCR,UN Agency
2026-01,East Darfur,Yassin,Protection,United Nations High Commissioner for Refugees,UNHCR,UN Agency
2026-01,East Darfur,Shia'ria,Protection,United Nations High Commissioner for Refugees,UNHCR,UN Agency
2026-01,East Darfur,Ad Du'ayn,Protection,United Nations High Commissioner for Refugees,UNHCR,UN Agency
2026-01,South Darfur,Mershing,Protection,United Nations High Commissioner for Refugees,UNHCR,UN Agency
2026-01,South Darfur,Gereida,Protection,United Nations High Commissioner for Refugees,UNHCR,UN Agency
2026-01,South Darfur,Beliel,Protection,United Nations High Commissioner for Refugees,UNHCR,UN Agency
2026-01,North Darfur,Um Kadadah,Protection,United Nations High Commissioner for Refugees,UNHCR,UN Agency
2026-01,North Darfur,Tawila,Protection,United Nations High Commissioner for Refugees,UNHCR,UN Agency
2026-01,North Darfur,At Tawisha,Protection,United Nations High Commissioner for Refugees,UNHCR,UN Agency
2026-01,North Darfur,Al Lait,Protection,United Nations High Commissioner for Refugees,UNHCR,UN Agency
2026-01,North Kordofan,Sheikan,Protection,Plan International,PI,INGO
2026-01,Central Darfur,Zalingi,Protection,Volunteers,Volunteers,NNGO
2026-01,Kassala,Reifi Gharb Kassala,Protection,Hope and Friendship for Development Organization,HFDO,NNGO
2026-01,White Nile,Tendalti,Protection,Sudan Social Development Organization,SSDO,NNGO
2026-01,White Nile,Rabak,Protection,Green Dream Organization,GDO,NNGO
2026-01,Red Sea,Port Sudan,Health,EMERGENCY NGO,EMERGENCY NGO,INGO
2026-01,White Nile,Kosti,Protection,United Nations Children's Fund,UNICEF,UN Agency
2026-01,Aj Jazirah,Janub Al Jazirah,Nutrition,Relief International,RI,INGO
2026-01,White Nile,Guli,Protection,Sudan Social Development Organization,SSDO,NNGO
2026-01,White Nile,Ad Diwaim,Protection,Green Dream Organization,GDO,NNGO
2026-01,Aj Jazirah,Medani Al Kubra,Nutrition,Relief International,RI,INGO
2026-01,West Kordofan,As Sunut,Protection,United Nations Children's Fund,UNICEF,UN Agency
2026-01,Northern,Ad Dabbah,Nutrition,Relief International,RI,INGO
2026-01,Khartoum,Karrari,Nutrition,Relief International,RI,INGO
2026-01,Khartoum,Khartoum,Nutrition,Relief International,RI,INGO
2026-01,South Darfur,As Salam - SD,Health,WE ARE ALIGHT,ALIGHT,INGO
2026-01,West Kordofan,Al Idia,Protection,United Nations Children's Fund,UNICEF,UN Agency
2026-01,Khartoum,Jebel Awlia,Nutrition,Relief International,RI,INGO
2026-01,West Darfur,Kereneik,Protection,World Relief,WR,INGO
2026-01,South Kordofan,Kadugli,Protection,United Nations Children's Fund,UNICEF,UN Agency
2026-01,Khartoum,Um Bada,Nutrition,Relief International,RI,INGO
2026-01,South Kordofan,Ar Reif Ash Shargi,Protection,United Nations Children's Fund,UNICEF,UN Agency
2026-01,Red Sea,Haya,Nutrition,Relief International,RI,INGO
2026-01,Red Sea,Port Sudan,Nutrition,Relief International,RI,INGO
2026-01,West Darfur,Kereneik,Nutrition,Premiere Urgence Internationale,PUI,INGO
2026-01,Gedaref,Wasat Al Gedaref,Nutrition,Premiere Urgence Internationale,PUI,INGO
2026-01,Aj Jazirah,Janub Al Jazirah,Nutrition,Premiere Urgence Internationale,PUI,INGO
2026-01,South Darfur,Nyala Shimal,Protection,Hope and Friendship for Development Organization,HFDO,NNGO
2026-01,Aj Jazirah,Medani Al Kubra,Nutrition,Premiere Urgence Internationale,PUI,INGO
2026-01,West Darfur,Sirba,Nutrition,Premiere Urgence Internationale,PUI,INGO
2026-01,Sennar,Sinja,Protection,Pan Health Care Organization,PHCO,NNGO
2026-01,Khartoum,Jebel Awlia,Nutrition,Premiere Urgence Internationale,PUI,INGO
2026-01,Khartoum,Karrari,Nutrition,Premiere Urgence Internationale,PUI,INGO
2026-01,Sennar,Sennar,Protection,Pan Health Care Organization,PHCO,NNGO
2026-01,Khartoum,Khartoum,Nutrition,Premiere Urgence Internationale,PUI,INGO
2026-01,River Nile,Shendi,Protection,National Planning Organization,NPO,NNGO
2026-01,River Nile,Barbar,Protection,National Planning Organization,NPO,NNGO
2026-01,West Darfur,Ag Geneina,Nutrition,Premiere Urgence Internationale,PUI,INGO
2026-01,River Nile,Atbara,Protection,National Planning Organization,NPO,NNGO
2026-01,Central Darfur,Azum,Nutrition,Premiere Urgence Internationale,PUI,INGO
2026-01,River Nile,Al Matama,Protection,National Planning Organization,NPO,NNGO
2026-01,Central Darfur,Zalingi,Nutrition,Premiere Urgence Internationale,PUI,INGO
2026-01,South Darfur,Kas,Protection,CARE International in Sudan,CARE,INGO
2026-01,River Nile,Al Buhaira,Protection,National Planning Organization,NPO,NNGO
2026-01,River Nile,Ad Damar,Protection,National Planning Organization,NPO,NNGO
2026-01,River Nile,Abu Hamad,Protection,National Planning Organization,NPO,NNGO
2026-01,South Kordofan,Dilling,Nutrition,Plan International,PI,INGO
2026-01,Red Sea,Port Sudan,Protection,Sudanese Coalition for Education for All,SCEFA,NNGO
2026-01,Blue Nile,Al Kurmuk,Nutrition,Pan Health Care Organization,PHCO,NNGO
2026-01,Blue Nile,Baw,Nutrition,Pan Health Care Organization,PHCO,NNGO
2026-01,Blue Nile,Ar Rusayris,Nutrition,Pan Health Care Organization,PHCO,NNGO
2026-01,Northern,Dongola,Protection,Child Development Foundation,CDF,NNGO
2026-01,Blue Nile,Wad Al Mahi,Nutrition,Pan Health Care Organization,PHCO,NNGO
2026-01,North Kordofan,Um Rawaba,Protection,United Nations Children's Fund,UNICEF,UN Agency
2026-01,North Kordofan,Sheikan,Protection,United Nations Children's Fund,UNICEF,UN Agency
2026-01,North Kordofan,Ar Rahad-NK,Protection,United Nations Children's Fund,UNICEF,UN Agency
2026-01,North Kordofan,Ar Rahad-NK,Protection,CAFA Development Organization,CAFA,NNGO
2026-01,South Darfur,Buram,Nutrition,National Initiative Development Organization,NIDO,NNGO
2026-01,South Darfur,Shattaya,Nutrition,National Initiative Development Organization,NIDO,NNGO
2026-01,North Darfur,Saraf Omra,Protection,Kabkabiya Small holders Charitable Society,KSCS,NNGO
2026-01,Khartoum,Jebel Awlia,Nutrition,Medecins Sans Frontieres,MSF,INGO
2026-01,East Darfur,Al Firdous,Food Security and Livelihoods,Sudan Aid Hand Organization,SAHO,NNGO
2026-01,North Darfur,Tawila,Nutrition,Medecins Sans Frontieres,MSF,INGO
2026-01,North Darfur,Um Baru,Nutrition,Medecins Sans Frontieres,MSF,INGO
2026-01,North Darfur,Kutum,Protection,National Association for Child Protection,NACP,NNGO
2026-01,Khartoum,Um Bada,Nutrition,Medical Teams International,MTI,INGO
2026-01,North Darfur,Kebkabiya,Protection,Kabkabiya Small holders Charitable Society,KSCS,NNGO
2026-01,White Nile,As Salam / Ar Rawat,Nutrition,Medical Teams International,MTI,INGO
2026-01,North Darfur,As Serief,Protection,Kabkabiya Small holders Charitable Society,KSCS,NNGO
2026-01,White Nile,Aj Jabalain,Nutrition,Medical Teams International,MTI,INGO
2026-01,North Darfur,Al Fasher,Protection,National Association for Child Protection,NACP,NNGO
2026-01,Khartoum,Um Bada,Protection,National Planning Organization,NPO,NNGO
2026-01,North Darfur,Melit,Health,Relief International,RI,INGO
2026-01,Khartoum,Karrari,Protection,National Planning Organization,NPO,NNGO
2026-01,Gedaref,Galabat Ash-Shargiah,Nutrition,Medical Teams International,MTI,INGO
2026-01,Khartoum,Jebel Awlia,Protection,National Planning Organization,NPO,NNGO
2026-01,Khartoum,Bahri,Protection,National Planning Organization,NPO,NNGO
2026-01,East Darfur,Ad Du'ayn,Protection,Hope and Friendship for Development Organization,HFDO,NNGO
2026-01,Gedaref,Al Mafaza,Nutrition,Medical Teams International,MTI,INGO
2026-01,East Darfur,Abu Karinka,Protection,Hope and Friendship for Development Organization,HFDO,NNGO
2026-01,Central Darfur,Zalingi,Protection,National Association for Child Protection,NACP,NNGO
2026-01,Gedaref,Al Fashaga,Nutrition,Medical Teams International,MTI,INGO
2026-01,North Darfur,At Tina,Health,Relief International,RI,INGO
2026-01,Central Darfur,Wasat Jabal Marrah,Protection,World Relief,WR,INGO
2026-01,Central Darfur,Shamal Jabal Marrah,Protection,World Relief,WR,INGO
2026-01,North Darfur,Al Malha,Health,Relief International,RI,INGO
2026-01,Blue Nile,Ed Damazine,Protection,CAFA Development Organization,CAFA,NNGO
2026-01,West Darfur,Beida,Nutrition,Medair,Medair,INGO
2026-01,Khartoum,Sharg An Neel,Nutrition,Medair,Medair,INGO
2026-01,Aj Jazirah,Sharg Al Jazirah,Protection,National Planning Organization,NPO,NNGO
2026-01,Aj Jazirah,Medani Al Kubra,Protection,National Planning Organization,NPO,NNGO
2026-01,South Darfur,Nyala Shimal,Nutrition,Medair,Medair,INGO
2026-01,South Darfur,Tulus,Nutrition,Medair,Medair,INGO
2026-01,South Darfur,Beliel,Health,WE ARE ALIGHT,ALIGHT,INGO
2026-01,Aj Jazirah,Al Qurashi,Protection,National Planning Organization,NPO,NNGO
2026-01,Aj Jazirah,Al Hasahisa,Protection,National Planning Organization,NPO,NNGO
2026-01,Khartoum,Bahri,Nutrition,Medair,Medair,INGO
2026-01,North Darfur,Tawila,Health,Relief International,RI,INGO
2026-01,East Darfur,Yassin,WASH,African Relief Committee,ARC,NNGO
2026-01,Khartoum,Jebel Awlia,Nutrition,Medair,Medair,INGO
2026-01,Gedaref,Wasat Al Gedaref,Protection,Rural Development Organization,RDO,NNGO
2026-01,Gedaref,Wasat Al Gedaref,Protection,Sudan Zero Waste Organization,SZWO,NNGO
2026-01,Kassala,Reifi Wad Elhilaiw,Nutrition,JASMAR Human Security Organization,JHSO,NNGO
2026-01,White Nile,Kosti,Protection,Almanar Voluntary Organization,AMVO,NNGO
2026-01,Gedaref,Madeinat Al Gedaref,Protection,Sudan Zero Waste Organization,SZWO,NNGO
2026-01,Gedaref,Al Galabat Al Gharbyah - Kassab,Protection,Norwegian Church Aid,NCA,INGO
2026-01,Red Sea,Port Sudan,Protection,Plan International,PI,INGO
2026-01,Gedaref,Wasat Al Gedaref,Protection,Norwegian Church Aid,NCA,INGO
2026-01,Kassala,Madeinat Kassala,Protection,Plan International,PI,INGO
2026-01,Blue Nile,Ar Rusayris,Health,Relief International,RI,INGO
2026-01,Kassala,Reifi Khashm Elgirba,Nutrition,JASMAR Human Security Organization,JHSO,NNGO
2026-01,North Kordofan,Ar Rahad-NK,Nutrition,Islamic Relief Worldwide,IRW,INGO
2026-01,Blue Nile,Ed Damazine,Health,Relief International,RI,INGO
2026-01,White Nile,Al Gitaina,Protection,Almanar Voluntary Organization,AMVO,NNGO
2026-01,White Nile,Rabak,Protection,Almanar Voluntary Organization,AMVO,NNGO
2026-01,Khartoum,Karrari,Protection,Almanar Voluntary Organization,AMVO,NNGO
2026-01,Gedaref,Galabat Ash-Shargiah,Protection,Plan International,PI,INGO
2026-01,North Kordofan,Bara,Nutrition,Islamic Relief Worldwide,IRW,INGO
2026-01,West Darfur,Beida,Health,Medair,Medair,INGO
2026-01,Kassala,Reifi Hamashkureib,Health,Samaritan's Purse,SP,INGO
2026-01,South Darfur,Nyala Janoub,Protection,Women for Peace and Development Organization,WPDO,NNGO
2026-01,South Kordofan,Dilling,Protection,Save the Children International,SCI,INGO
2026-01,South Kordofan,Habila - SK,Protection,Save the Children International,SCI,INGO
2026-01,South Kordofan,Delami,Protection,Save the Children International,SCI,INGO
2026-01,North Darfur,Kelemando,Protection,Save the Children International,SCI,INGO
2026-01,North Kordofan,Gharb Bara,Nutrition,Islamic Relief Worldwide,IRW,INGO
2026-01,Sennar,Sinja,Protection,Save the Children International,SCI,INGO
2026-01,Sennar,Sharg Sennar,Protection,Save the Children International,SCI,INGO
2026-01,Sennar,Abu Hujar,Protection,Save the Children International,SCI,INGO
2026-01,Aj Jazirah,Medani Al Kubra,Protection,Save the Children International,SCI,INGO
2026-01,Aj Jazirah,Al Manaqil,Protection,Save the Children International,SCI,INGO
2026-01,Gedaref,Al Galabat Al Gharbyah - Kassab,Protection,Plan International,PI,INGO
2026-01,Blue Nile,Geisan,Health,Relief International,RI,INGO
2026-01,Gedaref,Al Galabat Al Gharbyah - Kassab,Protection,Hope and Friendship for Development Organization,HFDO,NNGO
2026-01,North Kordofan,Sheikan,Nutrition,Islamic Relief Worldwide,IRW,INGO
2026-01,Red Sea,Port Sudan,Protection,Relief International,RI,INGO
2026-01,Blue Nile,Ed Damazine,Protection,Relief International,RI,INGO
2026-01,Khartoum,Karrari,Protection,Relief International,RI,INGO
2026-01,Aj Jazirah,Medani Al Kubra,Protection,Relief International,RI,INGO
2026-01,Aj Jazirah,Al Manaqil,Protection,Relief International,RI,INGO
2026-01,Sennar,Sennar,Protection,Relief International,RI,INGO
2026-01,Northern,Ad Dabbah,Protection,Relief International,RI,INGO
2026-01,Central Darfur,Mukjar,Protection,Hope and Friendship for Development Organization,HFDO,NNGO
2026-01,Gedaref,Wasat Al Gedaref,Protection,Agency for Technical Cooperation and Development,ACTED,INGO
2026-01,Gedaref,Al Galabat Al Gharbyah - Kassab,Protection,Agency for Technical Cooperation and Development,ACTED,INGO
2026-01,Kassala,Halfa Aj Jadeedah,Protection,WE ARE ALIGHT,ALIGHT,INGO
2026-01,Gedaref,Madeinat Al Gedaref,Protection,Agency for Technical Cooperation and Development,ACTED,INGO
2026-01,Kassala,Reifi Kassla,Protection,WE ARE ALIGHT,ALIGHT,INGO
2026-01,Gedaref,Al Fao,Protection,Friends of Peace & Development Organization,FPDO,NNGO
2026-01,North Kordofan,Um Rawaba,Nutrition,Islamic Relief Worldwide,IRW,INGO
2026-01,Kassala,Reifi Khashm Elgirba,Protection,WE ARE ALIGHT,ALIGHT,INGO
2026-01,Gedaref,Madeinat Al Gedaref,Protection,Friends of Peace & Development Organization,FPDO,NNGO
2026-01,North Kordofan,Um Dam Haj Ahmed,Nutrition,Islamic Relief Worldwide,IRW,INGO
2026-01,River Nile,Atbara,Protection,Child Development Foundation,CDF,NNGO
2026-01,River Nile,Abu Hamad,Protection,Child Development Foundation,CDF,NNGO
2026-01,River Nile,Al Buhaira,Protection,Child Development Foundation,CDF,NNGO
2026-01,Gedaref,Wasat Al Gedaref,Protection,Plan International,PI,INGO
2026-01,River Nile,Barbar,Protection,Child Development Foundation,CDF,NNGO
2026-01,Kassala,Reifi Khashm Elgirba,Protection,Plan International,PI,INGO
2026-01,Gedaref,Wasat Al Gedaref,Protection,Friends of Peace & Development Organization,FPDO,NNGO
2026-01,West Darfur,Habila - WD,Protection,Trust for Rehabilitation and Development Organization,TDO,NNGO
2026-01,West Darfur,Ag Geneina,Protection,Sudanese Red Crescent Society,SRCS,Red Cross
2026-01,West Darfur,Ag Geneina,Protection,Trust for Rehabilitation and Development Organization,TDO,NNGO
2026-01,Gedaref,Al Galabat Al Gharbyah - Kassab,Protection,Danish Refugee Council,DRC,INGO
2026-01,South Darfur,Gereida,Protection,Peace Bridge Association,PBA,NNGO
2026-01,Gedaref,Wasat Al Gedaref,Protection,Danish Refugee Council,DRC,INGO
2026-01,South Darfur,Ed Al Fursan,Protection,Peace Bridge Association,PBA,NNGO
2026-01,Northern,Ad Dabbah,Protection,Sudanese Red Crescent Society,SRCS,Red Cross
2026-01,South Darfur,Buram,Protection,Peace Bridge Association,PBA,NNGO
2026-01,White Nile,Ad Diwaim,Protection,Child Development Foundation,CDF,NNGO
2026-01,South Darfur,Nyala Janoub,Protection,Peace Bridge Association,PBA,NNGO
2026-01,Gedaref,Madeinat Al Gedaref,Protection,Danish Refugee Council,DRC,INGO
2026-01,White Nile,Aj Jabalain,Protection,Caritas Sudan,Sudanaid,INGO
2026-01,White Nile,Kosti,Protection,Danish Refugee Council,DRC,INGO
2026-01,White Nile,Aj Jabalain,Protection,Danish Refugee Council,DRC,INGO
2026-01,White Nile,Rabak,Protection,Danish Refugee Council,DRC,INGO
2026-01,White Nile,Al Gitaina,Protection,Danish Refugee Council,DRC,INGO
2026-01,White Nile,Tendalti,Protection,Caritas Sudan,Sudanaid,INGO
2026-01,Central Darfur,Gharb Jabal Marrah,Nutrition,Islamic Relief Worldwide,IRW,INGO
2026-01,Khartoum,Karrari,Protection,CARE International in Sudan,CARE,INGO
2026-01,Red Sea,Port Sudan,Protection,CARE International in Sudan,CARE,INGO
2026-01,Central Darfur,Gharb Jabal Marrah,Protection,Danish Refugee Council,DRC,INGO
2026-01,South Kordofan,Abu Jubayhah,Protection,CARE International in Sudan,CARE,INGO
2026-01,Khartoum,Karrari,Health,Relief International,RI,INGO
2026-01,Central Darfur,Wasat Jabal Marrah,Protection,Danish Refugee Council,DRC,INGO
2026-01,West Darfur,Sirba,Protection,United Nations High Commissioner for Refugees,UNHCR,UN Agency
2026-01,West Kordofan,An Nuhud,Nutrition,Islamic Relief Worldwide,IRW,INGO
2026-01,Central Darfur,Um Dukhun,Protection,Danish Refugee Council,DRC,INGO
2026-01,Khartoum,Sharg An Neel,Health,Relief International,RI,INGO
2026-01,West Darfur,Habila - WD,Protection,Child Development Foundation,CDF,NNGO
2026-01,West Darfur,Kereneik,Protection,Child Development Foundation,CDF,NNGO
2026-01,West Darfur,Ag Geneina,Protection,Child Development Foundation,CDF,NNGO
2026-01,South Kordofan,Abu Jubayhah,Protection,Action against hunger - Spain,ACF -Spain,INGO
2026-01,Central Darfur,Zalingi,Protection,Action against hunger - Spain,ACF -Spain,INGO
2026-01,West Darfur,Habila - WD,Protection,LM International (formerly known as International Aid Services),LM/IAS,INGO
2026-01,South Darfur,Mershing,Protection,LM International,LMI,INGO
2026-01,Gedaref,Wasat Al Gedaref,Protection,Hope and Friendship for Development Organization,HFDO,NNGO
2026-01,Gedaref,Madeinat Al Gedaref,Protection,Hope and Friendship for Development Organization,HFDO,NNGO
2026-01,West Darfur,Foro Baranga,Nutrition,INTERSOS,INTERSOS,INGO
2026-01,North Darfur,Tawila,Protection,NADA Elazhar for Disaster Privention and Sustainable Development,NADA,NNGO
2026-01,Blue Nile,Ar Rusayris,Nutrition,International Rescue Committee,IRC,INGO
2026-01,Khartoum,Karrari,Nutrition,International Rescue Committee,IRC,INGO
2026-01,Central Darfur,Zalingi,Protection,NADA Elazhar for Disaster Privention and Sustainable Development,NADA,NNGO
2026-01,Khartoum,Bahri,Protection,NADA Elazhar for Disaster Privention and Sustainable Development,NADA,NNGO
2026-01,Blue Nile,Baw,Nutrition,International Rescue Committee,IRC,INGO
2026-01,Blue Nile,Wad Al Mahi,Nutrition,International Rescue Committee,IRC,INGO
2026-01,River Nile,Ad Damar,Protection,NADA Elazhar for Disaster Privention and Sustainable Development,NADA,NNGO
2026-01,River Nile,Atbara,Protection,NADA Elazhar for Disaster Privention and Sustainable Development,NADA,NNGO
2026-01,White Nile,Aj Jabalain,Protection,Hope and Friendship for Development Organization,HFDO,NNGO
2026-01,Sennar,Ad Dinder,Health,Relief International,RI,INGO
2026-01,White Nile,Kosti,Protection,Hope and Friendship for Development Organization,HFDO,NNGO
2026-01,White Nile,Aj Jabalain,Protection,Agency for Technical Cooperation and Development,ACTED,INGO
2026-01,White Nile,Kosti,Protection,Agency for Technical Cooperation and Development,ACTED,INGO
2026-01,Khartoum,Khartoum,Protection,Agency for Technical Cooperation and Development,ACTED,INGO
2026-01,White Nile,Rabak,Protection,Child Development Foundation,CDF,NNGO
2026-01,White Nile,Kosti,Protection,Child Development Foundation,CDF,NNGO
2026-01,Central Darfur,Um Dukhun,Nutrition,International Medical Corps,IMC,INGO
2026-01,South Kordofan,Kadugli,Protection,Plan International,PI,INGO
2026-01,Blue Nile,Geisan,Nutrition,International Medical Corps,IMC,INGO
2026-01,South Darfur,Kas,Protection,Child Development Foundation,CDF,NNGO
2026-01,South Darfur,Beliel,Protection,Child Development Foundation,CDF,NNGO
2026-01,Sennar,Abu Hujar,Health,Relief International,RI,INGO
2026-01,South Kordofan,Abassiya,Protection,Save the Children International,SCI,INGO
2026-01,South Kordofan,Ar Rashad,Protection,Save the Children International,SCI,INGO
2026-01,South Kordofan,Abu Jubayhah,Protection,Save the Children International,SCI,INGO
2026-01,Gedaref,Al Fashaga,Food Security and Livelihoods,MERCY CORPS,MC,INGO
2026-01,River Nile,Atbara,Protection,Save the Children International,SCI,INGO
2026-01,River Nile,Ad Damar,Protection,Save the Children International,SCI,INGO
2026-01,North Kordofan,Sheikan,Protection,Save the Children International,SCI,INGO
2026-01,Khartoum,Sharg An Neel,Nutrition,International Medical Corps,IMC,INGO
2026-01,Red Sea,Dordieb,Food Security and Livelihoods,Betay Development Organization,BDO,NNGO
2026-01,Gedaref,Al Galabat Al Gharbyah - Kassab,Protection,Save the Children International,SCI,INGO
2026-01,Gedaref,Madeinat Al Gedaref,Protection,CAFA Development Organization,CAFA,NNGO
2026-01,Blue Nile,Geisan,Protection,Human Appeal - UK,HA UK,INGO
2026-01,Blue Nile,Al Kurmuk,Protection,Human Appeal - UK,HA UK,INGO
2026-01,South Darfur,Beliel,Nutrition,International Medical Corps,IMC,INGO
2026-01,South Darfur,Nyala Shimal,Nutrition,International Medical Corps,IMC,INGO
2026-01,Sennar,As Suki,Health,Relief International,RI,INGO
2026-01,South Darfur,Beliel,Protection,Hope and Friendship for Development Organization,HFDO,NNGO
2026-01,South Darfur,As Salam - SD,Nutrition,International Medical Corps,IMC,INGO
2026-01,South Darfur,Nyala Janoub,Protection,Hope and Friendship for Development Organization,HFDO,NNGO
2026-01,Blue Nile,Baw,Nutrition,International Medical Corps,IMC,INGO
2026-01,North Darfur,Tawila,Protection,Hope and Friendship for Development Organization,HFDO,NNGO
2026-01,Khartoum,Sharg An Neel,Protection,National Planning Organization,NPO,NNGO
2026-01,Aj Jazirah,Janub Al Jazirah,Protection,National Planning Organization,NPO,NNGO
2026-01,Sennar,Sinja,Health,Relief International,RI,INGO
2026-01,West Darfur,Kulbus,Protection,Child Development Foundation,CDF,NNGO
2026-01,West Darfur,Sirba,Protection,Child Development Foundation,CDF,NNGO
2026-01,North Darfur,Dar As Salam,Protection,Plan International,PI,INGO
2026-01,South Darfur,Beliel,Protection,WE ARE ALIGHT,ALIGHT,INGO
2026-01,South Darfur,As Salam - SD,Protection,WE ARE ALIGHT,ALIGHT,INGO
2026-01,Sennar,Sennar,Health,Relief International,RI,INGO
2026-01,North Darfur,Tawila,Protection,Nonviolent Peaceforce,NP,INGO
2026-01,West Darfur,Kereneik,Protection,Hope and Friendship for Development Organization,HFDO,NNGO
2026-01,East Darfur,Ad Du'ayn,Protection,WE ARE ALIGHT,ALIGHT,INGO
2026-01,West Darfur,Sirba,Nutrition,Hope and Friendship for Development Organization,HFDO,NNGO
2026-01,Khartoum,Um Bada,Protection,Relief International,RI,INGO
2026-01,Khartoum,Sharg An Neel,Protection,Relief International,RI,INGO
2026-01,South Darfur,Nyala Shimal,Protection,World Vision International,WVI,INGO
2026-01,South Darfur,Sharg Aj Jabal,Protection,World Vision International,WVI,INGO
2026-01,North Darfur,Al Malha,Protection,Relief International,RI,INGO
2026-01,South Kordofan,Dilling,Nutrition,Goal Global,GOAL,INGO
2026-01,South Darfur,Beliel,Protection,World Vision International,WVI,INGO
2026-01,South Kordofan,Abu Kershola,Nutrition,Goal Global,GOAL,INGO
2026-01,South Darfur,Nyala Janoub,Protection,World Vision International,WVI,INGO
2026-01,White Nile,Kosti,Protection,JASMAR Human Security Organization,JHSO,NNGO
2026-01,South Kordofan,Ar Rashad,Nutrition,Goal Global,GOAL,INGO
2026-01,North Darfur,Kutum,Nutrition,Goal Global,GOAL,INGO
2026-01,Khartoum,Jebel Awlia,Protection,JASMAR Human Security Organization,JHSO,NNGO
2026-01,South Kordofan,Talawdi,Nutrition,Goal Global,GOAL,INGO
2026-01,Kassala,Reifi Wad Elhilaiw,Food Security and Livelihoods,Betay Development Organization,BDO,NNGO
2026-01,Kassala,Reifi Telkok,Food Security and Livelihoods,Betay Development Organization,BDO,NNGO
2026-01,Aj Jazirah,Sharg Al Jazirah,Protection,Triangle Génération Humanitaire,TGH,INGO
2026-01,Red Sea,Port Sudan,Health,Relief International,RI,INGO
2026-01,Aj Jazirah,Janub Al Jazirah,Protection,Triangle Génération Humanitaire,TGH,INGO
2026-01,Central Darfur,Um Dukhun,Protection,Triangle Génération Humanitaire,TGH,INGO
2026-01,Kassala,Reifi Kassla,Food Security and Livelihoods,Betay Development Organization,BDO,NNGO
2026-01,Central Darfur,Bendasi,Protection,Triangle Génération Humanitaire,TGH,INGO
2026-01,Central Darfur,Wasat Jabal Marrah,Protection,Triangle Génération Humanitaire,TGH,INGO
2026-01,Khartoum,Khartoum,Protection,Relief International,RI,INGO
2026-01,Gedaref,Wasat Al Gedaref,Health,Relief International,RI,INGO
2026-01,River Nile,Shendi,Food Security and Livelihoods,Sudanese Red Crescent Society,SRCS,Red Cross
2026-01,Khartoum,Karrari,Protection,United Peace Organization,UPO,NNGO
2026-01,Gedaref,Galabat Ash-Shargiah,Health,Relief International,RI,INGO
2026-01,Gedaref,Al Galabat Al Gharbyah - Kassab,Health,Relief International,RI,INGO
2026-01,River Nile,Atbara,Food Security and Livelihoods,Sudanese Red Crescent Society,SRCS,Red Cross
2026-01,Blue Nile,Baw,Protection,Relief International,RI,INGO
2026-01,Gedaref,Madeinat Al Gedaref,Health,Relief International,RI,INGO
2026-01,Aj Jazirah,Janub Al Jazirah,Protection,National Units for Mine Action and Development Organization,NUMAD,NNGO
2026-01,Aj Jazirah,Al Manaqil,Health,Relief International,RI,INGO
2026-01,River Nile,Al Matama,Food Security and Livelihoods,Sudanese Red Crescent Society,SRCS,Red Cross
2026-01,South Kordofan,Habila - SK,Nutrition,Goal Global,GOAL,INGO
2026-01,Blue Nile,Ar Rusayris,Protection,Relief International,RI,INGO
2026-01,River Nile,Barbar,Food Security and Livelihoods,Sudanese Red Crescent Society,SRCS,Red Cross
2026-01,Aj Jazirah,Sharg Al Jazirah,Health,Relief International,RI,INGO
2026-01,North Darfur,At Tina,Protection,Relief International,RI,INGO
2026-01,River Nile,Ad Damar,Food Security and Livelihoods,Sudanese Red Crescent Society,SRCS,Red Cross
2026-01,West Darfur,Ag Geneina,Protection,Hope and Friendship for Development Organization,HFDO,NNGO
2026-01,Sennar,As Suki,Protection,Relief International,RI,INGO
2026-01,South Kordofan,Ghadeer,Nutrition,Goal Global,GOAL,INGO
2026-01,Red Sea,Sawakin,Food Security and Livelihoods,Betay Development Organization,BDO,NNGO
2026-01,Khartoum,Sharg An Neel,Multi-Purpose Cash,CAFA Development Organization,CAFA,NNGO
2026-01,Red Sea,Port Sudan,Protection,Raise for Development and Humanitarian Aid,RAISE,NNGO
2026-01,Northern,Ad Dabbah,Protection,NADA Elazhar for Disaster Privention and Sustainable Development,NADA,NNGO
2026-01,Northern,Halfa,Protection,NADA Elazhar for Disaster Privention and Sustainable Development,NADA,NNGO
2026-01,Khartoum,Karrari,Multi-Purpose Cash,CAFA Development Organization,CAFA,NNGO
2026-01,Khartoum,Jebel Awlia,Protection,World Relief,WR,INGO
2026-01,West Darfur,Ag Geneina,Protection,World Relief,WR,INGO
2026-01,Khartoum,Jebel Awlia,Multi-Purpose Cash,Sudan Social Development Organization,SSDO,NNGO
2026-01,White Nile,Aj Jabalain,Protection,Green Dream Organization,GDO,NNGO
2026-01,White Nile,As Salam / Ar Rawat,Protection,Green Dream Organization,GDO,NNGO
2026-01,River Nile,Shendi,Food Security and Livelihoods,JASMAR Human Security Organization,JHSO,NNGO
2026-01,West Darfur,Foro Baranga,Health,INTERSOS,INTERSOS,INGO
2026-01,North Kordofan,Sheikan,Protection,Green Dream Organization,GDO,NNGO
2026-01,Khartoum,Karrari,Multi-Purpose Cash,Cooperazione Internazionale,COOPI,INGO
2026-01,Gedaref,Al Fao,Food Security and Livelihoods,JASMAR Human Security Organization,JHSO,NNGO
2026-01,Kassala,Reifi Wad Elhilaiw,Health,CARE International in Sudan,CARE,INGO
2026-01,Central Darfur,Wasat Jabal Marrah,Protection,United Nations Children's Fund,UNICEF,UN Agency
2026-01,North Darfur,Tawila,Protection,World Relief,WR,INGO
2026-01,Central Darfur,Um Dukhun,Protection,World Relief,WR,INGO
2026-01,Aj Jazirah,Janub Al Jazirah,Health,Relief International,RI,INGO
2026-01,Central Darfur,Um Dukhun,Protection,AWAFY Sudanese Organization,AWAFY,NNGO
2026-01,Central Darfur,Um Dukhun,Protection,Hope and Friendship for Development Organization,HFDO,NNGO
2026-01,Central Darfur,Wasat Jabal Marrah,Protection,Hope and Friendship for Development Organization,HFDO,NNGO
2026-01,Aj Jazirah,Medani Al Kubra,Health,Relief International,RI,INGO
2026-01,Aj Jazirah,Al Manaqil,Protection,National Units for Mine Action and Development Organization,NUMAD,NNGO
2026-01,Aj Jazirah,Um Algura,Protection,National Units for Mine Action and Development Organization,NUMAD,NNGO
2026-01,North Darfur,Tawila,Protection,Friends of Peace & Development Organization,FPDO,NNGO
2026-01,Aj Jazirah,Al Manaqil,Protection,CAFA Development Organization,CAFA,NNGO
2026-01,North Darfur,Dar As Salam,Protection,Friends of Peace & Development Organization,FPDO,NNGO
2026-01,Gedaref,Al Mafaza,Protection,Friends of Peace & Development Organization,FPDO,NNGO
2026-01,Gedaref,Al Mafaza,Protection,International Rescue Committee,IRC,INGO
2026-01,Blue Nile,Wad Al Mahi,Protection,International Rescue Committee,IRC,INGO
2026-01,East Darfur,Shia'ria,Protection,World Vision International,WVI,INGO
2026-01,Blue Nile,Baw,Protection,International Rescue Committee,IRC,INGO
2026-01,West Darfur,Ag Geneina,Health,African Relief Committee,ARC,NNGO
2026-01,Blue Nile,Ar Rusayris,Protection,International Rescue Committee,IRC,INGO
2026-01,White Nile,Aj Jabalain,Protection,Child Development Foundation,CDF,NNGO
2026-01,East Darfur,Al Firdous,Protection,World Vision International,WVI,INGO
2026-01,East Darfur,Ad Du'ayn,Protection,World Vision International,WVI,INGO
2026-01,North Kordofan,Sheikan,Protection,Friends of Peace & Development Organization,FPDO,NNGO
2026-01,White Nile,Al Gitaina,Protection,Friends of Peace & Development Organization,FPDO,NNGO
2026-01,Aj Jazirah,Al Kamlin,Protection,Friends of Peace & Development Organization,FPDO,NNGO
2026-01,Khartoum,Khartoum,Protection,Friends of Peace & Development Organization,FPDO,NNGO
2026-01,Aj Jazirah,Medani Al Kubra,Protection,CAFA Development Organization,CAFA,NNGO
2026-01,White Nile,Kosti,Health,Medical Teams International,MTI,INGO
2026-01,White Nile,Al Gitaina,Protection,International Rescue Committee,IRC,INGO
2026-01,White Nile,Rabak,Protection,International Rescue Committee,IRC,INGO
2026-01,White Nile,Kosti,Protection,International Rescue Committee,IRC,INGO
2026-01,River Nile,Ad Damar,Food Security and Livelihoods,JASMAR Human Security Organization,JHSO,NNGO
2026-01,Aj Jazirah,Medani Al Kubra,Protection,JASMAR Human Security Organization,JHSO,NNGO
2026-01,Aj Jazirah,Sharg Al Jazirah,Protection,National Units for Mine Action and Development Organization,NUMAD,NNGO
2026-01,Khartoum,Bahri,Protection,National Units for Mine Action and Development Organization,NUMAD,NNGO
2026-01,Khartoum,Jebel Awlia,Protection,National Units for Mine Action and Development Organization,NUMAD,NNGO
2026-01,Blue Nile,Ed Damazine,Protection,Child Development Foundation,CDF,NNGO
2026-01,Red Sea,Port Sudan,Protection,Islamic Relief Worldwide,IRW,INGO
2026-01,Khartoum,Khartoum,Protection,JASMAR Human Security Organization,JHSO,NNGO
2026-01,Khartoum,Bahri,Protection,JASMAR Human Security Organization,JHSO,NNGO
2026-01,Blue Nile,Baw,Protection,National Organization for Sustainable Rural Development,NORD,NNGO
2026-01,North Darfur,Tawila,Protection,INTERSOS,INTERSOS,INGO
2026-01,Aj Jazirah,Al Hasahisa,Protection,National Units for Mine Action and Development Organization,NUMAD,NNGO
2026-01,South Darfur,Nyala Janoub,Nutrition,CARE International in Sudan,CARE,INGO
2026-01,Gedaref,Al Galabat Al Gharbyah - Kassab,Protection,Friends of Peace & Development Organization,FPDO,NNGO
2026-01,White Nile,Um Rimta,Protection,JASMAR Human Security Organization,JHSO,NNGO
2026-01,White Nile,Al Gitaina,Protection,JASMAR Human Security Organization,JHSO,NNGO
2026-01,Khartoum,Karrari,Protection,JASMAR Human Security Organization,JHSO,NNGO
2026-01,Aj Jazirah,Sharg Al Jazirah,Protection,JASMAR Human Security Organization,JHSO,NNGO
2026-01,Abyei PCA,Abyei PCA area,Protection,Danish Refugee Council,DRC,INGO
2026-01,Gedaref,Galabat Ash-Shargiah,Protection,Islamic Relief Worldwide,IRW,INGO
2026-01,Aj Jazirah,Janub Al Jazirah,Protection,CAFA Development Organization,CAFA,NNGO
2026-01,Central Darfur,Wasat Jabal Marrah,Protection,Islamic Relief Worldwide,IRW,INGO
2026-01,Red Sea,Port Sudan,Coordination and Common Services,Secours Islamique France,SIF,INGO
2026-01,North Darfur,Tawila,Protection,Triangle Génération Humanitaire,TGH,INGO
2026-01,Red Sea,Port Sudan,Food Security and Livelihoods,Secours Islamique France,SIF,INGO
2026-01,Kassala,Reifi Aroma,Health,CARE International in Sudan,CARE,INGO
2026-01,Gedaref,Al Galabat Al Gharbyah - Kassab,Protection,Islamic Relief Worldwide,IRW,INGO
2026-01,Khartoum,Khartoum,Health,CARE International in Sudan,CARE,INGO
2026-01,North Darfur,Melit,Protection,Humanity for Development and Prosperity Organization,HDPO,NNGO
2026-01,Khartoum,Jebel Awlia,Health,Almanar Voluntary Organization,AMVO,NNGO
2026-01,Kassala,Madeinat Kassala,Protection,Woman and Child Care Organization,WCC,INGO
2026-01,Blue Nile,Baw,Protection,Pan Health Care Organization,PHCO,NNGO
2026-01,Khartoum,Jebel Awlia,Health,CARE International in Sudan,CARE,INGO
2026-01,South Darfur,Nyala Shimal,Protection,Peace Bridge Association,PBA,NNGO
2026-01,West Kordofan,An Nuhud,Health,Islamic Relief Worldwide,IRW,INGO
2026-01,Khartoum,Karrari,Health,CARE International in Sudan,CARE,INGO
2026-01,Central Darfur,Gharb Jabal Marrah,Health,Islamic Relief Worldwide,IRW,INGO
2026-01,Gedaref,Madeinat Al Gedaref,Multi-Purpose Cash,Danish Refugee Council,DRC,INGO
2026-01,Gedaref,Al Galabat Al Gharbyah - Kassab,Multi-Purpose Cash,Danish Refugee Council,DRC,INGO
2026-01,East Darfur,Bahr Al Arab,Health,CARE International in Sudan,CARE,INGO
2026-01,Gedaref,Wasat Al Gedaref,Multi-Purpose Cash,Danish Refugee Council,DRC,INGO
2026-01,North Darfur,Tawila,Health,The Alliance for International Medical Action,ALIMA,INGO
2026-01,South Kordofan,Ghadeer,Nutrition,CARE International in Sudan,CARE,INGO
2026-01,River Nile,Al Matama,Health,Building Foundation for Development,BFD,NNGO
2026-01,South Kordofan,Abu Jubayhah,Nutrition,CARE International in Sudan,CARE,INGO
2026-01,West Darfur,Kereneik,Multi-Purpose Cash,World Relief,WR,INGO
2026-01,South Darfur,Nyala Shimal,Health,Rufaida Health Foundation,RHF,NNGO
2026-01,South Darfur,Ed Al Fursan,Health,Rufaida Health Foundation,RHF,NNGO
2026-01,West Darfur,Ag Geneina,Multi-Purpose Cash,World Relief,WR,INGO
2026-01,East Darfur,Ad Du'ayn,Health,CARE International in Sudan,CARE,INGO
2026-01,South Kordofan,Abassiya,Nutrition,CARE International in Sudan,CARE,INGO
2026-01,South Darfur,Rehaid Albirdi,Health,Rufaida Health Foundation,RHF,NNGO
2026-01,East Darfur,Ad Du'ayn,Food Security and Livelihoods,World Vision International,WVI,INGO
2026-01,South Darfur,Um Dafoug,Health,Rufaida Health Foundation,RHF,NNGO
2026-01,Aj Jazirah,Al Kamlin,Health,CARE International in Sudan,CARE,INGO
2026-01,Kassala,Reifi Aroma,Nutrition,CARE International in Sudan,CARE,INGO
2026-01,Kassala,Reifi Wad Elhilaiw,Nutrition,CARE International in Sudan,CARE,INGO
2026-01,Northern,Ad Dabbah,Health,Al-Sadagat organization,Al-SO,NNGO
2026-01,South Darfur,Nyala Janoub,Multi-Purpose Cash,Rural Development Organization,RDO,NNGO
2026-01,North Darfur,Tawila,Food Security and Livelihoods,Adventist Development and Relief Agency,ADRA,INGO
2026-01,Kassala,Madeinat Kassala,Nutrition,CARE International in Sudan,CARE,INGO
2026-01,Aj Jazirah,Al Kamlin,Nutrition,CARE International in Sudan,CARE,INGO
2026-01,South Darfur,Nyala Shimal,Multi-Purpose Cash,Rural Development Organization,RDO,NNGO
2026-01,North Darfur,Tawila,Nutrition,CARE International in Sudan,CARE,INGO
2026-01,Aj Jazirah,Medani Al Kubra,Food Security and Livelihoods,Adventist Development and Relief Agency,ADRA,INGO
2026-01,East Darfur,Abu Jabrah,Nutrition,CARE International in Sudan,CARE,INGO
2026-01,South Darfur,Beliel,Multi-Purpose Cash,Rural Development Organization,RDO,NNGO
2026-01,East Darfur,Bahr Al Arab,Multi-Purpose Cash,World Vision International,WVI,INGO
2026-01,Khartoum,Jebel Awlia,Nutrition,CARE International in Sudan,CARE,INGO
2026-01,Red Sea,Port Sudan,Multi-Purpose Cash,Welthungerhilfe,WHH,INGO
2026-01,North Darfur,Tawila,Multi-Purpose Cash,Sahari Organization For Development,SAHARI,NNGO
2026-01,South Darfur,Beliel,Nutrition,CARE International in Sudan,CARE,INGO
2026-01,River Nile,Ad Damar,Multi-Purpose Cash,Welthungerhilfe,WHH,INGO
2026-01,Khartoum,Khartoum,Nutrition,CARE International in Sudan,CARE,INGO
2026-01,Khartoum,Karrari,Nutrition,CARE International in Sudan,CARE,INGO
2026-01,Aj Jazirah,Medani Al Kubra,Nutrition,Building Foundation for Development,BFD,NNGO
2026-01,East Darfur,Shia'ria,Health,Almanar Voluntary Organization,AMVO,NNGO
2026-01,South Kordofan,Kadugli,Multi-Purpose Cash,Save the Children International,SCI,INGO
2026-01,Red Sea,Port Sudan,Multi-Purpose Cash,Save the Children International,SCI,INGO
2026-01,East Darfur,Al Firdous,Food Security and Livelihoods,World Vision International,WVI,INGO
2026-01,North Kordofan,Sheikan,Multi-Purpose Cash,Save the Children International,SCI,INGO
2026-01,Central Darfur,Zalingi,Multi-Purpose Cash,Save the Children International,SCI,INGO
2026-01,Aj Jazirah,Sharg Al Jazirah,Nutrition,Building Foundation for Development,BFD,NNGO
2026-01,North Darfur,Saraf Omra,Multi-Purpose Cash,Kabkabiya Small holders Charitable Society,KSCS,NNGO
2026-01,Gedaref,Wasat Al Gedaref,Multi-Purpose Cash,Save the Children International,SCI,INGO
2026-01,Aj Jazirah,Al Manaqil,Multi-Purpose Cash,Save the Children International,SCI,INGO
2026-01,South Kordofan,Abu Jubayhah,Multi-Purpose Cash,Save the Children International,SCI,INGO
2026-01,South Kordofan,Dilling,Multi-Purpose Cash,Save the Children International,SCI,INGO
2026-01,Red Sea,Jubayt Elma'aadin,Multi-Purpose Cash,Save the Children International,SCI,INGO
2026-01,South Darfur,Nyala Shimal,Food Security and Livelihoods,Veterinaires Sans Frontières Germany,VSF-G,INGO
2026-01,North Darfur,Kebkabiya,Multi-Purpose Cash,Kabkabiya Small holders Charitable Society,KSCS,NNGO
2026-01,South Darfur,Nyala Janoub,Health,Sudanese Red Crescent Society,SRCS,Red Cross
2026-01,South Darfur,Beliel,Health,Sudanese Red Crescent Society,SRCS,Red Cross
2026-01,South Darfur,Mershing,Food Security and Livelihoods,Veterinaires Sans Frontières Germany,VSF-G,INGO
2026-01,Khartoum,Um Durman,Health,Sudanese Red Crescent Society,SRCS,Red Cross
2026-01,Kassala,Reifi Aroma,Health,Sudanese Red Crescent Society,SRCS,Red Cross
2026-01,Gedaref,Al Galabat Al Gharbyah - Kassab,Health,Sudanese Red Crescent Society,SRCS,Red Cross
2026-01,Aj Jazirah,Janub Al Jazirah,Health,Sudanese Red Crescent Society,SRCS,Red Cross
2026-01,South Darfur,Nitega,Food Security and Livelihoods,Veterinaires Sans Frontières Germany,VSF-G,INGO
2026-01,Aj Jazirah,Um Algura,Health,Sudanese Red Crescent Society,SRCS,Red Cross
2026-01,Central Darfur,Bendasi,Health,Sudanese Red Crescent Society,SRCS,Red Cross
2026-01,North Darfur,Al Fasher,Multi-Purpose Cash,Plan International,PI,INGO
2026-01,West Kordofan,Al Meiram,Multi-Purpose Cash,Concern WorldWide,CWW,INGO
2026-01,Central Darfur,Wadi Salih,Health,Sudanese Red Crescent Society,SRCS,Red Cross
2026-01,Central Darfur,Zalingi,Health,Sudanese Red Crescent Society,SRCS,Red Cross
2026-01,South Darfur,As Salam - SD,Food Security and Livelihoods,Veterinaires Sans Frontières Germany,VSF-G,INGO
2026-01,White Nile,Kosti,Food Security and Livelihoods,Norwegian Refugee Council,NRC,INGO
2026-01,South Darfur,Buram,Food Security and Livelihoods,Veterinaires Sans Frontières Germany,VSF-G,INGO
2026-01,White Nile,Kosti,Health,Action Against Hunger,AAH,INGO
2026-01,White Nile,Ad Diwaim,Health,Action Against Hunger,AAH,INGO
2026-01,West Kordofan,Abyei,Health,Concern WorldWide,CWW,INGO
2026-01,West Darfur,Foro Baranga,Health,Dar for Community Development,DCD,NNGO
2026-01,South Kordofan,Talawdi,Health,Goal Global,GOAL,INGO
2026-01,South Kordofan,Ar Rashad,Health,Goal Global,GOAL,INGO
2026-01,South Kordofan,Dilling,Health,Goal Global,GOAL,INGO
2026-01,South Kordofan,Al Leri,Health,Concern WorldWide,CWW,INGO
2026-01,South Kordofan,Abu Jubayhah,Health,Save the Children International,SCI,INGO
2026-01,South Darfur,Nyala Janoub,Health,CARE International in Sudan,CARE,INGO
2026-01,South Darfur,Kas,Health,CARE International in Sudan,CARE,INGO
2026-01,South Darfur,Ed Al Fursan,Food Security and Livelihoods,Veterinaires Sans Frontières Germany,VSF-G,INGO
2026-01,South Darfur,Ed Al Fursan,Health,CARE International in Sudan,CARE,INGO
2026-01,North Darfur,Dar As Salam,Multi-Purpose Cash,Tabasheer for Aid and Development Organization,TADO,NNGO
2026-01,Red Sea,Port Sudan,Health,INTERSOS,INTERSOS,INGO
2026-01,Red Sea,Sawakin,Health,Save the Children International,SCI,INGO
2026-01,Northern,Al Burgaig,Health,Medecins Sans Frontieres,MSF,INGO
2026-01,Khartoum,Karrari,Nutrition,Almanar Voluntary Organization,AMVO,NNGO
2026-01,Khartoum,Karrari,Health,Sudanese American Physicians Association,SAPA,INGO
2026-01,Khartoum,Sharg An Neel,Health,Medecins Sans Frontieres - Switzerland,MSF - Switzerland,INGO
2026-01,Khartoum,Sharg An Neel,Health,Medecins Sans Frontieres,MSF,INGO
2026-01,Central Darfur,Azum,Health,International Medical Corps,IMC,INGO
2026-01,East Darfur,Shia'ria,Nutrition,Almanar Voluntary Organization,AMVO,NNGO
2026-01,South Darfur,Kas,Food Security and Livelihoods,Veterinaires Sans Frontières Germany,VSF-G,INGO
2026-01,Central Darfur,Um Dukhun,Health,INTERSOS,INTERSOS,INGO
2026-01,Sennar,Sennar,Food Security and Livelihoods,Alegtinam Human Development Organization,AHDO,INGO
2026-01,Central Darfur,Mukjar,Health,International Medical Corps,IMC,INGO
2026-01,Blue Nile,Geisan,Health,International Medical Corps,IMC,INGO
2026-01,Blue Nile,Ed Damazine,Health,Medecins Sans Frontieres - Belgium,MSF/Belgium,INGO
2026-01,Khartoum,Jebel Awlia,Nutrition,Almanar Voluntary Organization,AMVO,NNGO
2026-01,North Darfur,Tawila,Health,Save the Children International,SCI,INGO
2026-01,North Darfur,Dar As Salam,Health,Patient Helping Fund,PHF,NNGO
2026-01,North Darfur,Kutum,Health,Goal Global,GOAL,INGO
2026-01,Gedaref,Madeinat Al Gedaref,Multi-Purpose Cash,Patient Helping Fund,PHF,NNGO
2026-01,North Darfur,Dar As Salam,Health,Tabasheer for Aid and Development Organization,TADO,NNGO
2026-01,Kassala,Halfa Aj Jadeedah,Health,WE ARE ALIGHT,ALIGHT,INGO
2026-01,Kassala,Madeinat Kassala,Health,WE ARE ALIGHT,ALIGHT,INGO
2026-01,Kassala,Reifi Wad Elhilaiw,Health,JASMAR Human Security Organization,JHSO,NNGO
2026-01,Kassala,Madeinat Kassala,Health,Patient Helping Fund,PHF,NNGO
2026-01,Gedaref,Galabat Ash-Shargiah,Health,Medecins Sans Frontieres,MSF,INGO
2026-01,Gedaref,Al Mafaza,Health,Medecins Sans Frontieres,MSF,INGO
2026-01,South Kordofan,Al Leri,Nutrition,Almanar Voluntary Organization,AMVO,NNGO
2026-01,Gedaref,Al Fao,Health,Medecins Sans Frontieres,MSF,INGO
2026-01,Gedaref,Wasat Al Gedaref,Multi-Purpose Cash,Patient Helping Fund,PHF,NNGO
2026-01,West Darfur,Ag Geneina,Food Security and Livelihoods,Adventist Development and Relief Agency,ADRA,INGO
2026-01,Central Darfur,Shamal Jabal Marrah,Food Security and Livelihoods,Veterinaires Sans Frontières Germany,VSF-G,INGO
2026-01,North Darfur,At Tina,Nutrition,"Aljuzur Organization for Peace, Rehabilitation and Development",JPRD,NNGO
2026-01,North Darfur,Um Baru,Nutrition,"Aljuzur Organization for Peace, Rehabilitation and Development",JPRD,NNGO
2026-01,West Darfur,Kereneik,Food Security and Livelihoods,Adventist Development and Relief Agency,ADRA,INGO
2026-01,Central Darfur,Wasat Jabal Marrah,Food Security and Livelihoods,Veterinaires Sans Frontières Germany,VSF-G,INGO
2026-01,North Darfur,Kernoi,Nutrition,"Aljuzur Organization for Peace, Rehabilitation and Development",JPRD,NNGO
2026-01,Central Darfur,Mukjar,Food Security and Livelihoods,Veterinaires Sans Frontières Germany,VSF-G,INGO
2026-01,Sennar,Ad Dali,Food Security and Livelihoods,Alegtinam Human Development Organization,AHDO,INGO
2026-01,South Darfur,Kas,Multi-Purpose Cash,Veterinaires Sans Frontières Germany,VSF-G,INGO
2026-01,Khartoum,Um Durman,Health,Pan Health Care Organization,PHCO,NNGO
2026-01,Khartoum,Khartoum,Health,Pan Health Care Organization,PHCO,NNGO
2026-01,White Nile,Kosti,Health,Addition for Disasters assistance and Development,ADD,NNGO
2026-01,Gedaref,Madeinat Al Gedaref,Health,Sudanese American Physicians Association,SAPA,INGO
2026-01,Kassala,Madeinat Kassala,Health,Sudanese American Physicians Association,SAPA,INGO
2026-01,Khartoum,Jebel Awlia,Health,Sudanese American Physicians Association,SAPA,INGO
2026-01,Central Darfur,Wadi Salih,Health,Sudan Family Planning Association,SFPA,NNGO
2026-01,Aj Jazirah,Al Manaqil,Health,Sudan Family Planning Association,SFPA,NNGO
2026-01,Aj Jazirah,Janub Al Jazirah,Health,Sudan Family Planning Association,SFPA,NNGO
2026-01,Aj Jazirah,Sharg Al Jazirah,Health,Sudan Family Planning Association,SFPA,NNGO
2026-01,North Kordofan,Sheikan,Health,Sudan Family Planning Association,SFPA,NNGO
2026-01,Aj Jazirah,Medani Al Kubra,Health,Sudan Family Planning Association,SFPA,NNGO
2026-01,North Darfur,Dar As Salam,Health,Sudan Family Planning Association,SFPA,NNGO
2026-01,Northern,Dongola,Health,Building Foundation for Development,BFD,NNGO
2026-01,Blue Nile,Ed Damazine,Health,Sudan Family Planning Association,SFPA,NNGO
2026-01,Gedaref,Al Fao,Multi-Purpose Cash,Welthungerhilfe,WHH,INGO
2026-01,Gedaref,Madeinat Al Gedaref,Multi-Purpose Cash,Welthungerhilfe,WHH,INGO
2026-01,Sennar,Sinja,Food Security and Livelihoods,Alegtinam Human Development Organization,AHDO,INGO
2026-01,South Kordofan,Al Leri,Health,Almanar Voluntary Organization,AMVO,NNGO
2026-01,Gedaref,Wasat Al Gedaref,Health,WE ARE ALIGHT,ALIGHT,INGO
2026-01,River Nile,Barbar,Health,Building Foundation for Development,BFD,NNGO
2026-01,West Darfur,Kereneik,Food Security and Livelihoods,Solidarites International,SI,INGO
2026-01,West Darfur,Sirba,Food Security and Livelihoods,Solidarites International,SI,INGO
2026-01,Central Darfur,Zalingi,Food Security and Livelihoods,Solidarites International,SI,INGO
2026-01,North Darfur,Tawila,Food Security and Livelihoods,Solidarites International,SI,INGO
2026-01,Sennar,Abu Hujar,Food Security and Livelihoods,Alegtinam Human Development Organization,AHDO,INGO
2026-01,Kassala,Reifi Kassla,Health,WE ARE ALIGHT,ALIGHT,INGO
2026-01,Aj Jazirah,Sharg Al Jazirah,Health,International Rescue Committee,IRC,INGO
2026-01,Aj Jazirah,Al Hasahisa,Health,International Rescue Committee,IRC,INGO
2026-01,Aj Jazirah,Medani Al Kubra,Health,International Rescue Committee,IRC,INGO
2026-01,Aj Jazirah,Janub Al Jazirah,Health,International Rescue Committee,IRC,INGO
2026-01,Blue Nile,Baw,Health,International Rescue Committee,IRC,INGO
2026-01,Blue Nile,Wad Al Mahi,Health,International Rescue Committee,IRC,INGO
2026-01,White Nile,Rabak,Food Security and Livelihoods,Alegtinam Human Development Organization,AHDO,INGO
2026-01,Blue Nile,Ar Rusayris,Health,International Rescue Committee,IRC,INGO
2026-01,White Nile,Kosti,Food Security and Livelihoods,Alegtinam Human Development Organization,AHDO,INGO
2026-01,Gedaref,Al Mafaza,Health,International Rescue Committee,IRC,INGO
2026-01,Gedaref,Ar Rahad-GD,Health,International Rescue Committee,IRC,INGO
2026-01,West Kordofan,Ghubaish,Nutrition,WE ARE ALIGHT,ALIGHT,INGO
2026-01,Gedaref,Al Galabat Al Gharbyah - Kassab,Health,International Rescue Committee,IRC,INGO
2026-01,Khartoum,Karrari,Health,International Rescue Committee,IRC,INGO
2026-01,Gedaref,Gala'a Al Nahal,Health,Save the Children International,SCI,INGO
2026-01,River Nile,Atbara,Health,International Rescue Committee,IRC,INGO
2026-01,Gedaref,Wasat Al Gedaref,Nutrition,WE ARE ALIGHT,ALIGHT,INGO
2026-01,River Nile,Shendi,Health,International Rescue Committee,IRC,INGO
2026-01,West Kordofan,Abu Zabad,Nutrition,WE ARE ALIGHT,ALIGHT,INGO
2026-01,Aj Jazirah,Medani Al Kubra,Nutrition,WE ARE ALIGHT,ALIGHT,INGO
2026-01,River Nile,Atbara,Health,Building Foundation for Development,BFD,NNGO
2026-01,West Kordofan,Babanusa,Nutrition,WE ARE ALIGHT,ALIGHT,INGO
2026-01,Gedaref,Madeinat Al Gedaref,Health,Save the Children International,SCI,INGO
2026-01,River Nile,Atbara,WASH,Muslim Hands United for The Needy,Muslim Hands,INGO
2026-01,West Kordofan,As Salam - WK,Nutrition,WE ARE ALIGHT,ALIGHT,INGO
2026-01,West Kordofan,Keilak,Nutrition,WE ARE ALIGHT,ALIGHT,INGO
2026-01,West Kordofan,As Salam - WK,Health,Concern WorldWide,CWW,INGO
2026-01,West Kordofan,Al Lagowa,Health,Concern WorldWide,CWW,INGO
2026-01,West Kordofan,Abu Zabad,Health,Concern WorldWide,CWW,INGO
2026-01,West Kordofan,Al Meiram,Health,Concern WorldWide,CWW,INGO
2026-01,West Kordofan,Al Dibab,Health,Concern WorldWide,CWW,INGO
2026-01,River Nile,Al Buhaira,Health,Building Foundation for Development,BFD,NNGO
2026-01,Abyei PCA,Abyei PCA area,Health,Hope and Friendship for Development Organization,HFDO,NNGO
2026-01,Central Darfur,Azum,Health,Hope and Friendship for Development Organization,HFDO,NNGO
2026-01,Central Darfur,Mukjar,Health,Hope and Friendship for Development Organization,HFDO,NNGO
2026-01,Gedaref,Wasat Al Gedaref,Health,Save the Children International,SCI,INGO
2026-01,West Darfur,Kulbus,Health,Concern WorldWide,CWW,INGO
2026-01,West Darfur,Jebel Moon,Health,Concern WorldWide,CWW,INGO
2026-01,Central Darfur,Azum,Health,Concern WorldWide,CWW,INGO
2026-01,West Darfur,Ag Geneina,Health,Concern WorldWide,CWW,INGO
2026-01,West Darfur,Kereneik,Health,Concern WorldWide,CWW,INGO
2026-01,Blue Nile,Al Kurmuk,Health,Medair,Medair,INGO
2026-01,West Kordofan,Keilak,Health,WE ARE ALIGHT,ALIGHT,INGO
2026-01,West Darfur,Foro Baranga,Food Security and Livelihoods,Triangle Génération Humanitaire,TGH,INGO
2026-01,Kassala,Halfa Aj Jadeedah,Education,Al-Sadagat organization,Al-SO,NNGO
2026-01,Kassala,Madeinat Kassala,Education,Al-Sadagat organization,Al-SO,NNGO
2026-01,East Darfur,Ad Du'ayn,Education,Al-Sadagat organization,Al-SO,NNGO
2026-01,Aj Jazirah,Sharg Al Jazirah,Health,Building Foundation Development/Benna,BFD/B,INGO
2026-01,South Darfur,Beliel,Education,Al-Sadagat organization,Al-SO,NNGO
2026-01,South Darfur,Kas,Education,Al-Sadagat organization,Al-SO,NNGO
2026-01,South Darfur,Kateila,Education,Al-Sadagat organization,Al-SO,NNGO
2026-01,South Darfur,As Salam - SD,Education,Al-Sadagat organization,Al-SO,NNGO
2026-01,Gedaref,Wasat Al Gedaref,Education,Al-Sadagat organization,Al-SO,NNGO
2026-01,Northern,Merwoe,Education,Auttash Organization for Peace and Development,AUTASH,NNGO
2026-01,Northern,Halfa,Education,Auttash Organization for Peace and Development,AUTASH,NNGO
2026-01,Northern,Dongola,Education,Auttash Organization for Peace and Development,AUTASH,NNGO
2026-01,Gedaref,Ar Rahad-GD,Education,Rural Community Development Organization,RCDO,NNGO
2026-01,Central Darfur,Shamal Jabal Marrah,Education,Save the Children International,SCI,INGO
2026-01,South Kordofan,Abu Jubayhah,Shelter and NFIs,Save the Children International,SCI,INGO
2026-01,North Darfur,Tawila,Education,Depth Action Organization,DAO,NNGO
2026-01,North Darfur,Tawila,Shelter and NFIs,Save the Children International,SCI,INGO
2026-01,Blue Nile,Ed Damazine,Education,Islamic Relief Worldwide,IRW,INGO
2026-01,West Darfur,Ag Geneina,Shelter and NFIs,Save the Children International,SCI,INGO
2026-01,South Darfur,Nyala Janoub,Shelter and NFIs,MERCY CORPS,MC,INGO
2026-01,Gedaref,Basundah,Education,Islamic Relief Worldwide,IRW,INGO
2026-01,North Darfur,Tawila,Shelter and NFIs,Africa Humanitarian Action,AHA,INGO
2026-01,Gedaref,Madeinat Al Gedaref,Shelter and NFIs,Sudanese Organisation for Relief and Recovery,SORR,NNGO
2026-01,Gedaref,Galabat Ash-Shargiah,Education,Islamic Relief Worldwide,IRW,INGO
2026-01,White Nile,Kosti,Shelter and NFIs,Sudanese Red Crescent Society,SRCS,Red Cross
2026-01,Gedaref,Al Mafaza,Education,Islamic Relief Worldwide,IRW,INGO
2026-01,North Darfur,Tawila,Shelter and NFIs,Plan International,PI,INGO
2026-01,Khartoum,Sharg An Neel,Shelter and NFIs,Human Appeal - UK,HA UK,INGO
2026-01,Kassala,Reifi Nahr Atbara,Shelter and NFIs,WE ARE ALIGHT,ALIGHT,INGO
2026-01,North Kordofan,Um Rawaba,Education,Save the Children International,SCI,INGO
2026-01,Kassala,Reifi Khashm Elgirba,Shelter and NFIs,WE ARE ALIGHT,ALIGHT,INGO
2026-01,Blue Nile,Ed Damazine,Education,Save the Children International,SCI,INGO
2026-01,North Kordofan,Ar Rahad-NK,Shelter and NFIs,LM International (formerly known as International Aid Services),LM/IAS,INGO
2026-01,North Kordofan,Ar Rahad-NK,Education,Save the Children International,SCI,INGO
2026-01,Kassala,Halfa Aj Jadeedah,Shelter and NFIs,WE ARE ALIGHT,ALIGHT,INGO
2026-01,North Kordofan,Sheikan,Education,Save the Children International,SCI,INGO
2026-01,Sennar,Sennar,Shelter and NFIs,Relief International,RI,INGO
2026-01,South Darfur,Kas,Education,Norwegian Refugee Council,NRC,INGO
2026-01,South Darfur,Nitega,Education,Norwegian Refugee Council,NRC,INGO
2026-01,South Darfur,Tulus,Health,Medair,Medair,INGO
2026-01,North Darfur,Tawila,Education,Plan International,PI,INGO
2026-01,North Darfur,Dar As Salam,Education,Plan International,PI,INGO
2026-01,West Kordofan,Babanusa,Health,WE ARE ALIGHT,ALIGHT,INGO
2026-01,Central Darfur,Gharb Jabal Marrah,Education,Save the Children International,SCI,INGO
2026-01,Central Darfur,Wasat Jabal Marrah,Education,Save the Children International,SCI,INGO
2026-01,Red Sea,Port Sudan,Emergency Telecommunications,World Food Programme,WFP,UN Agency
2026-01,River Nile,Ad Damar,Education,Save the Children International,SCI,INGO
2026-01,River Nile,Atbara,Education,Save the Children International,SCI,INGO
2026-01,White Nile,Kosti,Emergency Telecommunications,World Food Programme,WFP,UN Agency
2026-01,Gedaref,Madeinat Al Gedaref,Emergency Telecommunications,World Food Programme,WFP,UN Agency
2026-01,Blue Nile,Ed Damazine,Emergency Telecommunications,World Food Programme,WFP,UN Agency
2026-01,Kassala,Madeinat Kassala,Emergency Telecommunications,World Food Programme,WFP,UN Agency
2026-01,River Nile,Atbara,Emergency Telecommunications,World Food Programme,WFP,UN Agency
2026-01,Khartoum,Khartoum,Emergency Telecommunications,World Food Programme,WFP,UN Agency
2026-01,Sennar,Sharg Sennar,Education,Save the Children International,SCI,INGO
2026-01,South Kordofan,Kadugli,Education,Plan International,PI,INGO
2026-01,Blue Nile,Baw,Education,National Organization for Sustainable Rural Development,NORD,NNGO
2026-01,North Kordofan,Sheikan,Education,Plan International,PI,INGO
2026-01,Blue Nile,Wad Al Mahi,Education,Save the Children International,SCI,INGO
2026-01,East Darfur,Yassin,WASH,WE ARE ALIGHT,ALIGHT,INGO
2026-01,East Darfur,Adila,WASH,WE ARE ALIGHT,ALIGHT,INGO
2026-01,Blue Nile,At Tadamon - BN,Education,Save the Children International,SCI,INGO
2026-01,South Darfur,As Salam - SD,WASH,WE ARE ALIGHT,ALIGHT,INGO
2026-01,East Darfur,Ad Du'ayn,WASH,WE ARE ALIGHT,ALIGHT,INGO
2026-01,South Darfur,Beliel,WASH,WE ARE ALIGHT,ALIGHT,INGO
2026-01,East Darfur,Abu Karinka,WASH,WE ARE ALIGHT,ALIGHT,INGO
2026-01,Gedaref,Wasat Al Gedaref,WASH,WE ARE ALIGHT,ALIGHT,INGO
2026-01,South Darfur,Nyala Shimal,WASH,WE ARE ALIGHT,ALIGHT,INGO
2026-01,Gedaref,Ar Rahad-GD,WASH,WE ARE ALIGHT,ALIGHT,INGO
2026-01,South Darfur,Nyala Janoub,Education,Norwegian Refugee Council,NRC,INGO
2026-01,South Darfur,Gereida,WASH,WE ARE ALIGHT,ALIGHT,INGO
2026-01,South Darfur,Nyala Shimal,Education,Norwegian Refugee Council,NRC,INGO
2026-01,West Kordofan,Abu Zabad,Health,WE ARE ALIGHT,ALIGHT,INGO
2026-01,Blue Nile,Ed Damazine,Education,United Nations Children's Fund,UNICEF,UN Agency
2026-01,Gedaref,Madeinat Al Gedaref,WASH,WE ARE ALIGHT,ALIGHT,INGO
2026-01,South Darfur,Nyala Janoub,WASH,WE ARE ALIGHT,ALIGHT,INGO
2026-01,Gedaref,Al Fashaga,WASH,WE ARE ALIGHT,ALIGHT,INGO
2026-01,South Darfur,Beliel,Education,Norwegian Refugee Council,NRC,INGO
2026-01,North Darfur,Tawila,WASH,Dar for Community Development,DCD,NNGO
2026-01,Blue Nile,Ed Damazine,Education,Child Development Foundation,CDF,NNGO
2026-01,North Darfur,Saraf Omra,WASH,Dar for Community Development,DCD,NNGO
2026-01,Kassala,Reifi Nahr Atbara,Education,Plan International,PI,INGO
2026-01,Blue Nile,Ed Damazine,WASH,International Medical Corps,IMC,INGO
2026-01,Khartoum,Um Bada,WASH,Hope and Friendship for Development Organization,HFDO,NNGO
2026-01,South Darfur,Nyala Janoub,Education,Save the Children International,SCI,INGO
2026-01,Central Darfur,Azum,WASH,Triangle Génération Humanitaire,TGH,INGO
2026-01,West Kordofan,Ghubaish,WASH,LM International,LMI,INGO
2026-01,Kassala,Halfa Aj Jadeedah,Education,Plan International,PI,INGO
2026-01,White Nile,Rabak,WASH,Catholic Agency for Overseas Development,CAFOD,INGO
2026-01,Kassala,Madeinat Kassala,Education,Plan International,PI,INGO
2026-01,Khartoum,Um Bada,WASH,LM International,LMI,INGO
2026-01,Khartoum,Bahri,WASH,Relief International,RI,INGO
2026-01,Central Darfur,Gharb Jabal Marrah,WASH,Danish Refugee Council,DRC,INGO
2026-01,West Darfur,Ag Geneina,Education,LM International,LMI,INGO
2026-01,North Darfur,Tawila,WASH,Triangle Génération Humanitaire,TGH,INGO
2026-01,Central Darfur,Wasat Jabal Marrah,WASH,Danish Refugee Council,DRC,INGO
2026-01,South Darfur,Nyala Shimal,Education,Save the Children International,SCI,INGO
2026-01,Gedaref,Wasat Al Gedaref,WASH,Rural Community Development Organization,RCDO,NNGO
2026-01,Northern,Ad Dabbah,Education,Child Development Foundation,CDF,NNGO
2026-01,Central Darfur,Wasat Jabal Marrah,WASH,Triangle Génération Humanitaire,TGH,INGO
2026-01,Gedaref,Al Galabat Al Gharbyah - Kassab,WASH,Rural Community Development Organization,RCDO,NNGO
2026-01,White Nile,Ad Diwaim,WASH,Action Against Hunger,AAH,INGO
2026-01,River Nile,Atbara,WASH,Save the Children International,SCI,INGO
2026-01,White Nile,Aj Jabalain,WASH,Action Against Hunger,AAH,INGO
2026-01,White Nile,Kosti,WASH,Action Against Hunger,AAH,INGO
2026-01,White Nile,Al Gitaina,WASH,Action Against Hunger,AAH,INGO
2026-01,White Nile,Rabak,WASH,Action Against Hunger,AAH,INGO
2026-01,White Nile,Kosti,WASH,Act Appeal,Act Appeal,INGO
2026-01,Aj Jazirah,Al Hasahisa,WASH,Save the Children International,SCI,INGO
2026-01,North Darfur,Tawila,Education,World Relief,WR,INGO
2026-01,Gedaref,Al Galabat Al Gharbyah - Kassab,WASH,ZOA International,ZOA,INGO
2026-01,East Darfur,Bahr Al Arab,Education,ZOA International,ZOA,INGO
2026-01,Central Darfur,Gharb Jabal Marrah,WASH,Dar for Community Development,DCD,NNGO
2026-01,Central Darfur,Zalingi,WASH,Triangle Génération Humanitaire,TGH,INGO
2026-01,White Nile,Guli,Education,Plan International,PI,INGO
2026-01,West Darfur,Ag Geneina,WASH,International Medical Corps,IMC,INGO
2026-01,White Nile,Um Rimta,Education,Plan International,PI,INGO
2026-01,White Nile,Ad Diwaim,Education,Plan International,PI,INGO
2026-01,North Kordofan,Sheikan,WASH,SOS Sahel Sudan Organization,SOS Sahel,NNGO
2026-01,South Darfur,Beliel,WASH,International Medical Corps,IMC,INGO
2026-01,Khartoum,Sharg An Neel,WASH,International Medical Corps,IMC,INGO
2026-01,North Kordofan,Sheikan,WASH,Save the Children International,SCI,INGO
2026-01,Blue Nile,Geisan,WASH,International Medical Corps,IMC,INGO
2026-01,West Darfur,Ag Geneina,Education,Norwegian Refugee Council,NRC,INGO
2026-01,Khartoum,Um Bada,WASH,Save the Children International,SCI,INGO
2026-01,Central Darfur,Zalingi,Education,Norwegian Refugee Council,NRC,INGO
2026-01,White Nile,Ad Diwaim,Education,Green Dream Organization,GDO,NNGO
2026-01,Gedaref,Madeinat Al Gedaref,WASH,Save the Children International,SCI,INGO
2026-01,Gedaref,Gala'a Al Nahal,WASH,Save the Children International,SCI,INGO
2026-01,White Nile,Rabak,Education,Green Dream Organization,GDO,NNGO
2026-01,West Darfur,Foro Baranga,WASH,Triangle Génération Humanitaire,TGH,INGO
2026-01,South Kordofan,Kadugli,Education,Ayadina For Sudan Development Organization,Ayadina,NNGO
2026-01,South Darfur,Beliel,Education,Child Development Foundation,CDF,NNGO
2026-01,West Kordofan,Ghubaish,Health,WE ARE ALIGHT,ALIGHT,INGO
2026-01,Khartoum,Bahri,WASH,Save the Children International,SCI,INGO
2026-01,Khartoum,Um Durman,WASH,Save the Children International,SCI,INGO
2026-01,South Darfur,Kas,Education,Child Development Foundation,CDF,NNGO
2026-01,White Nile,Kosti,WASH,Norwegian Refugee Council,NRC,INGO
2026-01,Red Sea,Port Sudan,Education,Save the Children International,SCI,INGO
2026-01,White Nile,Guli,WASH,Norwegian Refugee Council,NRC,INGO
2026-01,Aj Jazirah,Medani Al Kubra,WASH,Save the Children International,SCI,INGO
2026-01,Red Sea,Dordieb,Education,Save the Children International,SCI,INGO
2026-01,West Darfur,Ag Geneina,WASH,Triangle Génération Humanitaire,TGH,INGO
2026-01,Red Sea,Port Sudan,Education,AAR JAPAN,AAR JAPAN,INGO
2026-01,West Darfur,Kereneik,WASH,Triangle Génération Humanitaire,TGH,INGO
2026-01,White Nile,Aj Jabalain,WASH,Act Appeal,Act Appeal,INGO
2026-01,West Darfur,Sirba,WASH,Triangle Génération Humanitaire,TGH,INGO
2026-01,White Nile,Tendalti,WASH,Act Appeal,Act Appeal,INGO
2026-01,White Nile,Aj Jabalain,Education,Ayadina For Sudan Development Organization,Ayadina,NNGO
2026-01,Central Darfur,Wasat Jabal Marrah,WASH,Dar for Community Development,DCD,NNGO
2026-01,Blue Nile,Baw,WASH,International Medical Corps,IMC,INGO
2026-01,White Nile,Guli,WASH,Rural Community Development Organization,RCDO,NNGO
2026-01,North Darfur,Al Fasher,Education,Alnahda Organization For Peace And Development,AlNahda,NNGO
2026-01,North Kordofan,Um Rawaba,Education,Alsalam Organization for Rehabilitation and Development,AORD,NNGO
2026-01,North Kordofan,Ar Rahad-NK,Education,Alsalam Organization for Rehabilitation and Development,AORD,NNGO
2026-01,White Nile,Tendalti,WASH,Catholic Agency for Overseas Development,CAFOD,INGO
2026-01,North Kordofan,Sheikan,WASH,Alsalam Organization for Rehabilitation and Development,AORD,NNGO
2026-01,North Kordofan,Sheikan,Education,Alsalam Organization for Rehabilitation and Development,AORD,NNGO
2026-01,Aj Jazirah,Al Manaqil,WASH,Relief International,RI,INGO
2026-01,South Kordofan,Habila - SK,WASH,Save the Children International,SCI,INGO
2026-01,River Nile,Atbara,Education,Child Development Foundation,CDF,NNGO
2026-01,Sennar,Sennar,WASH,Save the Children International,SCI,INGO
2026-01,White Nile,As Salam / Ar Rawat,WASH,Norwegian Refugee Council,NRC,INGO
2026-01,Gedaref,Madeinat Al Gedaref,Education,Save the Children International,SCI,INGO
2026-01,South Kordofan,Ghadeer,WASH,Action Against Hunger,AAH,INGO
2026-01,River Nile,Al Buhaira,Education,Child Development Foundation,CDF,NNGO
2026-01,South Darfur,Sharg Aj Jabal,WASH,Dar for Community Development,DCD,NNGO
2026-01,River Nile,Abu Hamad,Education,Child Development Foundation,CDF,NNGO
2026-01,North Darfur,Tawila,WASH,Save the Children International,SCI,INGO
2026-01,Aj Jazirah,Medani Al Kubra,WASH,Relief International,RI,INGO
2026-01,Sennar,Sinja,WASH,Relief International,RI,INGO
2026-01,South Kordofan,Dilling,WASH,Save the Children International,SCI,INGO
2026-01,North Darfur,Tawila,WASH,Relief International,RI,INGO
2026-01,East Darfur,Ad Du'ayn,Education,ZOA International,ZOA,INGO
2026-01,Northern,Ad Dabbah,WASH,Relief International,RI,INGO
2026-01,Sennar,Ad Dinder,WASH,Relief International,RI,INGO
2026-01,Gedaref,Wasat Al Gedaref,WASH,Act Appeal,Act Appeal,INGO
2026-01,Gedaref,Wasat Al Gedaref,WASH,Relief International,RI,INGO
2026-01,North Darfur,Dar As Salam,Food Security and Livelihoods,SOS Sahel Sudan Organization,SOS Sahel,NNGO
2026-01,White Nile,Aj Jabalain,WASH,Norwegian Refugee Council,NRC,INGO
2026-01,North Darfur,Um Kadadah,Health,Sahari Organization For Development,SAHARI,NNGO
2026-01,Central Darfur,Gharb Jabal Marrah,WASH,Jabal Marra Charity Organization for Rural Development,JMCO,NNGO
2026-01,White Nile,Ad Diwaim,Food Security and Livelihoods,World Food Programme,WFP,UN Agency
2026-01,Central Darfur,Wasat Jabal Marrah,WASH,Jabal Marra Charity Organization for Rural Development,JMCO,NNGO
2026-01,South Kordofan,Talawdi,Food Security and Livelihoods,World Food Programme,WFP,UN Agency
2026-01,Gedaref,Wasat Al Gedaref,WASH,Save the Children International,SCI,INGO
2026-01,South Kordofan,Kadugli,Food Security and Livelihoods,World Food Programme,WFP,UN Agency
2026-01,South Kordofan,Heiban,Food Security and Livelihoods,World Food Programme,WFP,UN Agency
2026-01,South Kordofan,Ghadeer,Food Security and Livelihoods,World Food Programme,WFP,UN Agency
2026-01,South Kordofan,Al Leri,Food Security and Livelihoods,World Food Programme,WFP,UN Agency
2026-01,South Kordofan,Abu Jubayhah,Food Security and Livelihoods,World Food Programme,WFP,UN Agency
2026-01,West Kordofan,As Salam - WK,Health,WE ARE ALIGHT,ALIGHT,INGO
2026-01,South Kordofan,Abu Jubayhah,Multi-Purpose Cash,Alsalam Organization for Rehabilitation and Development,AORD,NNGO
2026-01,South Kordofan,Abu Jubayhah,Multi-Purpose Cash,CARE International in Sudan,CARE,INGO
2026-01,South Kordofan,Abassiya,Food Security and Livelihoods,World Food Programme,WFP,UN Agency
2026-01,South Darfur,Nyala Shimal,Food Security and Livelihoods,World Food Programme,WFP,UN Agency
2026-01,South Darfur,Nyala Janoub,Food Security and Livelihoods,World Food Programme,WFP,UN Agency
2026-01,Gedaref,Al Galabat Al Gharbyah - Kassab,Site Management,Danish Refugee Council,DRC,INGO
2026-01,North Darfur,Tawila,Site Management,Norwegian Refugee Council,NRC,INGO
2026-01,South Darfur,Kateila,Food Security and Livelihoods,World Food Programme,WFP,UN Agency
2026-01,South Darfur,Buram,Food Security and Livelihoods,World Food Programme,WFP,UN Agency
2026-01,South Darfur,Beliel,Food Security and Livelihoods,World Food Programme,WFP,UN Agency
2026-01,White Nile,Kosti,Food Security and Livelihoods,Humanitarian Assistance Program,ASSIST,INGO
2026-01,North Darfur,Tawila,Site Management,United Peace Organization,UPO,NNGO
2026-01,South Darfur,As Sunta,Food Security and Livelihoods,World Food Programme,WFP,UN Agency
2026-01,White Nile,Kosti,Site Management,Agency for Technical Cooperation and Development,ACTED,INGO
2026-01,South Darfur,Al Radoum,Food Security and Livelihoods,World Food Programme,WFP,UN Agency
2026-01,Central Darfur,Um Dukhun,Site Management,Danish Refugee Council,DRC,INGO
2026-01,Central Darfur,Wasat Jabal Marrah,Site Management,Danish Refugee Council,DRC,INGO
2026-01,Northern,Halfa,Food Security and Livelihoods,World Food Programme,WFP,UN Agency
2026-01,Central Darfur,Gharb Jabal Marrah,Site Management,Danish Refugee Council,DRC,INGO
2026-01,Northern,Ad Dabbah,Food Security and Livelihoods,World Food Programme,WFP,UN Agency
2026-01,White Nile,Aj Jabalain,Site Management,Agency for Technical Cooperation and Development,ACTED,INGO
2026-01,North Kordofan,Sheikan,Food Security and Livelihoods,World Food Programme,WFP,UN Agency
2026-01,North Darfur,Tawila,Food Security and Livelihoods,World Food Programme,WFP,UN Agency
2026-01,Blue Nile,Baw,Site Management,Agency for Technical Cooperation and Development,ACTED,INGO
2026-01,North Darfur,Melit,Food Security and Livelihoods,World Food Programme,WFP,UN Agency
2026-01,North Darfur,Kutum,Food Security and Livelihoods,World Food Programme,WFP,UN Agency
2026-01,North Darfur,At Tawisha,Food Security and Livelihoods,World Food Programme,WFP,UN Agency
2026-01,Gedaref,Al Galabat Al Gharbyah - Kassab,Site Management,Agency for Technical Cooperation and Development,ACTED,INGO
2026-01,Khartoum,Um Durman,Food Security and Livelihoods,World Food Programme,WFP,UN Agency
2026-01,Gedaref,Wasat Al Gedaref,Site Management,Agency for Technical Cooperation and Development,ACTED,INGO
2026-01,Khartoum,Um Bada,Food Security and Livelihoods,World Food Programme,WFP,UN Agency
2026-01,Khartoum,Sharg An Neel,Food Security and Livelihoods,World Food Programme,WFP,UN Agency
2026-01,Gedaref,Madeinat Al Gedaref,Site Management,Agency for Technical Cooperation and Development,ACTED,INGO
2026-01,Khartoum,Khartoum,Food Security and Livelihoods,World Food Programme,WFP,UN Agency
2026-01,Khartoum,Karrari,Food Security and Livelihoods,World Food Programme,WFP,UN Agency
2026-01,Khartoum,Um Durman,Health,Sudanese American Physicians Association,SAPA,INGO
2026-01,Khartoum,Jebel Awlia,Food Security and Livelihoods,World Food Programme,WFP,UN Agency
2026-01,Khartoum,Bahri,Food Security and Livelihoods,World Food Programme,WFP,UN Agency
2026-01,South Kordofan,Abu Jubayhah,Health,Sudanese American Physicians Association,SAPA,INGO
2026-01,Kassala,Madeinat Kassala,Food Security and Livelihoods,World Food Programme,WFP,UN Agency
2026-01,Red Sea,Port Sudan,Health,Sudanese American Physicians Association,SAPA,INGO
2026-01,Gedaref,Al Galabat Al Gharbyah - Kassab,Food Security and Livelihoods,World Food Programme,WFP,UN Agency
2026-01,East Darfur,Shia'ria,Food Security and Livelihoods,World Food Programme,WFP,UN Agency
2026-01,Blue Nile,Ed Damazine,Food Security and Livelihoods,World Food Programme,WFP,UN Agency
2026-01,Blue Nile,Baw,Food Security and Livelihoods,World Food Programme,WFP,UN Agency
2026-01,Blue Nile,Al Kurmuk,Food Security and Livelihoods,World Food Programme,WFP,UN Agency
2026-01,South Kordofan,Habila - SK,Food Security and Livelihoods,World Food Programme,WFP,UN Agency
2026-01,South Kordofan,Dilling,Food Security and Livelihoods,World Food Programme,WFP,UN Agency
2026-01,North Darfur,Al Fasher,Food Security and Livelihoods,World Food Programme,WFP,UN Agency
2026-01,North Kordofan,Um Rawaba,Food Security and Livelihoods,World Food Programme,WFP,UN Agency
2026-01,North Kordofan,Ar Rahad-NK,Food Security and Livelihoods,World Food Programme,WFP,UN Agency
2026-01,West Darfur,Kulbus,Food Security and Livelihoods,World Food Programme,WFP,UN Agency
2026-01,West Darfur,Ag Geneina,Food Security and Livelihoods,World Food Programme,WFP,UN Agency
2026-01,White Nile,Kosti,Food Security and Livelihoods,World Food Programme,WFP,UN Agency
2026-01,River Nile,Shendi,Food Security and Livelihoods,World Food Programme,WFP,UN Agency
2026-01,Red Sea,Agig,Food Security and Livelihoods,World Food Programme,WFP,UN Agency
2026-01,Northern,Al Golid,Food Security and Livelihoods,World Food Programme,WFP,UN Agency
2026-01,Kassala,Reifi Shamal Ad Delta,Food Security and Livelihoods,World Food Programme,WFP,UN Agency
2026-01,Kassala,Reifi Hamashkureib,Food Security and Livelihoods,World Food Programme,WFP,UN Agency
2026-01,Kassala,Reifi Gharb Kassala,Food Security and Livelihoods,World Food Programme,WFP,UN Agency
2026-01,Central Darfur,Wasat Jabal Marrah,Health,Save the Children International,SCI,INGO
2026-01,Central Darfur,Shamal Jabal Marrah,Health,Save the Children International,SCI,INGO
2026-01,Central Darfur,Zalingi,Health,Save the Children International,SCI,INGO
2026-01,Central Darfur,Azum,Health,Save the Children International,SCI,INGO
2026-01,North Darfur,Kelemando,Health,Save the Children International,SCI,INGO
2026-01,South Kordofan,Dilling,Food Security and Livelihoods,Humanitarian Relief Foundation,IHH,INGO
2026-01,West Darfur,Sirba,Health,Hope and Friendship for Development Organization,HFDO,NNGO
2026-01,Northern,Al Golid,Health,Building Foundation for Development,BFD,NNGO
2026-01,Kassala,Reifi Kassla,Health,Patient Helping Fund,PHF,NNGO
2026-01,Kassala,Reifi Gharb Kassala,Health,Patient Helping Fund,PHF,NNGO
2026-01,Kassala,Halfa Aj Jadeedah,Health,Patient Helping Fund,PHF,NNGO
2026-01,Gedaref,Wasat Al Gedaref,Health,Patient Helping Fund,PHF,NNGO
2026-01,Gedaref,Gala'a Al Nahal,Health,Patient Helping Fund,PHF,NNGO
2026-01,Gedaref,Basundah,Health,Patient Helping Fund,PHF,NNGO
2026-01,Gedaref,Al Qureisha,Health,Patient Helping Fund,PHF,NNGO
2026-01,Gedaref,Al Galabat Al Gharbyah - Kassab,Health,Patient Helping Fund,PHF,NNGO
2026-01,Central Darfur,Shamal Jabal Marrah,Health,Patient Helping Fund,PHF,NNGO
2026-01,White Nile,Um Rimta,Health,Patient Helping Fund,PHF,NNGO
2026-01,West Darfur,Kereneik,Health,Patient Helping Fund,PHF,NNGO
2026-01,Sennar,Sennar,Health,Patient Helping Fund,PHF,NNGO
2026-01,Red Sea,Port Sudan,Health,Patient Helping Fund,PHF,NNGO
2026-01,North Darfur,Kelemando,Health,Patient Helping Fund,PHF,NNGO
2026-01,Khartoum,Um Durman,Health,Patient Helping Fund,PHF,NNGO
2026-01,South Darfur,Nyala Shimal,Health,Medair,Medair,INGO
2026-01,White Nile,Guli,Health,Patient Helping Fund,PHF,NNGO
2026-01,White Nile,As Salam / Ar Rawat,Health,Patient Helping Fund,PHF,NNGO
2026-01,West Darfur,Sirba,Health,Patient Helping Fund,PHF,NNGO
2026-01,South Kordofan,Talawdi,Health,Patient Helping Fund,PHF,NNGO
2026-01,South Kordofan,Abu Kershola,Health,Patient Helping Fund,PHF,NNGO
2026-01,South Darfur,Beliel,Health,Patient Helping Fund,PHF,NNGO
2026-01,West Darfur,Beida,Health,Patient Helping Fund,PHF,NNGO
2026-01,South Kordofan,Dilling,Health,Patient Helping Fund,PHF,NNGO
2026-01,South Kordofan,Ar Rashad,Health,Patient Helping Fund,PHF,NNGO
2026-01,South Darfur,Um Dafoug,Health,Patient Helping Fund,PHF,NNGO
2026-01,Sennar,Sharg Sennar,Health,Patient Helping Fund,PHF,NNGO
2026-01,River Nile,Barbar,Health,Patient Helping Fund,PHF,NNGO
2026-01,River Nile,Atbara,Health,Patient Helping Fund,PHF,NNGO
2026-01,River Nile,Al Matama,Health,Patient Helping Fund,PHF,NNGO
2026-01,River Nile,Al Buhaira,Health,Patient Helping Fund,PHF,NNGO
2026-01,River Nile,Abu Hamad,Health,Patient Helping Fund,PHF,NNGO
2026-01,White Nile,Kosti,Refugee Consultative Forum,World Food Programme,WFP,UN Agency
2026-01,White Nile,As Salam / Ar Rawat,Refugee Consultative Forum,World Food Programme,WFP,UN Agency
2026-01,West Kordofan,As Sunut,Refugee Consultative Forum,World Food Programme,WFP,UN Agency
2026-01,West Kordofan,Al Lagowa,Refugee Consultative Forum,World Food Programme,WFP,UN Agency
2026-01,South Kordofan,Kadugli,Refugee Consultative Forum,World Food Programme,WFP,UN Agency
2026-01,South Kordofan,Dilling,Refugee Consultative Forum,World Food Programme,WFP,UN Agency
2026-01,South Kordofan,At Tadamon - SK,Refugee Consultative Forum,World Food Programme,WFP,UN Agency
2026-01,South Kordofan,Ar Rashad,Refugee Consultative Forum,World Food Programme,WFP,UN Agency
2026-01,South Kordofan,Al Quoz,Refugee Consultative Forum,World Food Programme,WFP,UN Agency
2026-01,South Kordofan,Al Leri,Refugee Consultative Forum,World Food Programme,WFP,UN Agency
2026-01,South Kordofan,Abu Jubayhah,Refugee Consultative Forum,World Food Programme,WFP,UN Agency
2026-01,South Darfur,Buram,Refugee Consultative Forum,World Food Programme,WFP,UN Agency
2026-01,South Darfur,Beliel,Refugee Consultative Forum,World Food Programme,WFP,UN Agency
2026-01,Red Sea,Port Sudan,Refugee Consultative Forum,World Food Programme,WFP,UN Agency
2026-01,North Darfur,Al Lait,Refugee Consultative Forum,World Food Programme,WFP,UN Agency
2026-01,Kassala,Reifi Wad Elhilaiw,Refugee Consultative Forum,World Food Programme,WFP,UN Agency
2026-01,Kassala,Reifi Nahr Atbara,Refugee Consultative Forum,World Food Programme,WFP,UN Agency
2026-01,Northern,Merwoe,Health,Patient Helping Fund,PHF,NNGO
2026-01,Kassala,Reifi Khashm Elgirba,Refugee Consultative Forum,World Food Programme,WFP,UN Agency
2026-01,Kassala,Reifi Kassla,Refugee Consultative Forum,World Food Programme,WFP,UN Agency
2026-01,Gedaref,Galabat Ash-Shargiah,Refugee Consultative Forum,World Food Programme,WFP,UN Agency
2026-01,Gedaref,Basundah,Refugee Consultative Forum,World Food Programme,WFP,UN Agency
2026-01,Gedaref,Al Mafaza,Refugee Consultative Forum,World Food Programme,WFP,UN Agency
2026-01,Gedaref,Al Fashaga,Refugee Consultative Forum,World Food Programme,WFP,UN Agency
2026-01,East Darfur,Yassin,Refugee Consultative Forum,World Food Programme,WFP,UN Agency
2026-01,East Darfur,Bahr Al Arab,Refugee Consultative Forum,World Food Programme,WFP,UN Agency
2026-01,East Darfur,Assalaya,Refugee Consultative Forum,World Food Programme,WFP,UN Agency
2026-01,East Darfur,Al Firdous,Refugee Consultative Forum,World Food Programme,WFP,UN Agency
2026-01,East Darfur,Adila,Refugee Consultative Forum,World Food Programme,WFP,UN Agency
2026-01,East Darfur,Ad Du'ayn,Refugee Consultative Forum,World Food Programme,WFP,UN Agency
2026-01,East Darfur,Abu Karinka,Refugee Consultative Forum,World Food Programme,WFP,UN Agency
2026-01,East Darfur,Abu Jabrah,Refugee Consultative Forum,World Food Programme,WFP,UN Agency
2026-01,Blue Nile,Wad Al Mahi,Refugee Consultative Forum,World Food Programme,WFP,UN Agency
2026-01,Blue Nile,At Tadamon - BN,Refugee Consultative Forum,World Food Programme,WFP,UN Agency
2026-01,Northern,Halfa,Health,Patient Helping Fund,PHF,NNGO
2026-01,Red Sea,Port Sudan,Refugee Consultative Forum,United Nations High Commissioner for Refugees,UNHCR,UN Agency
2026-01,White Nile,As Salam / Ar Rawat,Refugee Consultative Forum,United Nations Children's Fund,UNICEF,UN Agency
2026-01,White Nile,Aj Jabalain,Refugee Consultative Forum,United Nations Children's Fund,UNICEF,UN Agency
2026-01,West Kordofan,As Salam - WK,Refugee Consultative Forum,United Nations Children's Fund,UNICEF,UN Agency
2026-01,South Darfur,Beliel,Refugee Consultative Forum,United Nations Children's Fund,UNICEF,UN Agency
2026-01,Northern,Dongola,Health,Patient Helping Fund,PHF,NNGO
2026-01,Red Sea,Port Sudan,Refugee Consultative Forum,United Nations Children's Fund,UNICEF,UN Agency
2026-01,Kassala,Reifi Wad Elhilaiw,Refugee Consultative Forum,United Nations Children's Fund,UNICEF,UN Agency
2026-01,East Darfur,Al Firdous,Refugee Consultative Forum,United Nations Children's Fund,UNICEF,UN Agency
2026-01,Northern,Al Golid,Health,Patient Helping Fund,PHF,NNGO
2026-01,Northern,Al Burgaig,Health,Patient Helping Fund,PHF,NNGO
2026-01,North Kordofan,Gebrat Al Sheikh,Health,Patient Helping Fund,PHF,NNGO
2026-01,North Darfur,Tawila,Health,Patient Helping Fund,PHF,NNGO
2026-01,Kassala,Reifi Telkok,Health,Patient Helping Fund,PHF,NNGO
2026-01,Kassala,Reifi Nahr Atbara,Health,Patient Helping Fund,PHF,NNGO
2026-01,Kassala,Reifi Hamashkureib,Health,Patient Helping Fund,PHF,NNGO
2026-01,East Darfur,Al Firdous,Health,Patient Helping Fund,PHF,NNGO
2026-01,Central Darfur,Zalingi,Health,Patient Helping Fund,PHF,NNGO
2026-01,Central Darfur,Wasat Jabal Marrah,Health,Patient Helping Fund,PHF,NNGO
2026-01,Central Darfur,Um Dukhun,Health,Patient Helping Fund,PHF,NNGO
2026-01,Central Darfur,Gharb Jabal Marrah,Health,Patient Helping Fund,PHF,NNGO
2026-01,Central Darfur,Azum,Health,Patient Helping Fund,PHF,NNGO
2026-01,Blue Nile,Ed Damazine,Health,Patient Helping Fund,PHF,NNGO
2026-01,Blue Nile,Baw,Health,Patient Helping Fund,PHF,NNGO
2026-01,Blue Nile,Al Kurmuk,Health,Patient Helping Fund,PHF,NNGO
2026-01,Aj Jazirah,Sharg Al Jazirah,Health,Patient Helping Fund,PHF,NNGO
2026-01,Aj Jazirah,Medani Al Kubra,Health,Patient Helping Fund,PHF,NNGO
2026-01,Khartoum,Karrari,Health,Save the Children International,SCI,INGO
2026-01,Khartoum,Bahri,Health,Save the Children International,SCI,INGO
2026-01,Khartoum,Sharg An Neel,Health,Save the Children International,SCI,INGO
2026-01,Blue Nile,Ar Rusayris,Health,Save the Children International,SCI,INGO
2026-01,Blue Nile,Ed Damazine,Health,Save the Children International,SCI,INGO
2026-01,Blue Nile,Baw,Health,Save the Children International,SCI,INGO
2026-01,Kassala,Madeinat Kassala,Health,Building Resilience Development Organization,BRDO,NNGO
2026-01,Kassala,Halfa Aj Jadeedah,Health,Building Resilience Development Organization,BRDO,NNGO
2026-01,Gedaref,Wasat Al Gedaref,Site Management,Danish Refugee Council,DRC,INGO
2026-01,Central Darfur,Shamal Jabal Marrah,Health,Saeker Voluntary Organization,SVO,NNGO
2026-01,South Darfur,Beliel,Health,United Nations Children's Fund,UNICEF,UN Agency
2026-01,West Darfur,Sirba,Health,World Relief,WR,INGO
2026-01,West Darfur,Kereneik,Health,World Relief,WR,INGO
2026-01,West Darfur,Habila - WD,Health,World Relief,WR,INGO
2026-01,Blue Nile,Geisan,Health,Save the Children International,SCI,INGO
2026-01,West Darfur,Ag Geneina,Health,World Relief,WR,INGO
2026-01,Aj Jazirah,Sharg Al Jazirah,Health,Building Resilience Development Organization,BRDO,NNGO
2026-01,Aj Jazirah,Medani Al Kubra,Health,Building Resilience Development Organization,BRDO,NNGO
2026-01,Kassala,Madeinat Kassala,Logistics,World Food Programme,WFP,UN Agency
2026-01,Northern,Dongola,Logistics,World Food Programme,WFP,UN Agency
2026-01,Red Sea,Port Sudan,Logistics,World Food Programme,WFP,UN Agency
2026-01,Central Darfur,Zalingi,Logistics,World Food Programme,WFP,UN Agency
2026-01,Central Darfur,Um Dukhun,Logistics,World Food Programme,WFP,UN Agency
2026-01,Central Darfur,Gharb Jabal Marrah,Logistics,World Food Programme,WFP,UN Agency
2026-01,Central Darfur,Wasat Jabal Marrah,Logistics,World Food Programme,WFP,UN Agency
2026-01,West Darfur,Ag Geneina,Logistics,World Food Programme,WFP,UN Agency
2026-01,North Darfur,Al Fasher,Logistics,World Food Programme,WFP,UN Agency
2026-01,North Darfur,Tawila,Logistics,World Food Programme,WFP,UN Agency
2026-01,Gedaref,Galabat Ash-Shargiah,Logistics,World Food Programme,WFP,UN Agency
2026-01,Blue Nile,Ed Damazine,Logistics,World Food Programme,WFP,UN Agency
2026-01,Aj Jazirah,Medani Al Kubra,Health,Alsalam Organization for Rehabilitation and Development,AORD,NNGO
2026-01,Gedaref,Madeinat Al Gedaref,Logistics,World Food Programme,WFP,UN Agency
2026-01,White Nile,Kosti,Logistics,World Food Programme,WFP,UN Agency
2026-01,Central Darfur,Wasat Jabal Marrah,Health,International Medical Corps,IMC,INGO
2026-01,White Nile,Rabak,Food Security and Livelihoods,Norwegian Refugee Council,NRC,INGO
2026-01,Central Darfur,Gharb Jabal Marrah,Multi-Purpose Cash,Solidarites International,SI,INGO
2026-01,Red Sea,Port Sudan,Multi-Purpose Cash,Abu Hadia Society for Women and Community Devleopment,AHSWCD,NNGO
2026-01,White Nile,Kosti,Multi-Purpose Cash,Danish Refugee Council,DRC,INGO
2026-01,North Darfur,Tawila,Food Security and Livelihoods,Hope and Friendship for Development Organization,HFDO,NNGO
2026-01,Blue Nile,Ed Damazine,Health,Medair,Medair,INGO
2026-01,North Darfur,Al Koma,Nutrition,Sahari Organization For Development,SAHARI,NNGO
2026-01,North Darfur,Melit,Nutrition,Sahari Organization For Development,SAHARI,NNGO
2026-01,Central Darfur,Gharb Jabal Marrah,Health,International Medical Corps,IMC,INGO
2026-01,West Darfur,Habila - WD,Food Security and Livelihoods,Hope and Friendship for Development Organization,HFDO,NNGO
2026-01,Central Darfur,Wasat Jabal Marrah,Multi-Purpose Cash,Danish Refugee Council,DRC,INGO
2026-01,Kassala,Madeinat Kassala,Food Security and Livelihoods,MERCY CORPS,MC,INGO
2026-01,South Darfur,Kubum,Health,WE ARE ALIGHT,ALIGHT,INGO
2026-01,Gedaref,Madeinat Al Gedaref,Nutrition,Medical Teams International,MTI,INGO
2026-01,East Darfur,Shia'ria,Multi-Purpose Cash,African Relief Committee,ARC,NNGO
2026-01,Gedaref,Ar Rahad-GD,Nutrition,Medical Teams International,MTI,INGO
2026-01,Gedaref,Al Galabat Al Gharbyah - Kassab,Nutrition,Medical Teams International,MTI,INGO
2026-01,Kassala,Reifi Khashm Elgirba,Food Security and Livelihoods,MERCY CORPS,MC,INGO
2026-01,South Darfur,Ed Al Fursan,Health,WE ARE ALIGHT,ALIGHT,INGO
2026-01,Kassala,Halfa Aj Jadeedah,Food Security and Livelihoods,MERCY CORPS,MC,INGO
2026-01,North Darfur,Tawila,Health,World Relief,WR,INGO
2026-01,Central Darfur,Zalingi,Health,World Relief,WR,INGO
2026-01,Kassala,Reifi Wad Elhilaiw,Food Security and Livelihoods,MERCY CORPS,MC,INGO
2026-01,Central Darfur,Shamal Jabal Marrah,Health,World Relief,WR,INGO
2026-01,Northern,Ad Dabbah,Food Security and Livelihoods,MERCY CORPS,MC,INGO