tableName,allocationStatus,projectSummary,projectID,year,projectCode,projectTitle,applicationID,applicationCode,windowID,windowFullName,countryID,countryName,countryCode,agencyID,agencyName,agencyShortName,implementingAgencyID,implementingAgencyName,emergencyTypeID,emergencyTypeName,projectsectors,totalAmountApproved,projectSectorName,beneficiaryType,projectgrouping,projectStatus,dateUSGSignature,emergencyGroupName,emergencyCategoryName,regionName,subRegionName,continentName,projectTypeName,projectcapcode,ProjectCountry,emergencyGroupForGlobalReporting,plannedGirls,plannedBoys,plannedChildren,plannedWomen,plannedMen,plannedFemale,plannedMale,plannedAdults,totalPeoplePlanned,projectStartDate,projectEndDate,letterSentToAgencyDate,disbursementDate,projectTypeID,cerfGenderMarkerID,cerfGenderMarkerName,genderMarkerType
P,Under Review,To be determined,40286,2026,CERF-LBN-26-RR-1552(TBD),To be determined,1552,CERF-LBN-26-RR-1552,3,Rapid Response,52,Lebanon,LBN,-1,To be determined,To be determined,-1,To be determined,29,Displacement/Migration,"{""projectsectors"":[{""tableName"":""P"",""projectID"":40286,""projectCode"":""CERF-LBN-26-RR-1552(TBD)"",""sectorID"":-1,""sectorName"":""To be determined"",""cERFSectorName"":""To be determined"",""sectorAmount"":12000000.0,""clusterName"":""To be determined"",""iascSectorname"":""To be determined""}]}",12000000,To be determined,Host communities;Refugees;Returnees;Internally displaced persons,"{""projectgrouping"":[]}",Under Review,2026-06-14T00:00:00,Internal strife,Man-made,Western Asia,Western Asia,Asia,HRP,"{""projectcapcode"":[]}","{""ProjectCountry"":[]}",,,,,,,,,,,,,,,,,,
P,Under Review,To be determined,40287,2026,CERF-SSD-26-RR-1556(TBD),To be determined,1556,CERF-SSD-26-RR-1556,3,Rapid Response,91,South Sudan,SSD,-1,To be determined,To be determined,-1,To be determined,30,Ebola,"{""projectsectors"":[{""tableName"":""P"",""projectID"":40287,""projectCode"":""CERF-SSD-26-RR-1556(TBD)"",""sectorID"":-1,""sectorName"":""To be determined"",""cERFSectorName"":""To be determined"",""sectorAmount"":6000000.0,""clusterName"":""To be determined"",""iascSectorname"":""To be determined""}]}",6000000,To be determined,Host communities;Refugees;Returnees;Internally displaced persons,"{""projectgrouping"":[]}",Under Review,2026-06-23T00:00:00,"Meteorological, Hydrological and Climatological",,Eastern Africa,Eastern Africa,Africa,HRP,"{""projectcapcode"":[]}","{""ProjectCountry"":[]}",Disease Outbreak,,,,,,,,,,,,,,,,,
P,Under Review,To be determined,40288,2026,CERF-ETH-26-RR-1557(TBD),To be determined,1557,CERF-ETH-26-RR-1557,3,Rapid Response,34,Ethiopia,ETH,-1,To be determined,To be determined,-1,To be determined,32,Refugees,"{""projectsectors"":[{""tableName"":""P"",""projectID"":40288,""projectCode"":""CERF-ETH-26-RR-1557(TBD)"",""sectorID"":-1,""sectorName"":""To be determined"",""cERFSectorName"":""To be determined"",""sectorAmount"":6050000.0,""clusterName"":""To be determined"",""iascSectorname"":""To be determined""}]}",6050000,To be determined,Host communities;Refugees,"{""projectgrouping"":[]}",Under Review,2026-07-07T00:00:00,,,Eastern Africa,Eastern Africa,Africa,HRP,"{""projectcapcode"":[]}","{""ProjectCountry"":[]}",Conflict-related,,,,,,,,,,,,,,,,,
P,Under Review,To be determined,40289,2026,CERF-CAF-26-RR-1559(TBD),To be determined,1559,CERF-CAF-26-RR-1559,3,Rapid Response,20,Central African Republic,CAF,-1,To be determined,To be determined,-1,To be determined,9,Cholera,"{""projectsectors"":[{""tableName"":""P"",""projectID"":40289,""projectCode"":""CERF-CAF-26-RR-1559(TBD)"",""sectorID"":-1,""sectorName"":""To be determined"",""cERFSectorName"":""To be determined"",""sectorAmount"":1000000.0,""clusterName"":""To be determined"",""iascSectorname"":""To be determined""}]}",1000000,To be determined,Host communities;Returnees;Internally displaced persons,"{""projectgrouping"":[]}",Under Review,2026-07-12T00:00:00,Biological (human disease outbreak and other health emergency),Natural Disaster,Middle Africa,Middle Africa,Africa,HRP,"{""projectcapcode"":[]}","{""ProjectCountry"":[]}",Disease Outbreak,,,,,,,,,,,,,,,,,
P,Under Review,To be determined,40290,2026,CERF-RWA-26-RR-1560(TBD),To be determined,1560,CERF-RWA-26-RR-1560,3,Rapid Response,72,Rwanda,RWA,-1,To be determined,To be determined,-1,To be determined,30,Ebola,"{""projectsectors"":[{""tableName"":""P"",""projectID"":40290,""projectCode"":""CERF-RWA-26-RR-1560(TBD)"",""sectorID"":-1,""sectorName"":""To be determined"",""cERFSectorName"":""To be determined"",""sectorAmount"":2000000.0,""clusterName"":""To be determined"",""iascSectorname"":""To be determined""}]}",2000000,To be determined,Host communities;Refugees;Returnees;Internally displaced persons;Other affected persons,"{""projectgrouping"":[]}",Under Review,2026-07-09T00:00:00,"Meteorological, Hydrological and Climatological",,Eastern Africa,Eastern Africa,Africa,HRP,"{""projectcapcode"":[]}","{""ProjectCountry"":[]}",Disease Outbreak,,,,,,,,,,,,,,,,,
P,Completed,"This is a project under the CERF-funded anticipatory action (AA) framework for cyclones in Madagascar. Through this AA cyclone project, IOM provides proactive lifesaving Shelter and Camp Coordination and Camp Management (CCCM) assistance to affected population, including children, in affected urban and peri-urban districts ahead of projected cyclone landfall. IOM assists 20,000 people, including more than 7,700 women, over 5,800 children, and including about 2,000 persons with disabilities, with unconditional cash transfers, and by reinforcing shelter sites and equipping them with emergency kits to provide safety, hygiene and protection.",34545,2026,CERF-MDG-24-RR-IOM-34545,Action anticipatoire pour assister les populations à se préparer aux cyclones.,1434,CERF-MDG-24-RR-1434,3,Rapid Response,55,Madagascar,MDG,7,International Organization for Migration,IOM,7,International Organization for Migration,5,Storm,"{""projectsectors"":[{""tableName"":""P"",""projectID"":34545,""projectCode"":""CERF-MDG-24-RR-IOM-34545"",""sectorID"":2,""sectorName"":""Camp Coordination and Camp Management"",""cERFSectorName"":""Camp Coordination and Camp Management"",""sectorAmount"":119994.0,""clusterName"":""Camp Coordination and Camp Management"",""iascSectorname"":""Camp Coordination / Management""},{""tableName"":""P"",""projectID"":34545,""projectCode"":""CERF-MDG-24-RR-IOM-34545"",""sectorID"":17,""sectorName"":""Shelter and Non-Food Items"",""cERFSectorName"":""Shelter"",""sectorAmount"":300006.0,""clusterName"":""Shelter and Non-Food Items"",""iascSectorname"":""Emergency Shelter and NFI""}]}",420000,Camp Coordination and Camp Management;Shelter and Non-Food Items,Other affected persons,"{""projectgrouping"":[]}",Funded,2026-10-24T00:00:00,Natural Disaster,Natural Disaster,Eastern Africa,Eastern Africa,Africa,HRP,"{""projectcapcode"":[]}","{""ProjectCountry"":[{""projectID"":34545,""countryCode"":""MDG"",""countryPercent"":100.0,""totalBudget"":420000.0}]}",Natural Disaster,3894,1947,5841,7788,5841,11682,7788,13629,19470,2026-02-09T00:00:00,2026-08-08T00:00:00,2026-10-24T00:00:00,2026-02-12T00:00:00,1,5,4,GAM
P,Completed,"This is a project under the CERF-funded anticipatory action (AA) framework for cyclones in Madagascar. Through this AA cyclone project, UNICEF provides proactive lifesaving WASH, Education and Protection assistance to affected population, including children, in affected urban and peri-urban districts ahead of projected cyclone landfall. UNICEF assists 21,000 people, including 5,880 women, 10,500 children, and including over 3,300 persons with disabilities, with multi-sectoral early warning messages, deployment of teams in advance, waterproof materials to protect school supplies and equipment for students and teachers, distribution of infrastructure reinforcement kits, distribution of WASH kits to households in flood-prone areas, cleaning and clearing of drainage channels, and deployment of kits to establish child-friendly spaces.",34546,2026,CERF-MDG-24-RR-CEF-34546,"Action Anticipatoire Education, Wash, Communication ( SBC) et protection de l'enfant dans le cadre de cyclones/inondations",1434,CERF-MDG-24-RR-1434,3,Rapid Response,55,Madagascar,MDG,4,United Nations Children’s Fund,UNICEF,4,United Nations Children’s Fund,5,Storm,"{""projectsectors"":[{""tableName"":""P"",""projectID"":34546,""projectCode"":""CERF-MDG-24-RR-CEF-34546"",""sectorID"":18,""sectorName"":""Water, Sanitation and Hygiene"",""cERFSectorName"":""Water, Sanitation and Hygiene"",""sectorAmount"":450000.0,""clusterName"":""Water, Sanitation and Hygiene"",""iascSectorname"":""Water Sanitation Hygiene""},{""tableName"":""P"",""projectID"":34546,""projectCode"":""CERF-MDG-24-RR-CEF-34546"",""sectorID"":7,""sectorName"":""Education"",""cERFSectorName"":""Education"",""sectorAmount"":270000.0,""clusterName"":""Education"",""iascSectorname"":""Education""},{""tableName"":""P"",""projectID"":34546,""projectCode"":""CERF-MDG-24-RR-CEF-34546"",""sectorID"":25,""sectorName"":""Protection"",""cERFSectorName"":""Child Protection"",""sectorAmount"":152999.99,""clusterName"":""Protection"",""iascSectorname"":""Child Protection""},{""tableName"":""P"",""projectID"":34546,""projectCode"":""CERF-MDG-24-RR-CEF-34546"",""sectorID"":31,""sectorName"":""Common Services"",""cERFSectorName"":""Common Services"",""sectorAmount"":27000.0,""clusterName"":""Common Services"",""iascSectorname"":""Coordination and support services""}]}",899999.99,"Common Services;Education;Protection;Water, Sanitation and Hygiene",Other affected persons,"{""projectgrouping"":[]}",Funded,2026-01-29T00:00:00,Natural Disaster,Natural Disaster,Eastern Africa,Eastern Africa,Africa,HRP,"{""projectcapcode"":[]}","{""ProjectCountry"":[{""projectID"":34546,""countryCode"":""MDG"",""countryPercent"":100.0,""totalBudget"":899999.99}]}",Natural Disaster,5460,5040,10500,5880,4620,11340,9660,10500,21000,2026-02-09T00:00:00,2026-08-08T00:00:00,2026-01-29T00:00:00,2026-02-12T00:00:00,1,3,2,GAM
P,Completed,"This is a project under the CERF-funded anticipatory action (AA) framework for cyclones in Madagascar. Through this AA cyclone project, UNFPA provides proactive lifesaving emergency Health (Sexual and Reproductive Health) and Protection (Gender-Based Violence) assistance to affected people with a particular focus on pregnant women, breastfeeding mothers and young girls. UNFPA assists over 57,200 people, including about 32,000 women, over 21,400 children, and an estimated 500 persons with disabilities in affected urban and peri-urban districts ahead of projected cyclone landfall. UNFPA's anticipatory assistance includes the advance provision of Emergency Reproductive Health (ERH) kits to health centers, the provision of personalized care tailored to childbirth-related needs, and the distribution of dignity kits to ensure that women can give birth with dignity.",34547,2026,CERF-MDG-24-RR-FPA-34547,"Renforcement de l'Action Anticipatoires et de la protection des groupes vulnérables, dont les femmes enceintes, les jeunes filles pour bien se préparer aux urgences humanitaires.",1434,CERF-MDG-24-RR-1434,3,Rapid Response,55,Madagascar,MDG,6,United Nations Population Fund,UNFPA,6,United Nations Population Fund,5,Storm,"{""projectsectors"":[{""tableName"":""P"",""projectID"":34547,""projectCode"":""CERF-MDG-24-RR-FPA-34547"",""sectorID"":20,""sectorName"":""Protection"",""cERFSectorName"":""Gender-Based Violence"",""sectorAmount"":210000.0,""clusterName"":""Protection"",""iascSectorname"":""Gender Based Violence""},{""tableName"":""P"",""projectID"":34547,""projectCode"":""CERF-MDG-24-RR-FPA-34547"",""sectorID"":32,""sectorName"":""Health"",""cERFSectorName"":""Sexual and Reproductive Health"",""sectorAmount"":90000.0,""clusterName"":""Health"",""iascSectorname"":""Health""}]}",300000,Health;Protection,Other affected persons,"{""projectgrouping"":[]}",Funded,2026-02-04T00:00:00,Natural Disaster,Natural Disaster,Eastern Africa,Eastern Africa,Africa,HRP,"{""projectcapcode"":[]}","{""ProjectCountry"":[{""projectID"":34547,""countryCode"":""MDG"",""countryPercent"":100.0,""totalBudget"":300000.0}]}",Natural Disaster,16873,4645,21518,31822,3877,48695,8522,35699,57217,2026-02-09T00:00:00,2026-08-08T00:00:00,2026-02-04T00:00:00,2026-02-12T00:00:00,1,5,4,GAM
P,Completed,"This is a project under the CERF-funded anticipatory action (AA) framework for cyclones in Madagascar. Through this AA cyclone project, WHO provides proactive lifesaving health assistance to affected population, including children, in affected urban and peri-urban districts ahead of projected cyclone landfall. WHO assists over 17,000 people, including almost 7,000 women, over 3,500 children, and including 100 persons with disabilities, by reinforcing impacted health structures and equipping them with medicines and staff; by ensuring continuity of care; and by establishing and early warning system and local engagement.",34548,2026,CERF-MDG-24-RR-WHO-34548,"Les actions anticipatoires de l’OMS contre la menace cyclonique saison 2024 – 2025 dans le Nord-Est (Diana, Sava, Analanjirofo), Madagascar ",1434,CERF-MDG-24-RR-1434,3,Rapid Response,55,Madagascar,MDG,3,World Health Organization,WHO,3,World Health Organization,5,Storm,"{""projectsectors"":[{""tableName"":""P"",""projectID"":34548,""projectCode"":""CERF-MDG-24-RR-WHO-34548"",""sectorID"":9,""sectorName"":""Health"",""cERFSectorName"":""Health"",""sectorAmount"":329999.87,""clusterName"":""Health"",""iascSectorname"":""Health""}]}",329999.87,Health,Other affected persons,"{""projectgrouping"":[]}",Funded,2026-01-29T00:00:00,Natural Disaster,Natural Disaster,Eastern Africa,Eastern Africa,Africa,HRP,"{""projectcapcode"":[]}","{""ProjectCountry"":[{""projectID"":34548,""countryCode"":""MDG"",""countryPercent"":100.0,""totalBudget"":329999.87}]}",Natural Disaster,1819,1747,3566,6883,6614,8702,8361,13497,17063,2026-02-09T00:00:00,2026-08-08T00:00:00,2026-01-29T00:00:00,2026-02-17T00:00:00,1,5,4,GAM
P,Completed,"This is a project under the CERF-funded anticipatory action (AA) framework for cyclones in Madagascar. Through this AA cyclone project, WFP provides proactive lifesaving food security assistance to affected population, including children, in affected urban and peri-urban districts ahead of projected cyclone landfall. WFP assists 37,770 people, including 6,000 women, 26,00 children, and including 450 persons with disabilities, through emergency cash distributions to cover immediate food needs. In addition, assessment and early response flights and the use of cargo drones for multi-agency support will ensure rapid intervention by delivering emergency assistance to areas at risk or difficult to access before the impact of a cyclone.",34549,2026,CERF-MDG-24-RR-WFP-34549,Assistance alimentaire et soutien logistique aux personnes touchées par le cyclone à Madagascar  ,1434,CERF-MDG-24-RR-1434,3,Rapid Response,55,Madagascar,MDG,2,World Food Programme,WFP,2,World Food Programme,5,Storm,"{""projectsectors"":[{""tableName"":""P"",""projectID"":34549,""projectCode"":""CERF-MDG-24-RR-WFP-34549"",""sectorID"":4,""sectorName"":""Common Services"",""cERFSectorName"":""Humanitarian Air Services"",""sectorAmount"":149999.55,""clusterName"":""Common Services"",""iascSectorname"":""Coordination and support services""},{""tableName"":""P"",""projectID"":34549,""projectCode"":""CERF-MDG-24-RR-WFP-34549"",""sectorID"":8,""sectorName"":""Food Assistance"",""cERFSectorName"":""Food Aid"",""sectorAmount"":599998.21,""clusterName"":""Food Aid"",""iascSectorname"":""Food Security""}]}",749997.76,Common Services;Food Assistance,Other affected persons,"{""projectgrouping"":[]}",Funded,2026-10-24T00:00:00,Natural Disaster,Natural Disaster,Eastern Africa,Eastern Africa,Africa,HRP,"{""projectcapcode"":[]}","{""ProjectCountry"":[{""projectID"":34549,""countryCode"":""MDG"",""countryPercent"":100.0,""totalBudget"":749997.76}]}",Natural Disaster,14353,12464,26817,6043,4910,20396,17374,10953,37770,2026-02-09T00:00:00,2026-08-08T00:00:00,2026-10-24T00:00:00,2026-02-12T00:00:00,1,4,3,GAM
P,Completed,"This is a project under the CERF-funded anticipatory action (AA) framework for cyclones in Madagascar. Through this AA cyclone project, FAO provides proactive lifesaving emergency agriculture assistance to affected population, including children, in affected urban and peri-urban districts ahead of projected cyclone landfall. FAO assists 75,540 people, including over 16,500 women, almost 10,000 children, and including 300 persons with disabilities, through anticipatory actions to secure and improve livelihoods of affected people by providing agricultural, livestock and fishing assistance.",34550,2026,CERF-MDG-24-RR-FAO-34550,Actions d’anticipation dans une zone cyclonique de Madagascar pour faire face aux cyclones et inondations induits par La Niña.,1434,CERF-MDG-24-RR-1434,3,Rapid Response,55,Madagascar,MDG,5,Food and Agriculture Organization,FAO,5,Food and Agriculture Organization,5,Storm,"{""projectsectors"":[{""tableName"":""P"",""projectID"":34550,""projectCode"":""CERF-MDG-24-RR-FAO-34550"",""sectorID"":1,""sectorName"":""Agriculture"",""cERFSectorName"":""Agriculture"",""sectorAmount"":300000.66,""clusterName"":""Agriculture"",""iascSectorname"":""Agriculture""}]}",300000.66,Agriculture,Other affected persons,"{""projectgrouping"":[]}",Funded,2026-01-31T00:00:00,Natural Disaster,Natural Disaster,Eastern Africa,Eastern Africa,Africa,HRP,"{""projectcapcode"":[]}","{""ProjectCountry"":[{""projectID"":34550,""countryCode"":""MDG"",""countryPercent"":100.0,""totalBudget"":300000.66}]}",Natural Disaster,5445,4455,9900,3630,2970,9075,7425,6600,16500,2026-02-09T00:00:00,2026-08-08T00:00:00,2026-01-31T00:00:00,2026-02-12T00:00:00,1,2,1,GAM
P,Completed,"The main objective of this project is to contribute to preventing and mitigating the impact of floods on vulnerable households by targeting the most at-risk populations in the regions of Tillabéri and Dosso. This FAO project provides cash transfers through the distribution of vouchers to enable targeted households to meet their agricultural and livestock feed needs. The project is part of a wider Anticipatory Action framework for floods in Niger, and it delivers life-saving assistance to 70,000 people, including 15,415 women, 15,231 men, 39,354 children, and including 3,500 people with disabilities.",38004,2026,CERF-NER-25-RR-FAO-38004,Actions anticipatoires face aux inondations du Fleuve Niger,1492,CERF-NER-25-RR-1492,3,Rapid Response,66,Niger,NER,5,Food and Agriculture Organization,FAO,5,Food and Agriculture Organization,6,Flood,"{""projectsectors"":[{""tableName"":""P"",""projectID"":38004,""projectCode"":""CERF-NER-25-RR-FAO-38004"",""sectorID"":1,""sectorName"":""Agriculture"",""cERFSectorName"":""Agriculture"",""sectorAmount"":1000000.0,""clusterName"":""Agriculture"",""iascSectorname"":""Agriculture""}]}",1000000,Agriculture,Host communities;Internally displaced persons;Other affected persons,"{""projectgrouping"":[]}",Funded,2026-01-01T00:00:00,Natural Disaster,Natural Disaster,Western Africa,Western Africa,Africa,HRP,"{""projectcapcode"":[]}","{""ProjectCountry"":[{""projectID"":38004,""countryCode"":""NER"",""countryPercent"":100.0,""totalBudget"":1000000.0}]}",Natural Disaster,19796,19558,39354,15415,15231,35211,34789,30646,70000,2025-12-30T00:00:00,2026-06-29T00:00:00,2026-01-01T00:00:00,2025-12-30T00:00:00,1,2,1,GAM
P,Completed,"The main objective of this project is to strengthen the adaptive capacities of vulnerable communities to the risk of floods through anticipatory action in order to reduce the humanitarian impact of this shock on the food and nutritional security of at-risk populations. This WFP project provides anticipatory, life-saving assistance through transfers of unconditional multi-purpose cash and early warning messaging to communities. The project is part of a wider Anticipatory Action framework for floods in Niger, and it delivers  life-saving assistance to 83,333 people, including 18,750 women, 15,600 men, 48,983 children, and including 2,500 people with disabilities.",38005,2026,CERF-NER-25-RR-WFP-38005,Action anticipatoire au Niger contre le risque de graves inondations fluviales sur le fleuve Niger dans les régions de Tillabéry et Dosso.,1492,CERF-NER-25-RR-1492,3,Rapid Response,66,Niger,NER,2,World Food Programme,WFP,2,World Food Programme,6,Flood,"{""projectsectors"":[{""tableName"":""P"",""projectID"":38005,""projectCode"":""CERF-NER-25-RR-WFP-38005"",""sectorID"":8,""sectorName"":""Food Assistance"",""cERFSectorName"":""Food Aid"",""sectorAmount"":1250000.0,""clusterName"":""Food Aid"",""iascSectorname"":""Food Security""}]}",1250000,Food Assistance,Host communities;Internally displaced persons,"{""projectgrouping"":[]}",Funded,2026-01-02T00:00:00,Natural Disaster,Natural Disaster,Western Africa,Western Africa,Africa,HRP,"{""projectcapcode"":[]}","{""ProjectCountry"":[{""projectID"":38005,""countryCode"":""NER"",""countryPercent"":100.0,""totalBudget"":1250000.0}]}",Natural Disaster,24592,24391,48983,18750,15600,43342,39991,34350,83333,2026-01-06T00:00:00,2026-07-05T00:00:00,2026-01-02T00:00:00,2026-01-06T00:00:00,1,4,3,GAM
P,Completed,"The main objective of this project is to contribute to preventing and mitigating the impact of floods on vulnerable households by targeting the most at-risk populations in the commune of Kourtheye, in the Tillabéri region. This IOM project provides support to identify, mobilize, and evacuate the most vulnerable people to safe temporary shelters, prepares community infrastructure that can serve as evacuation centers, distributes repair, reinforcement, and protection kits, and distributes non-food item kits to the most vulnerable households at risk of flooding. The project is part of a wider Anticipatory Action framework for floods in Niger, and it delivers life-saving assistance to 11,900 people, including 2,648 women, 2,564 men, 6,688 children.",38006,2026,CERF-NER-25-RR-IOM-38006,"Assistance humanitaire anticipatoire pour appuyer les populations affectées dans la préparation et la réponse aux inondations dans la commune de Kourtheye, région de Tillabéri.",1492,CERF-NER-25-RR-1492,3,Rapid Response,66,Niger,NER,7,International Organization for Migration,IOM,7,International Organization for Migration,6,Flood,"{""projectsectors"":[{""tableName"":""P"",""projectID"":38006,""projectCode"":""CERF-NER-25-RR-IOM-38006"",""sectorID"":17,""sectorName"":""Shelter and Non-Food Items"",""cERFSectorName"":""Shelter"",""sectorAmount"":1000000.0,""clusterName"":""Shelter and Non-Food Items"",""iascSectorname"":""Emergency Shelter and NFI""}]}",1000000,Shelter and Non-Food Items,Host communities,"{""projectgrouping"":[]}",Funded,2026-01-02T00:00:00,Natural Disaster,Natural Disaster,Western Africa,Western Africa,Africa,HRP,"{""projectcapcode"":[{""tableName"":""P"",""projectID"":38006,""projectCode"":""CERF-NER-25-RR-IOM-38006"",""capCode"":""HNER25-SHL-224013-1""}]}","{""ProjectCountry"":[{""projectID"":38006,""countryCode"":""NER"",""countryPercent"":100.0,""totalBudget"":1000000.0}]}",Natural Disaster,3444,3244,6688,2648,2564,6092,5808,5212,11900,2025-12-31T00:00:00,2026-06-30T00:00:00,2026-01-02T00:00:00,2025-12-31T00:00:00,1,4,3,GAM
P,Completed,"The main objective of this project is to contribute to preventing and mitigating the impact of floods on vulnerable households by targeting the most at-risk populations in the regions of Tillabéri and Dosso. This UNICEF project provides life-saving WASH assistance through the distribution of WASH kits, the construction and rehabilitation of emergency latrines, and the promotion of hygiene and sanitation. The project is part of a wider Anticipatory Action framework for floods in Niger, and it delivers life-saving assistance to 49,000 people, including 10,496 women, 10,084 men, 28,420 children, and including 2,058 people with disabilities.",38007,2026,CERF-NER-25-RR-CEF-38007,Renforcer la Résilience Communautaire face aux Inondations fluviales par l’Action Anticipatoire ,1492,CERF-NER-25-RR-1492,3,Rapid Response,66,Niger,NER,4,United Nations Children’s Fund,UNICEF,4,United Nations Children’s Fund,6,Flood,"{""projectsectors"":[{""tableName"":""P"",""projectID"":38007,""projectCode"":""CERF-NER-25-RR-CEF-38007"",""sectorID"":18,""sectorName"":""Water, Sanitation and Hygiene"",""cERFSectorName"":""Water, Sanitation and Hygiene"",""sectorAmount"":1249417.6,""clusterName"":""Water, Sanitation and Hygiene"",""iascSectorname"":""Water Sanitation Hygiene""}]}",1249417.6,"Water, Sanitation and Hygiene",Host communities,"{""projectgrouping"":[]}",Funded,2026-01-02T00:00:00,Natural Disaster,Natural Disaster,Western Africa,Western Africa,Africa,HRP,"{""projectcapcode"":[]}","{""ProjectCountry"":[{""projectID"":38007,""countryCode"":""NER"",""countryPercent"":100.0,""totalBudget"":1249417.6}]}",Natural Disaster,14494,13926,28420,10496,10084,24990,24010,20580,49000,2025-12-30T00:00:00,2026-06-29T00:00:00,2026-01-02T00:00:00,2025-12-30T00:00:00,1,3,2,GAM
P,Completed,"The main objective of this project is to contribute to preventing and mitigating the impact of floods on vulnerable households by targeting the most at-risk populations in the region of Dosso and Tillabéri. This WHO provides medical supplies to flood-affected areas, organizes mobile clinics, and installs hand-washing stations, among others. The project is part of a wider Anticipatory Action framework for floods in Niger, and it delivers life-saving assistance to 29,607 people, including 7,456 women, 4,424 men, 17,727 children, and including 1,243 people with disabilities.",38010,2026,CERF-NER-25-RR-WHO-38010,Action d’urgence sanitaire pour le renforcement de la résilience face aux risques climatiques et aux inondations dans les communes vulnérables de Dosso et Tillabéri,1492,CERF-NER-25-RR-1492,3,Rapid Response,66,Niger,NER,3,World Health Organization,WHO,3,World Health Organization,6,Flood,"{""projectsectors"":[{""tableName"":""P"",""projectID"":38010,""projectCode"":""CERF-NER-25-RR-WHO-38010"",""sectorID"":9,""sectorName"":""Health"",""cERFSectorName"":""Health"",""sectorAmount"":500000.0,""clusterName"":""Health"",""iascSectorname"":""Health""}]}",500000,Health,Host communities;Refugees;Returnees;Internally displaced persons,"{""projectgrouping"":[]}",Funded,2026-01-02T00:00:00,Natural Disaster,Natural Disaster,Western Africa,Western Africa,Africa,HRP,"{""projectcapcode"":[]}","{""ProjectCountry"":[{""projectID"":38010,""countryCode"":""NER"",""countryPercent"":100.0,""totalBudget"":500000.0}]}",Natural Disaster,9763,7964,17727,7456,4424,17219,12388,11880,29607,2026-01-21T00:00:00,2026-07-20T00:00:00,2026-01-02T00:00:00,2026-01-21T00:00:00,1,2,1,GAM
P,Under Implementation,"This is a project under the CERF-funded anticipatory action (AA) framework for cholera in the Democratic Republic of Congo.The main objective of this project is to provide a rapid, appropriate, and tailored health response to the needs of communities affected by cholera, in order to limit the spread of the epidemic and contribute to reducing mortality related to this disease in the Butumba health zone and the three neighboring zones at risk (Bukama, Kabondo Dianda, and Kinkondja) in Haut-Lomami province. The project provides life-saving assistance to 67,000 people, including 14,382 women, 14,118 men, 38,500 children, and including 9,751 people with disabilities.",38827,2026,CERF-COD-25-RR-WHO-38827,Projet d’action anticipatoire visant à fournir une aide sanitaire d’urgence aux communautés touchées par le choléra dans la ZS Butumba dans la Provinces du Haut-Lomami.,1512,CERF-COD-25-RR-1512,3,Rapid Response,27,Democratic Republic of the Congo,COD,3,World Health Organization,WHO,3,World Health Organization,9,Cholera,"{""projectsectors"":[{""tableName"":""P"",""projectID"":38827,""projectCode"":""CERF-COD-25-RR-WHO-38827"",""sectorID"":9,""sectorName"":""Health"",""cERFSectorName"":""Health"",""sectorAmount"":375000.0,""clusterName"":""Health"",""iascSectorname"":""Health""}]}",375000,Health,Host communities,"{""projectgrouping"":[]}",Funded,2026-02-20T00:00:00,Disease Outbreak,Natural Disaster,Middle Africa,Middle Africa,Africa,HRP,"{""projectcapcode"":[]}","{""ProjectCountry"":[{""projectID"":38827,""countryCode"":""COD"",""countryPercent"":100.0,""totalBudget"":375000.0}]}",Disease Outbreak,19872,18628,38500,14382,14118,34254,32746,28500,67000,2026-02-16T00:00:00,2026-08-15T00:00:00,2026-02-20T00:00:00,2026-03-03T00:00:00,1,4,3,GAM
P,Under Implementation,"This is a project under the CERF-funded anticipatory action (AA) framework for cholera in the Democratic Republic of Congo. Through this AA project, UNICEF aims to help reduce cholera-related morbidity and mortality in the Butumba health zone, with flexibility to intervene in the Kinkondja, Bukama, and Kabondo Dianda health zones by implementing the CATI approach and improving WASH conditions and behaviors, and increase knowledge of and adherence to preventative measures. This UNICEF project provides life-saving assistance to 45,000 people, including 12,735 women, 12,195 men, 20,070 children, and including 900 persons with disabilities.",38828,2026,CERF-COD-25-RR-CEF-38828,Réponse  integrée WASH et CATI à la flambée de choléra dans la province du Haut Lomami,1512,CERF-COD-25-RR-1512,3,Rapid Response,27,Democratic Republic of the Congo,COD,4,United Nations Children’s Fund,UNICEF,4,United Nations Children’s Fund,9,Cholera,"{""projectsectors"":[{""tableName"":""P"",""projectID"":38828,""projectCode"":""CERF-COD-25-RR-CEF-38828"",""sectorID"":18,""sectorName"":""Water, Sanitation and Hygiene"",""cERFSectorName"":""Water, Sanitation and Hygiene"",""sectorAmount"":375000.0,""clusterName"":""Water, Sanitation and Hygiene"",""iascSectorname"":""Water Sanitation Hygiene""}]}",375000,"Water, Sanitation and Hygiene",Host communities,"{""projectgrouping"":[]}",Funded,2026-02-20T00:00:00,Disease Outbreak,Natural Disaster,Middle Africa,Middle Africa,Africa,HRP,"{""projectcapcode"":[]}","{""ProjectCountry"":[{""projectID"":38828,""countryCode"":""COD"",""countryPercent"":100.0,""totalBudget"":375000.0}]}",Disease Outbreak,10350,9720,20070,12735,12195,23085,21915,24930,45000,2026-02-07T00:00:00,2026-08-06T00:00:00,2026-02-20T00:00:00,2026-02-25T00:00:00,1,4,3,GAM
P,Completed,"The primary objective of this project is to reduce the impact of the below average rains on pastoral and agro‑pastoral households in Oromia and Somali regions. The project will support households to protect livelihoods and strengthen food security. Livestock health services will be expanded through vaccination of 2.8 million animals and treatment for drought‑affected households. Refresher training for Community Animal Health Workers will improve disease surveillance and response capacity. To boost crop production, 61 tonnes of climate‑resilient maize seeds will be distributed. Unconditional cash transfers of USD 100 will help households meet urgent needs and prevent negative coping strategies. Overall, the project targets 247,000 people, including 57,305 women, 56,315 men, 66,690 girls, 66,690 boys, and including 43,472 persons with disabilities.",38893,2026,CERF-ETH-26-RR-FAO-38893,Emergency Rapid Drought Response support to save lives and livelihoods in Somali and Oromia Regions of Ethiopia,1514,CERF-ETH-26-RR-1514,3,Rapid Response,34,Ethiopia,ETH,5,Food and Agriculture Organization,FAO,5,Food and Agriculture Organization,8,Drought,"{""projectsectors"":[{""tableName"":""P"",""projectID"":38893,""projectCode"":""CERF-ETH-26-RR-FAO-38893"",""sectorID"":1,""sectorName"":""Agriculture"",""cERFSectorName"":""Agriculture"",""sectorAmount"":1250000.0,""clusterName"":""Agriculture"",""iascSectorname"":""Agriculture""}]}",1250000,Agriculture,Host communities;Returnees;Internally displaced persons,"{""projectgrouping"":[]}",Funded,2026-01-29T00:00:00,Natural Disaster,Natural Disaster,Eastern Africa,Eastern Africa,Africa,HRP,"{""projectcapcode"":[]}","{""ProjectCountry"":[{""projectID"":38893,""countryCode"":""ETH"",""countryPercent"":100.0,""totalBudget"":1250000.0}]}",Natural Disaster,66690,66690,133380,57305,56315,123995,123005,113620,247000,2026-01-26T00:00:00,2026-07-25T00:00:00,2026-01-29T00:00:00,2026-02-02T00:00:00,1,2,1,GAM
P,Completed,"The primary objective of this project is to deliver essential Water, Sanitation, and Hygiene (WASH) and Nutrition services to communities affected by below-average rainfall across Somali, Oromia, and South Ethiopia regions. UNICEF support will rehabilitate critical water systems, provide emergency WASH supplies, and strengthen hygiene and risk reduction activities to address acute water shortages. Under the nutrition component, UNICEF will provide lifesaving screening and treatment for severe acute malnutrition, distribute Ready to Use Therapeutic Food (RUTF), and deliver maternal, infant, and young child nutrition counselling. Micronutrient supplementation for children 6–59 months and for pregnant and breastfeeding women and girls will further strengthen nutritional outcomes. Overall, the project targets 85,710 people, including 32,460 women, 20,251 men, 15,750 girls, 17,249 boys, and including 5,000 persons with disabilities, prioritizing the most drought affected and high-risk communities.",38894,2026,CERF-ETH-26-RR-CEF-38894,"Life Saving Wash and Nutrition Rapid Response to Drought-affected communities in Oromia, Somali and South Ethiopia Regions",1514,CERF-ETH-26-RR-1514,3,Rapid Response,34,Ethiopia,ETH,4,United Nations Children’s Fund,UNICEF,4,United Nations Children’s Fund,8,Drought,"{""projectsectors"":[{""tableName"":""P"",""projectID"":38894,""projectCode"":""CERF-ETH-26-RR-CEF-38894"",""sectorID"":10,""sectorName"":""Nutrition"",""cERFSectorName"":""Nutrition"",""sectorAmount"":499950.2,""clusterName"":""Nutrition"",""iascSectorname"":""Nutrition""},{""tableName"":""P"",""projectID"":38894,""projectCode"":""CERF-ETH-26-RR-CEF-38894"",""sectorID"":18,""sectorName"":""Water, Sanitation and Hygiene"",""cERFSectorName"":""Water, Sanitation and Hygiene"",""sectorAmount"":1000050.4,""clusterName"":""Water, Sanitation and Hygiene"",""iascSectorname"":""Water Sanitation Hygiene""}]}",1500000.6,"Nutrition;Water, Sanitation and Hygiene",Host communities;Returnees;Internally displaced persons,"{""projectgrouping"":[]}",Funded,2026-01-30T00:00:00,Natural Disaster,Natural Disaster,Eastern Africa,Eastern Africa,Africa,HRP,"{""projectcapcode"":[]}","{""ProjectCountry"":[{""projectID"":38894,""countryCode"":""ETH"",""countryPercent"":100.0,""totalBudget"":1500000.6}]}",Natural Disaster,15750,17249,32999,32460,20251,48210,37500,52711,85710,2026-02-01T00:00:00,2026-07-31T00:00:00,2026-01-30T00:00:00,2026-02-03T00:00:00,1,5,4,GAM
P,Completed,"The primary objective of this project is to provide life‑saving health and nutrition services to affected populations. WHO and partners will assist over 130,000 people with essential health care, outbreak response, and mobile health services in hotspot and hard‑to‑reach areas. Support will include treatment for outbreak‑prone diseases, including cholera, and last‑mile delivery of medical and nutrition supplies to public health facilities serving displaced and host communities. The project will also reinforce early warning and rapid response capacities through active case search, Rapid Response Team deployment, and strengthened infection prevention and control measures. Community engagement, supervision, and skills transfer will promote early care‑seeking and preventive practices. Overall, the project targets 130,000 people, including 30,262 women, 29,096 men, 36,004 girls, 34,638 boys, and including 22,099 persons with disabilities.",38895,2026,CERF-ETH-26-RR-WHO-38895,"Emergency health assistance to affected by drought in Oromia, Somali and South Ethiopia Regions ",1514,CERF-ETH-26-RR-1514,3,Rapid Response,34,Ethiopia,ETH,3,World Health Organization,WHO,3,World Health Organization,8,Drought,"{""projectsectors"":[{""tableName"":""P"",""projectID"":38895,""projectCode"":""CERF-ETH-26-RR-WHO-38895"",""sectorID"":9,""sectorName"":""Health"",""cERFSectorName"":""Health"",""sectorAmount"":999999.49,""clusterName"":""Health"",""iascSectorname"":""Health""}]}",999999.49,Health,Host communities;Refugees;Returnees;Internally displaced persons,"{""projectgrouping"":[]}",Funded,2026-01-29T00:00:00,Natural Disaster,Natural Disaster,Eastern Africa,Eastern Africa,Africa,HRP,"{""projectcapcode"":[]}","{""ProjectCountry"":[{""projectID"":38895,""countryCode"":""ETH"",""countryPercent"":100.0,""totalBudget"":999999.49}]}",Natural Disaster,36004,34638,70642,30262,29096,66266,63734,59358,130000,2026-01-26T00:00:00,2026-07-25T00:00:00,2026-01-29T00:00:00,2026-02-12T00:00:00,1,5,4,GAM
P,Completed,"The main goal of this project is to provide urgent assistance to vulnerable people affected by below-average rainfall in Somali, Oromia, and South Ethiopia through multi‑purpose cash Assistance. WFP uses this allocation to deliver unconditional cash transfers that enable households to meet their immediate food and non‑food needs, stabilize consumption, and protect remaining livelihoods and assets. The monthly transfer value of USD 98 is provided for three months follows nationally endorsed MPCA guidance and supports households facing rapidly deteriorating conditions. This project targets 18,990 people, of whom 4,653 are women, 4,842 are men, 4,653 are girls, 4,842 are boys, and of whom 2,090 are persons with disabilities.",38896,2026,CERF-ETH-26-RR-WFP-38896,Rapid response to Ethiopia January 2026 drought through multi-purpose cash assistance,1514,CERF-ETH-26-RR-1514,3,Rapid Response,34,Ethiopia,ETH,2,World Food Programme,WFP,2,World Food Programme,8,Drought,"{""projectsectors"":[{""tableName"":""P"",""projectID"":38896,""projectCode"":""CERF-ETH-26-RR-WFP-38896"",""sectorID"":30,""sectorName"":""Multi-Purpose Cash"",""cERFSectorName"":""Multi-Purpose Cash"",""sectorAmount"":1250000.02,""clusterName"":""Multi-Purpose Cash"",""iascSectorname"":""Multi-Sector""}]}",1250000.02,Multi-Purpose Cash,Host communities;Internally displaced persons,"{""projectgrouping"":[]}",Funded,2026-02-03T00:00:00,Natural Disaster,Natural Disaster,Eastern Africa,Eastern Africa,Africa,HRP,"{""projectcapcode"":[]}","{""ProjectCountry"":[{""projectID"":38896,""countryCode"":""ETH"",""countryPercent"":100.0,""totalBudget"":1250000.02}]}",Natural Disaster,4653,4842,9495,4653,4842,9306,9684,9495,18990,2026-02-01T00:00:00,2026-07-31T00:00:00,2026-02-03T00:00:00,2026-02-05T00:00:00,1,4,3,GAM
P,Completed,"The main objective of this anticipatory action project is to support populations that are likely to be impacted by cyclones in some priority districts across the provinces of Cabo Delgado, Gaza, Maputo, Nampula, Zambezia, Sofala, and Inhambane in Mozambique. WFP implements dissemination of early warning messages to at-risk communities through national government platforms and provides common logistical services support to the Government in evacuating at-risk communities. Additionally, WFP delivers food assistance to individuals in temporary accommodation centers to address food security needs. The project provides humanitarian assistance to 194,910 people, including 44,829 women, 40,931 men, 109,150 children, and including 31,186 persons with disabilities.",38953,2026,CERF-MOZ-26-RR-WFP-38953,Anticipatory action to support vulnerable households exposed to and impacted by cyclone in Mozambique,1513,CERF-MOZ-26-RR-1513,3,Rapid Response,61,Mozambique,MOZ,2,World Food Programme,WFP,2,World Food Programme,5,Storm,"{""projectsectors"":[{""tableName"":""P"",""projectID"":38953,""projectCode"":""CERF-MOZ-26-RR-WFP-38953"",""sectorID"":8,""sectorName"":""Food Assistance"",""cERFSectorName"":""Food Aid"",""sectorAmount"":1300050.0,""clusterName"":""Food Aid"",""iascSectorname"":""Food Security""},{""tableName"":""P"",""projectID"":38953,""projectCode"":""CERF-MOZ-26-RR-WFP-38953"",""sectorID"":31,""sectorName"":""Common Services"",""cERFSectorName"":""Common Services"",""sectorAmount"":49950.0,""clusterName"":""Common Services"",""iascSectorname"":""Coordination and support services""}]}",1350000,Common Services;Food Assistance,Other affected persons,"{""projectgrouping"":[]}",Funded,2026-01-29T00:00:00,Natural Disaster,Natural Disaster,Eastern Africa,Eastern Africa,Africa,HRP,"{""projectcapcode"":[]}","{""ProjectCountry"":[{""projectID"":38953,""countryCode"":""MOZ"",""countryPercent"":100.0,""totalBudget"":1350000.0}]}",Natural Disaster,56524,52626,109150,44829,40931,101353,93557,85760,194910,2026-02-08T00:00:00,2026-08-07T00:00:00,2026-01-29T00:00:00,2026-02-11T00:00:00,1,5,4,GAM
P,Completed,"The main objective of this project is to provide anticipatory action support to those at risk of cyclones in six vulnerable provinces of Mozambique: Cabo Delgado, Nampula, Zambezia, Sofala, Inhambane, and Gaza. Focusing on shelter and camp management, it delivers life-saving assistance to improve living conditions and ensure safety for vulnerable communities. This IOM project provides shelter kits and in-kind assistance to people that are likely to be affected by cyclones. Evacuation centers will also be supported to ensure that displaced people are able to safely seek shelter before a cyclone makes landfall. The project provides life-saving assistance to 120,000 people, including 32,022 women, 28,778 men, 59,200 children, and including 18,700 persons with disabilities.",38954,2026,CERF-MOZ-26-RR-IOM-38954,Saving Lives Through Anticipatory Action: Cyclone Preparedness and Response in Mozambique,1513,CERF-MOZ-26-RR-1513,3,Rapid Response,61,Mozambique,MOZ,7,International Organization for Migration,IOM,7,International Organization for Migration,5,Storm,"{""projectsectors"":[{""tableName"":""P"",""projectID"":38954,""projectCode"":""CERF-MOZ-26-RR-IOM-38954"",""sectorID"":2,""sectorName"":""Camp Coordination and Camp Management"",""cERFSectorName"":""Camp Coordination and Camp Management"",""sectorAmount"":231000.0,""clusterName"":""Camp Coordination and Camp Management"",""iascSectorname"":""Camp Coordination / Management""},{""tableName"":""P"",""projectID"":38954,""projectCode"":""CERF-MOZ-26-RR-IOM-38954"",""sectorID"":17,""sectorName"":""Shelter and Non-Food Items"",""cERFSectorName"":""Shelter"",""sectorAmount"":819000.0,""clusterName"":""Shelter and Non-Food Items"",""iascSectorname"":""Emergency Shelter and NFI""}]}",1050000,Camp Coordination and Camp Management;Shelter and Non-Food Items,Host communities;Internally displaced persons,"{""projectgrouping"":[]}",Funded,2026-01-29T00:00:00,Natural Disaster,Natural Disaster,Eastern Africa,Eastern Africa,Africa,HRP,"{""projectcapcode"":[]}","{""ProjectCountry"":[{""projectID"":38954,""countryCode"":""MOZ"",""countryPercent"":100.0,""totalBudget"":1050000.0}]}",Natural Disaster,31278,27922,59200,32022,28778,63300,56700,60800,120000,2026-02-08T00:00:00,2026-08-07T00:00:00,2026-01-29T00:00:00,2026-02-11T00:00:00,1,3,2,GAM
P,Completed,"The main objective of this anticipatory action project is to support populations that are likely to be impacted by cyclones in some priority districts across the provinces of Cabo Delgado, Gaza, Nampula, Zambezia, Sofala, and Inhambane in Mozambique. This UNHCR identifies and refers vulnerable people to appropriate services and support mechanisms. The project supports 58,000 people with humanitarian assistance, including 15,080 women, 13,920 men, 29,000 children and including 400 persons with disabilities.",38955,2026,CERF-MOZ-26-RR-HCR-38955,Protection Response for Cyclone-Affected Communities in Mozambique,1513,CERF-MOZ-26-RR-1513,3,Rapid Response,61,Mozambique,MOZ,11,United Nations High Commissioner for Refugees,UNHCR,11,United Nations High Commissioner for Refugees,5,Storm,"{""projectsectors"":[{""tableName"":""P"",""projectID"":38955,""projectCode"":""CERF-MOZ-26-RR-HCR-38955"",""sectorID"":14,""sectorName"":""Protection"",""cERFSectorName"":""Protection"",""sectorAmount"":300000.0,""clusterName"":""Protection"",""iascSectorname"":""Protection""}]}",300000,Protection,Internally displaced persons;Other affected persons,"{""projectgrouping"":[]}",Funded,2026-01-29T00:00:00,Natural Disaster,Natural Disaster,Eastern Africa,Eastern Africa,Africa,HRP,"{""projectcapcode"":[]}","{""ProjectCountry"":[{""projectID"":38955,""countryCode"":""MOZ"",""countryPercent"":100.0,""totalBudget"":300000.0}]}",Natural Disaster,15080,13920,29000,15080,13920,30160,27840,29000,58000,2026-02-08T00:00:00,2026-08-07T00:00:00,2026-01-29T00:00:00,2026-02-12T00:00:00,1,5,4,GAM
P,Completed,"The main objective of this anticipatory action project is to mitigate the potential impact of the cyclones in Mozambique. These interventions are implemented as triggers are reached and mostly focus on high-risk provinces, including Inhambane, Zambezia, Nampula, Cabo Delgado, and Sofala. Among other activities, UNFPA provides dignity kits to support women and girls in maintaining hygiene while ensuring protection from gender-based violence and sexual exploitation and abuse. Mobile teams deliver essential sexual and reproductive health (SRH) and gender-based violence (GBV) services, alongside the establishment of emergency SRH tents for maternal health care. The project provides humanitarian assistance to 40,500 people, including 22,275 women, 4,050 men, 14,175 children, and including 403 persons with disabilities.",38956,2026,CERF-MOZ-26-RR-FPA-38956,Strengthening SRHiE and GBViE Response Services for Vulnerable Populations in High-Risk Provinces of Mozambique: Anticipatory Actions and Early Response for the 2025-2026 Cyclone Season.,1513,CERF-MOZ-26-RR-1513,3,Rapid Response,61,Mozambique,MOZ,6,United Nations Population Fund,UNFPA,6,United Nations Population Fund,5,Storm,"{""projectsectors"":[{""tableName"":""P"",""projectID"":38956,""projectCode"":""CERF-MOZ-26-RR-FPA-38956"",""sectorID"":20,""sectorName"":""Protection"",""cERFSectorName"":""Gender-Based Violence"",""sectorAmount"":300000.0,""clusterName"":""Protection"",""iascSectorname"":""Gender Based Violence""},{""tableName"":""P"",""projectID"":38956,""projectCode"":""CERF-MOZ-26-RR-FPA-38956"",""sectorID"":32,""sectorName"":""Health"",""cERFSectorName"":""Sexual and Reproductive Health"",""sectorAmount"":300000.0,""clusterName"":""Health"",""iascSectorname"":""Health""}]}",600000,Health;Protection,Other affected persons,"{""projectgrouping"":[]}",Funded,2026-01-29T00:00:00,Natural Disaster,Natural Disaster,Eastern Africa,Eastern Africa,Africa,HRP,"{""projectcapcode"":[]}","{""ProjectCountry"":[{""projectID"":38956,""countryCode"":""MOZ"",""countryPercent"":100.0,""totalBudget"":600000.0}]}",Natural Disaster,12150,2025,14175,22275,4050,34425,6075,26325,40500,2026-02-08T00:00:00,2026-08-07T00:00:00,2026-01-29T00:00:00,2026-02-11T00:00:00,1,5,4,GAM
P,Completed,"The main objective of this anticipatory action project is to provide timely mitigation measures to reduce the impact of tropical cyclones in the provinces of Inhambane, Zambezia, Nampula, Cabo Delgado, and Sofala. This UNICEF project provides interventions under the WASH and Health sectors as well as community awareness and dissemination of life saving information. The project provides humanitarian assistance to 60,639 people, including 15,600 women, 9,039 men, 32,400 children, and including 663 persons with disabilities. This is a project under an anticipatory action framework for tropical cyclones in Mozambique.",38957,2026,CERF-MOZ-26-RR-CEF-38957,Provision of multisector lifesaving assistance to cyclone-affected people,1513,CERF-MOZ-26-RR-1513,3,Rapid Response,61,Mozambique,MOZ,4,United Nations Children’s Fund,UNICEF,4,United Nations Children’s Fund,5,Storm,"{""projectsectors"":[{""tableName"":""P"",""projectID"":38957,""projectCode"":""CERF-MOZ-26-RR-CEF-38957"",""sectorID"":9,""sectorName"":""Health"",""cERFSectorName"":""Health"",""sectorAmount"":450000.21,""clusterName"":""Health"",""iascSectorname"":""Health""},{""tableName"":""P"",""projectID"":38957,""projectCode"":""CERF-MOZ-26-RR-CEF-38957"",""sectorID"":18,""sectorName"":""Water, Sanitation and Hygiene"",""cERFSectorName"":""Water, Sanitation and Hygiene"",""sectorAmount"":750000.35,""clusterName"":""Water, Sanitation and Hygiene"",""iascSectorname"":""Water Sanitation Hygiene""}]}",1200000.56,"Health;Water, Sanitation and Hygiene",Internally displaced persons;Other affected persons,"{""projectgrouping"":[]}",Funded,2026-01-29T00:00:00,Natural Disaster,Natural Disaster,Eastern Africa,Eastern Africa,Africa,HRP,"{""projectcapcode"":[]}","{""ProjectCountry"":[{""projectID"":38957,""countryCode"":""MOZ"",""countryPercent"":100.0,""totalBudget"":1200000.56}]}",Natural Disaster,19800,16200,36000,15600,9039,35400,25239,24639,60639,2026-02-08T00:00:00,2026-08-07T00:00:00,2026-01-29T00:00:00,2026-02-11T00:00:00,1,4,3,GAM
P,Under Implementation,"For the implementation of this project, WFP delivers a rapid, context appropriate emergency food and nutrition response across six counties, Nyirol, Uror, Ulang, Duk, Akobo, and Awerial prioritizing households in IPC Phase 4, and IDPs. WFP applies a complementary funding model, using CERF resources to procure pulses and vegetable oil, while cereals will be sourced from other donor contributions to ensure affected people receive a full, nutritionally complete food basket. The project targets a total of 31,321 affected people with life-saving Food Security and Nutrition activities.",38959,2026,CERF-SSD-26-RR-WFP-38959,"Emergency Food and Nutrition Assistance to Conflict Affected Populations in Jonglei, Upper Nile and Lakes State",1515,CERF-SSD-26-RR-1515,3,Rapid Response,91,South Sudan,SSD,2,World Food Programme,WFP,2,World Food Programme,29,Displacement/Migration,"{""projectsectors"":[{""tableName"":""P"",""projectID"":38959,""projectCode"":""CERF-SSD-26-RR-WFP-38959"",""sectorID"":8,""sectorName"":""Food Assistance"",""cERFSectorName"":""Food Aid"",""sectorAmount"":2000077.21,""clusterName"":""Food Aid"",""iascSectorname"":""Food Security""},{""tableName"":""P"",""projectID"":38959,""projectCode"":""CERF-SSD-26-RR-WFP-38959"",""sectorID"":10,""sectorName"":""Nutrition"",""cERFSectorName"":""Nutrition"",""sectorAmount"":299919.58,""clusterName"":""Nutrition"",""iascSectorname"":""Nutrition""}]}",2299996.79,Food Assistance;Nutrition,Host communities;Internally displaced persons,"{""projectgrouping"":[]}",Funded,2026-02-18T00:00:00,,Man-made,Eastern Africa,Eastern Africa,Africa,HRP,"{""projectcapcode"":[]}","{""ProjectCountry"":[{""projectID"":38959,""countryCode"":""SSD"",""countryPercent"":100.0,""totalBudget"":2299996.79}]}",,39823,34165,73988,23718,13105,63541,47270,36823,110811,2026-02-01T00:00:00,2026-07-31T00:00:00,2026-02-18T00:00:00,2026-02-23T00:00:00,1,5,4,GAM
P,Under Implementation,"The main objective of this project is to contribute to reducing morbidity and mortality risks, malnutrition, and exposure to protection risks among conflict-affected internally displaced persons in Jonglei, Upper Nile, and Lakes States, including the priority counties of Duk, Uror, Nyirol, Akobo, Awerial, and Ulang. This UNICEF project provides WASH, Nutrition, and Child Protection services. The project provides life-saving assistance to 173,386 people, including 47,328 women, 28,235 men, 97,823 children, and including 20,435 people with disabilities.",38960,2026,CERF-SSD-26-RR-CEF-38960,"Life-Saving Integrated WASH, Nutrition and Child Protection Response for Conflict-Affected Internally Displaced Persons in Jonglei, Upper Nile and Lakes States, South Sudan.",1515,CERF-SSD-26-RR-1515,3,Rapid Response,91,South Sudan,SSD,4,United Nations Children’s Fund,UNICEF,4,United Nations Children’s Fund,29,Displacement/Migration,"{""projectsectors"":[{""tableName"":""P"",""projectID"":38960,""projectCode"":""CERF-SSD-26-RR-CEF-38960"",""sectorID"":18,""sectorName"":""Water, Sanitation and Hygiene"",""cERFSectorName"":""Water, Sanitation and Hygiene"",""sectorAmount"":2000137.11,""clusterName"":""Water, Sanitation and Hygiene"",""iascSectorname"":""Water Sanitation Hygiene""},{""tableName"":""P"",""projectID"":38960,""projectCode"":""CERF-SSD-26-RR-CEF-38960"",""sectorID"":10,""sectorName"":""Nutrition"",""cERFSectorName"":""Nutrition"",""sectorAmount"":699932.49,""clusterName"":""Nutrition"",""iascSectorname"":""Nutrition""},{""tableName"":""P"",""projectID"":38960,""projectCode"":""CERF-SSD-26-RR-CEF-38960"",""sectorID"":25,""sectorName"":""Protection"",""cERFSectorName"":""Child Protection"",""sectorAmount"":599942.13,""clusterName"":""Protection"",""iascSectorname"":""Child Protection""}]}",3300011.73,"Nutrition;Protection;Water, Sanitation and Hygiene",Host communities;Returnees;Internally displaced persons,"{""projectgrouping"":[]}",Funded,2026-02-18T00:00:00,,Man-made,Eastern Africa,Eastern Africa,Africa,HRP,"{""projectcapcode"":[]}","{""ProjectCountry"":[{""projectID"":38960,""countryCode"":""SSD"",""countryPercent"":100.0,""totalBudget"":3300011.73}]}",,53720,44103,97823,47328,28235,101048,72338,75563,173386,2026-02-16T00:00:00,2026-10-31T00:00:00,2026-02-18T00:00:00,2026-02-23T00:00:00,1,5,4,GAM
P,Under Implementation,"The main objective of this project is to strengthen emergency health services and disease prevention in Nyirol, Uror, Akobo, Duk, Awerial, and Ulang by deploying technical health experts, supporting static and mobile health centers, enhancing outbreak preparedness, and training health workers to deliver quality care to 53,336 vulnerable people affected by conflict, climate shocks, and disease outbreaks. This WHO project provides deployment of technical health experts, support to static and mobile health centers, enhancement of outbreak preparedness, and training of health workers to deliver quality care. The project provides life-saving assistance to 53,335 people, including 16,133 women, 15,603 men, 21,599 children, and including 8,001 people with disabilities.",38961,2026,CERF-SSD-26-RR-WHO-38961,"Strengthening Emergency Health Services and Disease Prevention in Nyirol, Uror, Akobo, Duk, Awerial, and Ulang",1515,CERF-SSD-26-RR-1515,3,Rapid Response,91,South Sudan,SSD,3,World Health Organization,WHO,3,World Health Organization,29,Displacement/Migration,"{""projectsectors"":[{""tableName"":""P"",""projectID"":38961,""projectCode"":""CERF-SSD-26-RR-WHO-38961"",""sectorID"":9,""sectorName"":""Health"",""cERFSectorName"":""Health"",""sectorAmount"":1333408.8,""clusterName"":""Health"",""iascSectorname"":""Health""}]}",1333408.8,Health,Host communities;Returnees;Internally displaced persons,"{""projectgrouping"":[]}",Funded,2026-02-20T00:00:00,,Man-made,Eastern Africa,Eastern Africa,Africa,HRP,"{""projectcapcode"":[{""tableName"":""P"",""projectID"":38961,""projectCode"":""CERF-SSD-26-RR-WHO-38961"",""capCode"":""HSSD25-HEA-222926-1""}]}","{""ProjectCountry"":[{""projectID"":38961,""countryCode"":""SSD"",""countryPercent"":100.0,""totalBudget"":1333408.8}]}",,10799,10800,21599,16133,15603,26932,26403,31736,53335,2026-02-09T00:00:00,2026-08-08T00:00:00,2026-02-20T00:00:00,2026-03-03T00:00:00,1,5,4,GAM
P,Under Implementation,"This project supports the provision of an integrated, life-saving Sexual and Reproductive Health (SRH) and Gender-Based Violence (GBV) response for conflict-displaced women and girls in Jonglei, Upper Nile and Lakes states, where active conflict, inter-communal violence and large-scale displacement have severely disrupted access to essential services. The project provides life-saving assistance to 32,664 people, including 16,332 women, 5,226 men, 11,106 children, and including 2,939 people with disabilities.",38962,2026,CERF-SSD-26-RR-FPA-38962,"Integrated Lifesaving Sexual and Reproductive Health and GBV Response for Conflict-Displaced Women and Girls in Jonglei, Upper Nile and Lakes",1515,CERF-SSD-26-RR-1515,3,Rapid Response,91,South Sudan,SSD,6,United Nations Population Fund,UNFPA,6,United Nations Population Fund,29,Displacement/Migration,"{""projectsectors"":[{""tableName"":""P"",""projectID"":38962,""projectCode"":""CERF-SSD-26-RR-FPA-38962"",""sectorID"":32,""sectorName"":""Health"",""cERFSectorName"":""Sexual and Reproductive Health"",""sectorAmount"":666589.35,""clusterName"":""Health"",""iascSectorname"":""Health""},{""tableName"":""P"",""projectID"":38962,""projectCode"":""CERF-SSD-26-RR-FPA-38962"",""sectorID"":20,""sectorName"":""Protection"",""cERFSectorName"":""Gender-Based Violence"",""sectorAmount"":900013.11,""clusterName"":""Protection"",""iascSectorname"":""Gender Based Violence""}]}",1566602.46,Health;Protection,Host communities;Internally displaced persons,"{""projectgrouping"":[]}",Funded,2026-02-20T00:00:00,,Man-made,Eastern Africa,Eastern Africa,Africa,HRP,"{""projectcapcode"":[]}","{""ProjectCountry"":[{""projectID"":38962,""countryCode"":""SSD"",""countryPercent"":100.0,""totalBudget"":1566602.46}]}",,8493,2613,11106,16332,5226,24825,7839,21558,32664,2026-02-24T00:00:00,2026-08-23T00:00:00,2026-02-20T00:00:00,2026-02-24T00:00:00,1,5,4,GAM
P,Under Implementation,"The main objective of this project is to reduce the impact of the ongoing conflict on affected households by ensuring timely and adequate access to life-saving Shelter and Non-Food Item assistance through both in-kind and cash-based modalities, while strengthening their capacities to mitigate further harm and other risks. This IOM project provides assistance to internally displaced persons in Nyirol, Uror, Akobo, Duk, Awerial, and Ulang counties of Jonglei State, as well as internally displaced persons who have fled to Bor, South Sudan. The project provides life-saving assistance to 44,118 people, including 10,919 women, 8,934 men, 24,265 children, and including 6,618 people with disabilities.",38963,2026,CERF-SSD-26-RR-IOM-38963,"Provision of Shelter and Non-Food Items Assistance to Vulnerable IDPs and Affected Host Community in Jonglei State, South Sudan",1515,CERF-SSD-26-RR-1515,3,Rapid Response,91,South Sudan,SSD,7,International Organization for Migration,IOM,7,International Organization for Migration,29,Displacement/Migration,"{""projectsectors"":[{""tableName"":""P"",""projectID"":38963,""projectCode"":""CERF-SSD-26-RR-IOM-38963"",""sectorID"":17,""sectorName"":""Shelter and Non-Food Items"",""cERFSectorName"":""Shelter"",""sectorAmount"":1500000.0,""clusterName"":""Shelter and Non-Food Items"",""iascSectorname"":""Emergency Shelter and NFI""}]}",1500000,Shelter and Non-Food Items,Host communities;Internally displaced persons,"{""projectgrouping"":[]}",Funded,2026-02-18T00:00:00,,Man-made,Eastern Africa,Eastern Africa,Africa,HRP,"{""projectcapcode"":[]}","{""ProjectCountry"":[{""projectID"":38963,""countryCode"":""SSD"",""countryPercent"":100.0,""totalBudget"":1500000.0}]}",,13345,10920,24265,10919,8934,24264,19854,19853,44118,2026-02-01T00:00:00,2026-07-31T00:00:00,2026-02-18T00:00:00,2026-02-20T00:00:00,1,5,4,GAM
P,Under Implementation,"The FAO project aims to protect livelihoods and prevent further livestock losses among vulnerable pastoral communities in Northern and Southern Red Sea regions of Eritrea. The project supports pastoral households through the urgent provision of supplementary animal feed and emergency treatment and vaccination for livestock, addressing feed shortages and disease outbreaks. The project directly targets 19,404 women, 11,613 men, 21,021 girls, and 21,462 boys, reaching a total of 73,500 people, with an estimated 4,850 persons with disabilities benefiting from the project.",38977,2026,CERF-ERI-26-RR-FAO-38977,"Urgent humanitarian response to avert food insecurity, malnutrition and distress in vulnerable livestock farming communities affected by failed rains and animal disease in south eastern Eritrea",1516,CERF-ERI-26-RR-1516,3,Rapid Response,33,Eritrea,ERI,5,Food and Agriculture Organization,FAO,5,Food and Agriculture Organization,8,Drought,"{""projectsectors"":[{""tableName"":""P"",""projectID"":38977,""projectCode"":""CERF-ERI-26-RR-FAO-38977"",""sectorID"":1,""sectorName"":""Agriculture"",""cERFSectorName"":""Agriculture"",""sectorAmount"":915000.0,""clusterName"":""Agriculture"",""iascSectorname"":""Agriculture""}]}",915000,Agriculture,Host communities,"{""projectgrouping"":[]}",Funded,2026-02-13T00:00:00,Natural Disaster,Natural Disaster,Eastern Africa,Eastern Africa,Africa,HRP,"{""projectcapcode"":[]}","{""ProjectCountry"":[{""projectID"":38977,""countryCode"":""ERI"",""countryPercent"":100.0,""totalBudget"":915000.0}]}",Natural Disaster,21021,21462,42483,19404,11613,40425,33075,31017,73500,2026-02-18T00:00:00,2026-11-17T00:00:00,2026-02-13T00:00:00,2026-02-18T00:00:00,1,5,4,GAM
P,Under Implementation,"The main objective of this project is to deliver lifesaving WASH, Nutrition, and Social Protection assistance to vulnerable agro‑pastoralist communities in Eritrea’s Northern and Southern Red Sea regions. Through this project, UNICEF provides emergency water supply and water treatment solutions, screening and treatment for acute malnutrition, and cash-based social protection support for the most vulnerable households. Activities will be carried out through Government partners. The project will provide services to 33,840 people, including 7,678 women, 11,135 boys, 10,906 girls, 4,121 men, and including 2,368 persons with disabilities.",38978,2026,CERF-ERI-26-RR-CEF-38978,"Provision of life-saving WASH, Nutrition, and Social Protection assistance to communities affected by failed rains and animal disease outbreaks in coastal Eritrea.",1516,CERF-ERI-26-RR-1516,3,Rapid Response,33,Eritrea,ERI,4,United Nations Children’s Fund,UNICEF,4,United Nations Children’s Fund,8,Drought,"{""projectsectors"":[{""tableName"":""P"",""projectID"":38978,""projectCode"":""CERF-ERI-26-RR-CEF-38978"",""sectorID"":18,""sectorName"":""Water, Sanitation and Hygiene"",""cERFSectorName"":""Water, Sanitation and Hygiene"",""sectorAmount"":662036.11,""clusterName"":""Water, Sanitation and Hygiene"",""iascSectorname"":""Water Sanitation Hygiene""},{""tableName"":""P"",""projectID"":38978,""projectCode"":""CERF-ERI-26-RR-CEF-38978"",""sectorID"":10,""sectorName"":""Nutrition"",""cERFSectorName"":""Nutrition"",""sectorAmount"":342513.66,""clusterName"":""Nutrition"",""iascSectorname"":""Nutrition""},{""tableName"":""P"",""projectID"":38978,""projectCode"":""CERF-ERI-26-RR-CEF-38978"",""sectorID"":30,""sectorName"":""Multi-Purpose Cash"",""cERFSectorName"":""Multi-Purpose Cash"",""sectorAmount"":380463.02,""clusterName"":""Multi-Purpose Cash"",""iascSectorname"":""Multi-Sector""}]}",1385012.79,"Multi-Purpose Cash;Nutrition;Water, Sanitation and Hygiene",Host communities,"{""projectgrouping"":[]}",Funded,2026-02-18T00:00:00,Natural Disaster,Natural Disaster,Eastern Africa,Eastern Africa,Africa,HRP,"{""projectcapcode"":[]}","{""ProjectCountry"":[{""projectID"":38978,""countryCode"":""ERI"",""countryPercent"":100.0,""totalBudget"":1385012.79}]}",Natural Disaster,10906,11135,22041,7678,4121,18584,15256,11799,33840,2026-02-23T00:00:00,2026-11-22T00:00:00,2026-02-18T00:00:00,2026-02-23T00:00:00,1,5,4,GAM
P,Under Implementation,"The main objectives of this project are to provide urgent, life‑saving food assistance and critical logistics support to communities severely affected by flooding. This WFP project delivers food kits and also strengthens the humanitarian response by providing common logistics services, including transport, storage, and UNHAS air support, enabling partners to reach isolated areas with life‑saving assistance. As families begin returning home, the project may shift to providing 30‑day rations to vulnerable households in communities heavily impacted by the floods. The project provides humanitarian assistance to 115,248 people, including 27,084 women, 23,741 men, 32,845 girls, and 31,578 boys, including 12,678 persons with disabilities.",38980,2026,CERF-MOZ-26-RR-WFP-38980,Providing food assistance to affected communities and enabling the humanitarian environment to adequately respond.,1517,CERF-MOZ-26-RR-1517,3,Rapid Response,61,Mozambique,MOZ,2,World Food Programme,WFP,2,World Food Programme,6,Flood,"{""projectsectors"":[{""tableName"":""P"",""projectID"":38980,""projectCode"":""CERF-MOZ-26-RR-WFP-38980"",""sectorID"":31,""sectorName"":""Common Services"",""cERFSectorName"":""Common Services"",""sectorAmount"":1005098.59,""clusterName"":""Common Services"",""iascSectorname"":""Coordination and support services""},{""tableName"":""P"",""projectID"":38980,""projectCode"":""CERF-MOZ-26-RR-WFP-38980"",""sectorID"":8,""sectorName"":""Food Assistance"",""cERFSectorName"":""Food Aid"",""sectorAmount"":1005098.59,""clusterName"":""Food Aid"",""iascSectorname"":""Food Security""}]}",2010197.18,Common Services;Food Assistance,Host communities,"{""projectgrouping"":[]}",Funded,2026-02-11T00:00:00,Natural Disaster,Natural Disaster,Eastern Africa,Eastern Africa,Africa,HRP,"{""projectcapcode"":[]}","{""ProjectCountry"":[{""projectID"":38980,""countryCode"":""MOZ"",""countryPercent"":100.0,""totalBudget"":2010197.18}]}",Natural Disaster,32845,31578,64423,27084,23741,59929,55319,50825,115248,2026-01-25T00:00:00,2026-09-30T00:00:00,2026-02-11T00:00:00,2026-02-13T00:00:00,1,5,4,GAM
P,Under Implementation,"The main objective of this project is to provide life saving humanitarian assistance through Shelter and Non Food Items (NFIs) and Camp Coordination and Camp Management (CCCM) in flood affected areas and accommodation centres across Gaza, Sofala, Zambezia, Maputo Province, and Maputo City. This IOM project aims to deliver essential household items to vulnerable displaced households while supporting accommodation centres and areas hosting displaced populations. It strengthens site coordination, facilitates access to information and services, and establishes complaints and feedback mechanisms with integrated protection from sexual exploitation and abuse (PSEA) measures. The project provides humanitarian assistance to 107,600 people, including 40,888 women, 22,615 girls, 26,900 men, 17,197 boys, and including 16,896 persons with disabilities.",38981,2026,CERF-MOZ-26-RR-IOM-38981,Shelter/NFIs and CCCM assistance for displaced populations affected by floods in Central and Southern Mozambique ,1517,CERF-MOZ-26-RR-1517,3,Rapid Response,61,Mozambique,MOZ,7,International Organization for Migration,IOM,7,International Organization for Migration,6,Flood,"{""projectsectors"":[{""tableName"":""P"",""projectID"":38981,""projectCode"":""CERF-MOZ-26-RR-IOM-38981"",""sectorID"":2,""sectorName"":""Camp Coordination and Camp Management"",""cERFSectorName"":""Camp Coordination and Camp Management"",""sectorAmount"":299970.0,""clusterName"":""Camp Coordination and Camp Management"",""iascSectorname"":""Camp Coordination / Management""},{""tableName"":""P"",""projectID"":38981,""projectCode"":""CERF-MOZ-26-RR-IOM-38981"",""sectorID"":17,""sectorName"":""Shelter and Non-Food Items"",""cERFSectorName"":""Shelter"",""sectorAmount"":800030.0,""clusterName"":""Shelter and Non-Food Items"",""iascSectorname"":""Emergency Shelter and NFI""}]}",1100000,Camp Coordination and Camp Management;Shelter and Non-Food Items,Internally displaced persons,"{""projectgrouping"":[]}",Funded,2026-02-07T00:00:00,Natural Disaster,Natural Disaster,Eastern Africa,Eastern Africa,Africa,HRP,"{""projectcapcode"":[]}","{""ProjectCountry"":[{""projectID"":38981,""countryCode"":""MOZ"",""countryPercent"":100.0,""totalBudget"":1100000.0}]}",Natural Disaster,22615,17197,39812,40888,26900,63503,44097,67788,107600,2026-01-01T00:00:00,2026-06-30T00:00:00,2026-02-07T00:00:00,2026-02-10T00:00:00,1,3,2,GAM
P,Under Implementation,"The main objective of this project is to provide humanitarian support in Protection, gender-based violence (GBV), and protection from sexual exploitation and abuse (PSEA) in flood-affected areas and accommodation centers, particularly in Gaza. This UNHCR project operates mobile protection desks for confidential complaint and feedback mechanisms alongside mental health and psychosocial support (MHPSS) and immediate protection counselling to survivors of GBV, PSEA, and people suffering mental health issues. It conducts awareness-raising sessions in community protection, PSEA, and GBV and provides dignity kits to survivors of GBV and women and girls at risk of GBV. The project provides humanitarian assistance to 40,320 people, including 13,440 men, 13,440 women, 13,440 children, and including 5,040 persons with disabilities.",38982,2026,CERF-MOZ-26-RR-HCR-38982,"Protection response to flood affected areas, including at accommodation centers. ",1517,CERF-MOZ-26-RR-1517,3,Rapid Response,61,Mozambique,MOZ,11,United Nations High Commissioner for Refugees,UNHCR,11,United Nations High Commissioner for Refugees,6,Flood,"{""projectsectors"":[{""tableName"":""P"",""projectID"":38982,""projectCode"":""CERF-MOZ-26-RR-HCR-38982"",""sectorID"":14,""sectorName"":""Protection"",""cERFSectorName"":""Protection"",""sectorAmount"":500000.0,""clusterName"":""Protection"",""iascSectorname"":""Protection""}]}",500000,Protection,Internally displaced persons,"{""projectgrouping"":[]}",Funded,2026-02-05T00:00:00,Natural Disaster,Natural Disaster,Eastern Africa,Eastern Africa,Africa,HRP,"{""projectcapcode"":[]}","{""ProjectCountry"":[{""projectID"":38982,""countryCode"":""MOZ"",""countryPercent"":100.0,""totalBudget"":500000.0}]}",Natural Disaster,6720,6720,13440,13440,13440,20160,20160,26880,40320,2026-01-26T00:00:00,2026-07-25T00:00:00,2026-02-05T00:00:00,2026-02-12T00:00:00,1,5,4,GAM
P,Under Implementation,"The main objective of this project is to deliver life‑saving, multisectoral humanitarian assistance to flood‑affected populations in Gaza, Maputo, and Sofala provinces in Mozambique. With CERF funding, UNICEF implements an integrated response focused on Water, Sanitation and Hygiene, health, child protection, and social and behavior change interventions. The project prioritizes displaced populations and host communities, aiming to prevent excess morbidity and mortality while strengthening community‑level prevention, protection, and access to essential services. Through these interventions, UNICEF provides humanitarian assistance to 130,516 people, including 33,805 women, 46,247 girls, 7,720 men, 42,744 boys, and including 12,229 persons with disabilities.",38983,2026,CERF-MOZ-26-RR-CEF-38983,Mozambique Floods Emergency: UNICEF Multi-Sectoral CERF Rapid Response,1517,CERF-MOZ-26-RR-1517,3,Rapid Response,61,Mozambique,MOZ,4,United Nations Children’s Fund,UNICEF,4,United Nations Children’s Fund,6,Flood,"{""projectsectors"":[{""tableName"":""P"",""projectID"":38983,""projectCode"":""CERF-MOZ-26-RR-CEF-38983"",""sectorID"":9,""sectorName"":""Health"",""cERFSectorName"":""Health"",""sectorAmount"":449959.94,""clusterName"":""Health"",""iascSectorname"":""Health""},{""tableName"":""P"",""projectID"":38983,""projectCode"":""CERF-MOZ-26-RR-CEF-38983"",""sectorID"":18,""sectorName"":""Water, Sanitation and Hygiene"",""cERFSectorName"":""Water, Sanitation and Hygiene"",""sectorAmount"":849939.88,""clusterName"":""Water, Sanitation and Hygiene"",""iascSectorname"":""Water Sanitation Hygiene""},{""tableName"":""P"",""projectID"":38983,""projectCode"":""CERF-MOZ-26-RR-CEF-38983"",""sectorID"":25,""sectorName"":""Protection"",""cERFSectorName"":""Child Protection"",""sectorAmount"":100099.99,""clusterName"":""Protection"",""iascSectorname"":""Child Protection""}]}",1399999.81,"Health;Protection;Water, Sanitation and Hygiene",Host communities;Internally displaced persons;Other affected persons,"{""projectgrouping"":[]}",Funded,2026-02-05T00:00:00,Natural Disaster,Natural Disaster,Eastern Africa,Eastern Africa,Africa,HRP,"{""projectcapcode"":[]}","{""ProjectCountry"":[{""projectID"":38983,""countryCode"":""MOZ"",""countryPercent"":100.0,""totalBudget"":1399999.81}]}",Natural Disaster,46247,42744,88991,33805,7720,80052,50464,41525,130516,2026-02-10T00:00:00,2026-08-09T00:00:00,2026-02-05T00:00:00,2026-02-10T00:00:00,1,4,3,GAM
P,Under Implementation,"This UNICEF project is part of the collective anticipatory action (AA) framework for drought in El Salvador. The main objective of this AA project is to provide timely and coordinated anticipatory action in WASH and nutrition against the impact of drought to save lives in vulnerable communities in 2 departments in El Salvador (Ahuachapán, Santa Ana). This UNICEF project provides training and equipment to healthcare workers for the identification and treatment of malnutrition, vitamin and micronutrient supplements, community training in wash and the rehabilitation of water systems, among other activities to ensure that families are protected from and prepared for impending severe drought conditions. The project delivers life-saving assistance to 8,500 people, including 2,300 women, 1,634 men, 4,566 children, including 256 people with disabilities.",39149,2026,CERF-SLV-26-RR-CEF-39149,WASH and Nutrition anticipatory action (AA) for drought in two geographical areas of El Salvador Dry Corridor,1519,CERF-SLV-26-RR-1519,3,Rapid Response,32,El Salvador,SLV,4,United Nations Children’s Fund,UNICEF,4,United Nations Children’s Fund,8,Drought,"{""projectsectors"":[{""tableName"":""P"",""projectID"":39149,""projectCode"":""CERF-SLV-26-RR-CEF-39149"",""sectorID"":18,""sectorName"":""Water, Sanitation and Hygiene"",""cERFSectorName"":""Water, Sanitation and Hygiene"",""sectorAmount"":390000.0,""clusterName"":""Water, Sanitation and Hygiene"",""iascSectorname"":""Water Sanitation Hygiene""},{""tableName"":""P"",""projectID"":39149,""projectCode"":""CERF-SLV-26-RR-CEF-39149"",""sectorID"":10,""sectorName"":""Nutrition"",""cERFSectorName"":""Nutrition"",""sectorAmount"":260000.0,""clusterName"":""Nutrition"",""iascSectorname"":""Nutrition""}]}",650000,"Nutrition;Water, Sanitation and Hygiene",Other affected persons,"{""projectgrouping"":[]}",Funded,2026-03-19T00:00:00,Natural Disaster,Natural Disaster,Latin America and the Caribbean,Central America,Americas,HRP,"{""projectcapcode"":[]}","{""ProjectCountry"":[{""projectID"":39149,""countryCode"":""SLV"",""countryPercent"":100.0,""totalBudget"":650000.0}]}",Natural Disaster,2283,2283,4566,2300,1634,4583,3917,3934,8500,2026-03-20T00:00:00,2026-09-19T00:00:00,2026-03-19T00:00:00,2026-03-27T00:00:00,1,5,4,GAM
P,Under Implementation,"This FAO project is part of the collective anticipatory action (AA) framework for drought in El Salvador. The main objective of this AA project is to provide agricultural anticipatory action in preparation for an agricultural drought in El Salvador’s dry corridor, focusing on two departments El Salvador (Ahuachapán, Santa Ana). Through this project, FAO provides agricultural inputs and animal husbandry among other activities, to ensure that families are protected from and prepared for impending severe drought conditions. The project delivers life-saving assistance to 10,000 people, including 4,160 women, 3,840 men, 2,000 children, including 90 people with disabilities.",39150,2026,CERF-SLV-26-RR-FAO-39150,Timely anticipatory actions to decrease the humanitarian impact of drought on people at risk in the Salvadoran Dry Corridor in 2026.,1519,CERF-SLV-26-RR-1519,3,Rapid Response,32,El Salvador,SLV,5,Food and Agriculture Organization,FAO,5,Food and Agriculture Organization,8,Drought,"{""projectsectors"":[{""tableName"":""P"",""projectID"":39150,""projectCode"":""CERF-SLV-26-RR-FAO-39150"",""sectorID"":1,""sectorName"":""Agriculture"",""cERFSectorName"":""Agriculture"",""sectorAmount"":900000.01,""clusterName"":""Agriculture"",""iascSectorname"":""Agriculture""}]}",900000.01,Agriculture,Other affected persons,"{""projectgrouping"":[]}",Funded,2026-03-19T00:00:00,Natural Disaster,Natural Disaster,Latin America and the Caribbean,Central America,Americas,HRP,"{""projectcapcode"":[]}","{""ProjectCountry"":[{""projectID"":39150,""countryCode"":""SLV"",""countryPercent"":100.0,""totalBudget"":900000.01}]}",Natural Disaster,1040,960,2000,4160,3840,5200,4800,8000,10000,2026-03-05T00:00:00,2026-09-04T00:00:00,2026-03-19T00:00:00,2026-03-30T00:00:00,1,4,3,GAM
P,Under Implementation,"This WFP project is part of the collective anticipatory action (AA) framework for drought in El Salvador. The main objective of this AA project is to provide proactive food security and cash-based support in preparation for severe drought in Honduras’s dry corridor, focusing on 2 departments in El Salvador (Ahuachapán, Santa Ana). Through this project, WFP provides cash transfers to ensure that communities are protected from and prepared for impending severe drought conditions. The project delivers life-saving assistance to 4,288 people, including 1,803 women, 1,197 men, 1,288 children, including 90 people with disabilities.",39151,2026,CERF-SLV-26-RR-WFP-39151,Anticipatory Action Framework - Drought,1519,CERF-SLV-26-RR-1519,3,Rapid Response,32,El Salvador,SLV,2,World Food Programme,WFP,2,World Food Programme,8,Drought,"{""projectsectors"":[{""tableName"":""P"",""projectID"":39151,""projectCode"":""CERF-SLV-26-RR-WFP-39151"",""sectorID"":8,""sectorName"":""Food Assistance"",""cERFSectorName"":""Food Aid"",""sectorAmount"":600000.0,""clusterName"":""Food Aid"",""iascSectorname"":""Food Security""}]}",600000,Food Assistance,Other affected persons,"{""projectgrouping"":[]}",Funded,2026-03-19T00:00:00,Natural Disaster,Natural Disaster,Latin America and the Caribbean,Central America,Americas,HRP,"{""projectcapcode"":[]}","{""ProjectCountry"":[{""projectID"":39151,""countryCode"":""SLV"",""countryPercent"":100.0,""totalBudget"":600000.0}]}",Natural Disaster,773,515,1288,1803,1197,2576,1712,3000,4288,2026-03-05T00:00:00,2026-09-04T00:00:00,2026-03-19T00:00:00,2026-04-02T00:00:00,1,5,4,GAM
P,Under Implementation,"This WHO project is part of the collective anticipatory action (AA) framework for drought in El Salvador. The main objective of this AA project is to provide health support. Through this project, WHO provides emergency health kits and the rehabilitation of water systems, alongside training for frontline medical staff and other activities to ensure that families are protected from and prepared for impending severe drought conditions. The project delivers life-saving assistance to 4,000 people, including 1,604 women, 1,374 men, 1,022 children, including 270 people with disabilities.",39152,2026,CERF-SLV-26-RR-WHO-39152,CERF HEALTH AA: Anticipatory actions to reduce the impact of the drought on the health of the population of two departments in the Salvadoran dry corridor.,1519,CERF-SLV-26-RR-1519,3,Rapid Response,32,El Salvador,SLV,3,World Health Organization,WHO,3,World Health Organization,8,Drought,"{""projectsectors"":[{""tableName"":""P"",""projectID"":39152,""projectCode"":""CERF-SLV-26-RR-WHO-39152"",""sectorID"":9,""sectorName"":""Health"",""cERFSectorName"":""Health"",""sectorAmount"":350000.0,""clusterName"":""Health"",""iascSectorname"":""Health""}]}",350000,Health,Other affected persons,"{""projectgrouping"":[]}",Funded,2026-03-19T00:00:00,Natural Disaster,Natural Disaster,Latin America and the Caribbean,Central America,Americas,HRP,"{""projectcapcode"":[]}","{""ProjectCountry"":[{""projectID"":39152,""countryCode"":""SLV"",""countryPercent"":100.0,""totalBudget"":350000.0}]}",Natural Disaster,496,526,1022,1604,1374,2100,1900,2978,4000,2026-03-05T00:00:00,2026-09-04T00:00:00,2026-03-19T00:00:00,2026-03-31T00:00:00,1,4,3,GAM
P,Under Implementation,"This UNICEF project is part of the collective anticipatory action (AA) framework for drought in Honduras. The main objective of this AA project is to provide timely and coordinated anticipatory action in WASH and nutrition against the impact of drought to save lives in vulnerable communities in 2 departments in Honduras (El Paraiso, Francisco Morazan). This UNICEF project provides training and equipment to healthcare workers for the identification and treatment of malnutrition, supplementary feeding, community training in wash and the rehabilitation of water systems, among other activities to ensure that families are protected from and prepared for impending severe drought conditions. The project delivers life-saving assistance to 12,140 people, including 3,740 women, 1,200 men, 7,200 children, including 648 people with disabilities.",39154,2026,CERF-HND-26-RR-CEF-39154,Nutrition and WASH anticipatory action response for children and women in areas affected by drought in Honduras.,1520,CERF-HND-26-RR-1520,3,Rapid Response,42,Honduras,HND,4,United Nations Children’s Fund,UNICEF,4,United Nations Children’s Fund,8,Drought,"{""projectsectors"":[{""tableName"":""P"",""projectID"":39154,""projectCode"":""CERF-HND-26-RR-CEF-39154"",""sectorID"":18,""sectorName"":""Water, Sanitation and Hygiene"",""cERFSectorName"":""Water, Sanitation and Hygiene"",""sectorAmount"":400000.0,""clusterName"":""Water, Sanitation and Hygiene"",""iascSectorname"":""Water Sanitation Hygiene""},{""tableName"":""P"",""projectID"":39154,""projectCode"":""CERF-HND-26-RR-CEF-39154"",""sectorID"":10,""sectorName"":""Nutrition"",""cERFSectorName"":""Nutrition"",""sectorAmount"":400000.0,""clusterName"":""Nutrition"",""iascSectorname"":""Nutrition""}]}",800000,"Nutrition;Water, Sanitation and Hygiene",Other affected persons,"{""projectgrouping"":[]}",Funded,2026-03-17T00:00:00,Natural Disaster,Natural Disaster,Latin America and the Caribbean,Central America,Americas,HRP,"{""projectcapcode"":[]}","{""ProjectCountry"":[{""projectID"":39154,""countryCode"":""HND"",""countryPercent"":100.0,""totalBudget"":800000.0}]}",Natural Disaster,3780,3420,7200,3740,1200,7520,4620,4940,12140,2026-03-05T00:00:00,2026-09-04T00:00:00,2026-03-17T00:00:00,2026-03-26T00:00:00,1,5,4,GAM
P,Under Implementation,"This FAO project is part of the collective anticipatory action (AA) framework for drought in Honduras. The main objective of this AA project is to provide agricultural anticipatory action in preparation for an agricultural drought in Honduras’s dry corridor, focusing on 2 departments in Honduras (El Paraiso, Francisco Morazan). Through this project, FAO provides agricultural inputs, livestock protection packages and water conservation support, among other activities, to ensure that families are protected from and prepared for impending severe drought conditions. The project delivers life-saving assistance to 12,500 people, including 3,995 women, 3,676 men, 4,829 children, including 804 people with disabilities.",39155,2026,CERF-HND-26-RR-FAO-39155,Protecting and strengthening food and nutrition security and the livelihoods of smallholder farming households from the impact of agricultural drought in 5 municipalities in Honduras' dry corridor,1520,CERF-HND-26-RR-1520,3,Rapid Response,42,Honduras,HND,5,Food and Agriculture Organization,FAO,5,Food and Agriculture Organization,8,Drought,"{""projectsectors"":[{""tableName"":""P"",""projectID"":39155,""projectCode"":""CERF-HND-26-RR-FAO-39155"",""sectorID"":1,""sectorName"":""Agriculture"",""cERFSectorName"":""Agriculture"",""sectorAmount"":1200000.0,""clusterName"":""Agriculture"",""iascSectorname"":""Agriculture""}]}",1200000,Agriculture,Other affected persons,"{""projectgrouping"":[]}",Funded,2026-03-17T00:00:00,Natural Disaster,Natural Disaster,Latin America and the Caribbean,Central America,Americas,HRP,"{""projectcapcode"":[]}","{""ProjectCountry"":[{""projectID"":39155,""countryCode"":""HND"",""countryPercent"":100.0,""totalBudget"":1200000.0}]}",Natural Disaster,2551,2278,4829,3995,3676,6546,5954,7671,12500,2026-03-05T00:00:00,2026-09-04T00:00:00,2026-03-17T00:00:00,2026-03-26T00:00:00,1,4,3,GAM
P,Under Implementation,"This WFP project is part of the collective anticipatory action (AA) framework for drought in Honduras. The main objective of this AA project is to provide proactive food security and cash-based support in preparation for severe drought in Honduras’s dry corridor, focusing on 2 districts in Honduras (El Paraiso, Francisco Morazan). Through this project, WFP provides early warning messaging and sector specific cash transfers to ensure that families are protected from and prepared for impending severe drought conditions. The project delivers life-saving assistance to 36,206 people, including 12,310 women, 10,862 men, 13,034 children, including 558 people with disabilities.",39156,2026,CERF-HND-26-RR-WFP-39156,Anticipatory Actions - Dry Corridor (Honduras),1520,CERF-HND-26-RR-1520,3,Rapid Response,42,Honduras,HND,2,World Food Programme,WFP,2,World Food Programme,8,Drought,"{""projectsectors"":[{""tableName"":""P"",""projectID"":39156,""projectCode"":""CERF-HND-26-RR-WFP-39156"",""sectorID"":8,""sectorName"":""Food Assistance"",""cERFSectorName"":""Food Aid"",""sectorAmount"":1600000.0,""clusterName"":""Food Aid"",""iascSectorname"":""Food Security""}]}",1600000,Food Assistance,Other affected persons,"{""projectgrouping"":[]}",Funded,2026-03-17T00:00:00,Natural Disaster,Natural Disaster,Latin America and the Caribbean,Central America,Americas,HRP,"{""projectcapcode"":[]}","{""ProjectCountry"":[{""projectID"":39156,""countryCode"":""HND"",""countryPercent"":100.0,""totalBudget"":1600000.0}]}",Natural Disaster,6517,6517,13034,12310,10862,18827,17379,23172,36206,2026-03-05T00:00:00,2026-09-04T00:00:00,2026-03-17T00:00:00,2026-03-25T00:00:00,1,5,4,GAM
P,Under Implementation,"This WHO project is part of the collective anticipatory action (AA) framework for drought in Honduras. The main objective of this AA project is to provide health support. Through this project, WHO provides supplies for epidemiological surveillance and clinical care, onsite rapid testing and training and supplies for the monitoring and sanitation of water systems to ensure that families are protected from and prepared for impending severe drought conditions. The project delivers life-saving assistance to 29,035 people, including 9,338 women, 10,116 men, 9,581 children, including 870 people with disabilities.",39157,2026,CERF-HND-26-RR-WHO-39157,Anticipatory Action Project to mitigate the humanitarian impact of forecasted drought in the healh sector in five municipalities affected,1520,CERF-HND-26-RR-1520,3,Rapid Response,42,Honduras,HND,3,World Health Organization,WHO,3,World Health Organization,8,Drought,"{""projectsectors"":[{""tableName"":""P"",""projectID"":39157,""projectCode"":""CERF-HND-26-RR-WHO-39157"",""sectorID"":9,""sectorName"":""Health"",""cERFSectorName"":""Health"",""sectorAmount"":400000.0,""clusterName"":""Health"",""iascSectorname"":""Health""}]}",400000,Health,Other affected persons,"{""projectgrouping"":[]}",Funded,2026-03-17T00:00:00,Natural Disaster,Natural Disaster,Latin America and the Caribbean,Central America,Americas,HRP,"{""projectcapcode"":[]}","{""ProjectCountry"":[{""projectID"":39157,""countryCode"":""HND"",""countryPercent"":100.0,""totalBudget"":400000.0}]}",Natural Disaster,4500,5081,9581,9338,10116,13838,15197,19454,29035,2026-03-05T00:00:00,2026-09-04T00:00:00,2026-03-17T00:00:00,2026-03-31T00:00:00,1,5,4,GAM
P,Under Implementation,"This UNICEF project is part of the collective anticipatory action (AA) framework for drought in Guatemala. The main objective of this AA project is to provide timely and coordinated anticipatory action in WASH and nutrition against the impact of drought to save lives in vulnerable communities in 4 departments in Guatemala (Chiquimula, El Progresso, Jalapa, Zacapa). This UNICEF project provides training and equipment to healthcare workers for the identification and treatment of malnutrition, supplementary feeding, community training in wash and the rehabilitation of water systems, among other activities to ensure that families are protected from and prepared for impending severe drought conditions. The project delivers life-saving assistance to 30,800 people, including 10,000 women, 7,500 men, 13,300 children, including 993 people with disabilities.",39158,2026,CERF-GTM-26-RR-CEF-39158,WASH and Nutrition anticipatory action to mitigate the effects of drought in Municipalities of the Dry Corridor in Guatemala ,1521,CERF-GTM-26-RR-1521,3,Rapid Response,38,Guatemala,GTM,4,United Nations Children’s Fund,UNICEF,4,United Nations Children’s Fund,8,Drought,"{""projectsectors"":[{""tableName"":""P"",""projectID"":39158,""projectCode"":""CERF-GTM-26-RR-CEF-39158"",""sectorID"":18,""sectorName"":""Water, Sanitation and Hygiene"",""cERFSectorName"":""Water, Sanitation and Hygiene"",""sectorAmount"":400000.0,""clusterName"":""Water, Sanitation and Hygiene"",""iascSectorname"":""Water Sanitation Hygiene""},{""tableName"":""P"",""projectID"":39158,""projectCode"":""CERF-GTM-26-RR-CEF-39158"",""sectorID"":10,""sectorName"":""Nutrition"",""cERFSectorName"":""Nutrition"",""sectorAmount"":400000.0,""clusterName"":""Nutrition"",""iascSectorname"":""Nutrition""}]}",800000,"Nutrition;Water, Sanitation and Hygiene",Other affected persons,"{""projectgrouping"":[]}",Funded,2026-03-16T00:00:00,Natural Disaster,Natural Disaster,Latin America and the Caribbean,Central America,Americas,HRP,"{""projectcapcode"":[]}","{""ProjectCountry"":[{""projectID"":39158,""countryCode"":""GTM"",""countryPercent"":100.0,""totalBudget"":800000.0}]}",Natural Disaster,7000,6300,13300,10000,7500,17000,13800,17500,30800,2026-03-05T00:00:00,2026-09-04T00:00:00,2026-03-16T00:00:00,2026-03-25T00:00:00,1,5,4,GAM
P,Under Implementation,"This FAO project is part of the collective anticipatory action (AA) framework for drought in Guatemala. The main objective of this AA project is to provide agricultural anticipatory action in preparation for an agricultural drought in Guatemala’s dry corridor, focusing on 4 departments in Guatemala  (Chiquimula, El Progresso, Jalapa, Zacapa). Through this project, FAO provides short-cycle vegetable seeds, livestock protection packages and water conservation support, among other activities, to ensure that families are protected from and prepared for impending severe drought conditions. The project delivers life-saving assistance to 20,818 people, including 6,240 women, 6,032 men, 8,546 children, including 1,662 people with disabilities.",39159,2026,CERF-GTM-26-RR-FAO-39159,Anticipating the impact of agricultural drought in Guatemala’s Dry Corridor,1521,CERF-GTM-26-RR-1521,3,Rapid Response,38,Guatemala,GTM,5,Food and Agriculture Organization,FAO,5,Food and Agriculture Organization,8,Drought,"{""projectsectors"":[{""tableName"":""P"",""projectID"":39159,""projectCode"":""CERF-GTM-26-RR-FAO-39159"",""sectorID"":1,""sectorName"":""Agriculture"",""cERFSectorName"":""Agriculture"",""sectorAmount"":1200000.0,""clusterName"":""Agriculture"",""iascSectorname"":""Agriculture""}]}",1200000,Agriculture,Other affected persons,"{""projectgrouping"":[]}",Funded,2026-03-16T00:00:00,Natural Disaster,Natural Disaster,Latin America and the Caribbean,Central America,Americas,HRP,"{""projectcapcode"":[]}","{""ProjectCountry"":[{""projectID"":39159,""countryCode"":""GTM"",""countryPercent"":100.0,""totalBudget"":1200000.0}]}",Natural Disaster,4386,4160,8546,6240,6032,10626,10192,12272,20818,2026-03-05T00:00:00,2026-09-04T00:00:00,2026-03-16T00:00:00,2026-03-30T00:00:00,1,4,3,GAM
P,Under Implementation,"This WFP project is part of the collective anticipatory action (AA) framework for drought in Guatemala. The main objective of this AA project is to provide proactive food security and cash-based support in preparation for severe drought in Guatemala’s dry corridor, focusing on 4 departments in Guatemala (Chiquimula, El Progresso, Jalapa, Zacapa). Through this project, WFP provides silos for basic grain storage, food assistance and multipurpose cash transfers to ensure that families are protected from and prepared for impending severe drought conditions. The project delivers life-saving assistance to 33,885 people, including 9,148 women, 8,132 men, 16,605 children, including 433 people with disabilities.",39160,2026,CERF-GTM-26-RR-WFP-39160,CERF Anticipatory Action Framework for the Dry Corridor in Guatemala,1521,CERF-GTM-26-RR-1521,3,Rapid Response,38,Guatemala,GTM,2,World Food Programme,WFP,2,World Food Programme,8,Drought,"{""projectsectors"":[{""tableName"":""P"",""projectID"":39160,""projectCode"":""CERF-GTM-26-RR-WFP-39160"",""sectorID"":30,""sectorName"":""Multi-Purpose Cash"",""cERFSectorName"":""Multi-Purpose Cash"",""sectorAmount"":1280000.0,""clusterName"":""Multi-Purpose Cash"",""iascSectorname"":""Multi-Sector""},{""tableName"":""P"",""projectID"":39160,""projectCode"":""CERF-GTM-26-RR-WFP-39160"",""sectorID"":8,""sectorName"":""Food Assistance"",""cERFSectorName"":""Food Aid"",""sectorAmount"":320000.0,""clusterName"":""Food Aid"",""iascSectorname"":""Food Security""}]}",1600000,Food Assistance;Multi-Purpose Cash,Other affected persons,"{""projectgrouping"":[]}",Funded,2026-03-16T00:00:00,Natural Disaster,Natural Disaster,Latin America and the Caribbean,Central America,Americas,HRP,"{""projectcapcode"":[]}","{""ProjectCountry"":[{""projectID"":39160,""countryCode"":""GTM"",""countryPercent"":100.0,""totalBudget"":1600000.0}]}",Natural Disaster,8135,8470,16605,9148,8132,17283,16602,17280,33885,2026-03-05T00:00:00,2026-09-04T00:00:00,2026-03-16T00:00:00,2026-03-25T00:00:00,1,5,4,GAM
P,Under Implementation,"This WHO project is part of the collective anticipatory action (AA) framework for drought in Guatemala. The main objective of this AA project is to provide health support targeting water-borne and vector-borne diseases in anticipation of severe drought in Guatemala’s dry corridor, focusing on 4 departments in Guatemala (Chiquimula, El Progresso, Jalapa, Zacapa). Through this project, WHO provides supplies for epidemiological surveillance and clinical care, onsite rapid testing and training and supplies for the monitoring and sanitation of water systems to ensure that families are protected from and prepared for impending severe drought conditions. The project delivers life-saving assistance to 25,630 people, including 7,047 women, 6,330 men, 12,253 children, including 768 people with disabilities.",39161,2026,CERF-GTM-26-RR-WHO-39161,Reducing the health impact in the dry corridor,1521,CERF-GTM-26-RR-1521,3,Rapid Response,38,Guatemala,GTM,3,World Health Organization,WHO,3,World Health Organization,8,Drought,"{""projectsectors"":[{""tableName"":""P"",""projectID"":39161,""projectCode"":""CERF-GTM-26-RR-WHO-39161"",""sectorID"":9,""sectorName"":""Health"",""cERFSectorName"":""Health"",""sectorAmount"":400000.0,""clusterName"":""Health"",""iascSectorname"":""Health""}]}",400000,Health,Other affected persons,"{""projectgrouping"":[]}",Funded,2026-03-16T00:00:00,Natural Disaster,Natural Disaster,Latin America and the Caribbean,Central America,Americas,HRP,"{""projectcapcode"":[]}","{""ProjectCountry"":[{""projectID"":39161,""countryCode"":""GTM"",""countryPercent"":100.0,""totalBudget"":400000.0}]}",Natural Disaster,6111,6142,12253,7047,6330,13158,12472,13377,25630,2026-03-05T00:00:00,2026-09-04T00:00:00,2026-03-16T00:00:00,2026-03-31T00:00:00,1,5,4,GAM
P,Under Implementation,"The UNICEF project aims to provide multisectoral emergency assistance to populations affected by tropical cyclones Fytia and Gezani in Madagascar. UNICEF and its partners support the rapid resumption of education for 65,000 students through the provision of learning materials and the disinfection of schools used as temporary shelters, deliver Water, Sanitation and Hygiene services by ensuring access to safe drinking water, hygiene promotion, household water treatment, and improved sanitation, and strengthen child protection systems to prevent and respond to risks of violence affecting children, women, and persons with disabilities in cyclone‑affected areas.The project assists 139,870 people, including 22,443 women, 20,697 men, 50,116 girls, and 46,614 boys. An estimated 12,500 persons with disabilities benefit from this project.",39182,2026,CERF-MDG-26-RR-CEF-39182,Réponses post cycloniques FYTIA et GEZANI,1518,CERF-MDG-26-RR-1518,3,Rapid Response,55,Madagascar,MDG,4,United Nations Children’s Fund,UNICEF,4,United Nations Children’s Fund,5,Storm,"{""projectsectors"":[{""tableName"":""P"",""projectID"":39182,""projectCode"":""CERF-MDG-26-RR-CEF-39182"",""sectorID"":14,""sectorName"":""Protection"",""cERFSectorName"":""Protection"",""sectorAmount"":290108.04,""clusterName"":""Protection"",""iascSectorname"":""Protection""},{""tableName"":""P"",""projectID"":39182,""projectCode"":""CERF-MDG-26-RR-CEF-39182"",""sectorID"":18,""sectorName"":""Water, Sanitation and Hygiene"",""cERFSectorName"":""Water, Sanitation and Hygiene"",""sectorAmount"":385176.64,""clusterName"":""Water, Sanitation and Hygiene"",""iascSectorname"":""Water Sanitation Hygiene""},{""tableName"":""P"",""projectID"":39182,""projectCode"":""CERF-MDG-26-RR-CEF-39182"",""sectorID"":7,""sectorName"":""Education"",""cERFSectorName"":""Education"",""sectorAmount"":200116.77,""clusterName"":""Education"",""iascSectorname"":""Education""}]}",875401.45,"Education;Protection;Water, Sanitation and Hygiene",Other affected persons,"{""projectgrouping"":[]}",Funded,2026-03-27T00:00:00,Natural Disaster,Natural Disaster,Eastern Africa,Eastern Africa,Africa,HRP,"{""projectcapcode"":[]}","{""ProjectCountry"":[{""projectID"":39182,""countryCode"":""MDG"",""countryPercent"":100.0,""totalBudget"":875401.45}]}",Natural Disaster,50116,46614,96730,22443,20697,72559,67311,43140,139870,2026-03-06T00:00:00,2026-09-05T00:00:00,2026-03-27T00:00:00,2026-04-06T00:00:00,1,5,4,GAM
P,Under Implementation,"The FAO project aims to provide emergency agricultural assistance to vulnerable households affected by the tropical cyclones Fytia and Gezani. FAO and its partners support the recovery of staple and horticultural production through the provision of agricultural inputs, conduct livestock vaccination and deworming campaigns, provide veterinary treatments for poultry and small ruminants, and distribute fishing kits with technical support to affected fishing households. The project provides livelihood assistance to 51,000 people, including 11,220 women, 9,180 men, 16,830 girls, and 13,770 boys. An estimated 2,550 persons with disabilities benefit from this project.",39183,2026,CERF-MDG-26-RR-FAO-39183,Assistance agricole d’urgence aux ménages vulnérables affectés par les cyclones tropicaux Fytia et Gezani,1518,CERF-MDG-26-RR-1518,3,Rapid Response,55,Madagascar,MDG,5,Food and Agriculture Organization,FAO,5,Food and Agriculture Organization,5,Storm,"{""projectsectors"":[{""tableName"":""P"",""projectID"":39183,""projectCode"":""CERF-MDG-26-RR-FAO-39183"",""sectorID"":1,""sectorName"":""Agriculture"",""cERFSectorName"":""Agriculture"",""sectorAmount"":790000.09,""clusterName"":""Agriculture"",""iascSectorname"":""Agriculture""}]}",790000.09,Agriculture,Other affected persons,"{""projectgrouping"":[]}",Funded,2026-03-17T00:00:00,Natural Disaster,Natural Disaster,Eastern Africa,Eastern Africa,Africa,HRP,"{""projectcapcode"":[]}","{""ProjectCountry"":[{""projectID"":39183,""countryCode"":""MDG"",""countryPercent"":100.0,""totalBudget"":790000.09}]}",Natural Disaster,16830,13770,30600,11220,9180,28050,22950,20400,51000,2026-03-10T00:00:00,2026-09-09T00:00:00,2026-03-17T00:00:00,2026-03-26T00:00:00,1,5,4,GAM
P,Under Implementation,"The IOM project aims to provide emergency shelter, non-food item assistance, and support to displaced populations affected by tropical cyclones Fytia and Gezani. IOM and its partners provide emergency shelter repair assistance, shelter and NFI kits, conditional cash transfers for shelter repair, and CCCM support to displaced populations to improve living conditions and access to services. The project assists 25,000 people, including 9,500 women, 7,000 men, 4,500 girls, and 4,000 boys. An estimated 1,500 persons with disabilities benefit from this project.",39184,2026,CERF-MDG-26-RR-IOM-39184,Assistance abris et articles ménagers et soutien aux populations déplacées pour les personnes affectées par le cyclone FYTIA et GEZANI dans la région de Boeny et Atsinanana,1518,CERF-MDG-26-RR-1518,3,Rapid Response,55,Madagascar,MDG,7,International Organization for Migration,IOM,7,International Organization for Migration,5,Storm,"{""projectsectors"":[{""tableName"":""P"",""projectID"":39184,""projectCode"":""CERF-MDG-26-RR-IOM-39184"",""sectorID"":17,""sectorName"":""Shelter and Non-Food Items"",""cERFSectorName"":""Shelter"",""sectorAmount"":545000.0,""clusterName"":""Shelter and Non-Food Items"",""iascSectorname"":""Emergency Shelter and NFI""}]}",545000,Shelter and Non-Food Items,Returnees;Internally displaced persons,"{""projectgrouping"":[]}",Funded,2026-03-17T00:00:00,Natural Disaster,Natural Disaster,Eastern Africa,Eastern Africa,Africa,HRP,"{""projectcapcode"":[]}","{""ProjectCountry"":[{""projectID"":39184,""countryCode"":""MDG"",""countryPercent"":100.0,""totalBudget"":545000.0}]}",Natural Disaster,4500,4000,8500,9500,7000,14000,11000,16500,25000,2026-03-25T00:00:00,2026-09-24T00:00:00,2026-03-17T00:00:00,2026-03-25T00:00:00,1,3,2,GAM
P,Under Implementation,"The WHO project delivers an emergency health response to populations affected by tropical cyclones Fytia and Gezani. It restores access to essential health services through support to health facilities, deployment of mobile medical teams, and provision of essential medicines and supplies. The project strengthens disease surveillance and rapid response to epidemic-prone diseases, including mpox, measles, malaria, and diarrheal diseases, while implementing IPC/WASH measures and community engagement to reduce transmission risks. The project provides life-saving assistance to 27,916 individuals, including 7,050 women, 7,120 girls, 6,920 men, and 6,826 boys, including 837 persons with disabilities.",39185,2026,CERF-MDG-26-RR-WHO-39185,Appui de l’OMS à la réponse sanitaire d’urgence face aux impacts des cyclones FYTIA et GEZANI à Madagascar 2026 ,1518,CERF-MDG-26-RR-1518,3,Rapid Response,55,Madagascar,MDG,3,World Health Organization,WHO,3,World Health Organization,5,Storm,"{""projectsectors"":[{""tableName"":""P"",""projectID"":39185,""projectCode"":""CERF-MDG-26-RR-WHO-39185"",""sectorID"":9,""sectorName"":""Health"",""cERFSectorName"":""Health"",""sectorAmount"":799999.28,""clusterName"":""Health"",""iascSectorname"":""Health""}]}",799999.28,Health,Other affected persons,"{""projectgrouping"":[]}",Funded,2026-03-25T00:00:00,Natural Disaster,Natural Disaster,Eastern Africa,Eastern Africa,Africa,HRP,"{""projectcapcode"":[]}","{""ProjectCountry"":[{""projectID"":39185,""countryCode"":""MDG"",""countryPercent"":100.0,""totalBudget"":799999.28}]}",Natural Disaster,7120,6826,13946,7050,6920,14170,13746,13970,27916,2026-02-20T00:00:00,2026-08-19T00:00:00,2026-03-25T00:00:00,2026-04-09T00:00:00,1,5,4,GAM
P,Under Implementation,"The WFP project aims to provide emergency food assistance and early recovery support to populations affected by tropical cyclones Fytia and Gezani in Madagascar. WFP and its partners provide unconditional cash transfers to households affected by Cyclone Gezani to meet urgent food needs, conditional cash transfers to support early recovery through the rehabilitation of community infrastructure and restoration of livelihoods damaged by Cyclone Fytia, and immediate logistics support to facilitate the delivery of humanitarian supplies and non-food items.The project assists 45,122 people, including 7,220 women, 5,866 men, 17,146 girls, and 14,890 boys. An estimated 266 persons with disabilities benefit from this project.",39186,2026,CERF-MDG-26-RR-WFP-39186,Assistance alimentaire d’urgence et relèvement post-cyclones dans les zones les plus touchées par les cyclones Pytia et Gezani ,1518,CERF-MDG-26-RR-1518,3,Rapid Response,55,Madagascar,MDG,2,World Food Programme,WFP,2,World Food Programme,5,Storm,"{""projectsectors"":[{""tableName"":""P"",""projectID"":39186,""projectCode"":""CERF-MDG-26-RR-WFP-39186"",""sectorID"":8,""sectorName"":""Food Assistance"",""cERFSectorName"":""Food Aid"",""sectorAmount"":1450068.48,""clusterName"":""Food Aid"",""iascSectorname"":""Food Security""},{""tableName"":""P"",""projectID"":39186,""projectCode"":""CERF-MDG-26-RR-WFP-39186"",""sectorID"":3,""sectorName"":""Common Services"",""cERFSectorName"":""Logistics"",""sectorAmount"":39932.01,""clusterName"":""Common Services"",""iascSectorname"":""Logistics""}]}",1490000.49,Common Services;Food Assistance,Other affected persons,"{""projectgrouping"":[]}",Funded,2026-03-17T00:00:00,Natural Disaster,Natural Disaster,Eastern Africa,Eastern Africa,Africa,HRP,"{""projectcapcode"":[]}","{""ProjectCountry"":[{""projectID"":39186,""countryCode"":""MDG"",""countryPercent"":100.0,""totalBudget"":1490000.49}]}",Natural Disaster,17146,14890,32036,7220,5866,24366,20756,13086,45122,2026-03-01T00:00:00,2026-08-31T00:00:00,2026-03-17T00:00:00,2026-03-25T00:00:00,1,5,4,GAM
P,Under Implementation,"The main objective of this project is to reduce morbidity and mortality related to acute malnutrition and diarrheal diseases among vulnerable populations in the targeted departments of Maradi and Tillabéri by strengthening access to essential nutrition services and water, sanitation, and hygiene services. This UNICEF project provides 500 latrines, reconstructs/rehabilitates 5 water points, admits over 12,000 children to SAM treatment programme, among other activities. The project provides life-saving assistance to 80,436 people, including 9,639 women, 9,261 men, 61,536 children, and including 3,277 people with disabilities.",39187,2026,CERF-NER-26-RR-CEF-39187,Réponse d’urgence multisectorielle (WASH et Nutrition) aux communautés affectées par les mouvements de population dans les régions de Tillabéry et Maradi ,1523,CERF-NER-26-RR-1523,3,Rapid Response,66,Niger,NER,4,United Nations Children’s Fund,UNICEF,4,United Nations Children’s Fund,29,Displacement/Migration,"{""projectsectors"":[{""tableName"":""P"",""projectID"":39187,""projectCode"":""CERF-NER-26-RR-CEF-39187"",""sectorID"":18,""sectorName"":""Water, Sanitation and Hygiene"",""cERFSectorName"":""Water, Sanitation and Hygiene"",""sectorAmount"":999990.43,""clusterName"":""Water, Sanitation and Hygiene"",""iascSectorname"":""Water Sanitation Hygiene""},{""tableName"":""P"",""projectID"":39187,""projectCode"":""CERF-NER-26-RR-CEF-39187"",""sectorID"":10,""sectorName"":""Nutrition"",""cERFSectorName"":""Nutrition"",""sectorAmount"":999990.44,""clusterName"":""Nutrition"",""iascSectorname"":""Nutrition""}]}",1999980.87,"Nutrition;Water, Sanitation and Hygiene",Host communities;Refugees;Internally displaced persons,"{""projectgrouping"":[]}",Funded,2026-03-17T00:00:00,,Man-made,Western Africa,Western Africa,Africa,HRP,"{""projectcapcode"":[]}","{""ProjectCountry"":[{""projectID"":39187,""countryCode"":""NER"",""countryPercent"":100.0,""totalBudget"":1999980.87}]}",,30995,30541,61536,9639,9261,40634,39802,18900,80436,2026-03-26T00:00:00,2026-09-25T00:00:00,2026-03-17T00:00:00,2026-03-26T00:00:00,1,3,2,GAM
P,Under Implementation,"The main objective of this project is to improve access to case management and emergency psychosocial support for GBV survivors, children at risk, and people with specific needs; accelerate pre-registration/biometric verification and referral of new arrivals by reducing risks related to lack of civil documents; and strengthen community mechanisms to prevent and mitigate protection risks and local tensions. This United Nations High Commissioner for Refugees (UNHCR) project provides pre-registration/biometric verification and referral of 25000 new arrivals; and strengthening community mechanisms to prevent and mitigate protection risks and local tensions. The project provides life-saving assistance to 30000 people, including 6885 women, 6615 men, 16500 children, and including 1500 people with disabilities.",39188,2026,CERF-NER-26-RR-HCR-39188,Renforcement de l’accès immédiat aux services de protection et aux services essentiels pour les personnes déplacées de force et les communautés hôtes vulnérables dans la région de Tillabéri,1523,CERF-NER-26-RR-1523,3,Rapid Response,66,Niger,NER,11,United Nations High Commissioner for Refugees,UNHCR,11,United Nations High Commissioner for Refugees,29,Displacement/Migration,"{""projectsectors"":[{""tableName"":""P"",""projectID"":39188,""projectCode"":""CERF-NER-26-RR-HCR-39188"",""sectorID"":14,""sectorName"":""Protection"",""cERFSectorName"":""Protection"",""sectorAmount"":1000001.47,""clusterName"":""Protection"",""iascSectorname"":""Protection""}]}",1000001.47,Protection,Host communities;Refugees;Internally displaced persons,"{""projectgrouping"":[]}",Funded,2026-03-17T00:00:00,,Man-made,Western Africa,Western Africa,Africa,HRP,"{""projectcapcode"":[]}","{""ProjectCountry"":[{""projectID"":39188,""countryCode"":""NER"",""countryPercent"":100.0,""totalBudget"":1000001.47}]}",,8415,8085,16500,6885,6615,15300,14700,13500,30000,2026-03-25T00:00:00,2026-09-24T00:00:00,2026-03-17T00:00:00,2026-03-25T00:00:00,1,5,4,GAM
P,Under Implementation,"The main objective of this project is to provide humanitarian assistance in emergency shelter and non-food items to 1,120 households, or 7,840 of the most vulnerable displaced persons in the commune of Téra, Tillaberi region. This International Organization for Migration project provides emergency shelter and non-food items to 7,840 people, including 1,593 women, 1,519 men, and 4,728 children.",39189,2026,CERF-NER-26-RR-IOM-39189,Assistance humanitaire d'urgence pour les populations victimes du conflit dans le département de Tera/région de Tillabéri.,1523,CERF-NER-26-RR-1523,3,Rapid Response,66,Niger,NER,7,International Organization for Migration,IOM,7,International Organization for Migration,29,Displacement/Migration,"{""projectsectors"":[{""tableName"":""P"",""projectID"":39189,""projectCode"":""CERF-NER-26-RR-IOM-39189"",""sectorID"":17,""sectorName"":""Shelter and Non-Food Items"",""cERFSectorName"":""Shelter"",""sectorAmount"":1000000.13,""clusterName"":""Shelter and Non-Food Items"",""iascSectorname"":""Emergency Shelter and NFI""}]}",1000000.13,Shelter and Non-Food Items,Internally displaced persons,"{""projectgrouping"":[]}",Funded,2026-03-17T00:00:00,,Man-made,Western Africa,Western Africa,Africa,HRP,"{""projectcapcode"":[]}","{""ProjectCountry"":[{""projectID"":39189,""countryCode"":""NER"",""countryPercent"":100.0,""totalBudget"":1000000.13}]}",,2420,2308,4728,1593,1519,4013,3827,3112,7840,2026-03-25T00:00:00,2026-09-24T00:00:00,2026-03-17T00:00:00,2026-03-25T00:00:00,1,5,4,GAM
P,Under Implementation,"The main objective of this project is to strengthen the provision of essential health care services for internally displaced persons and vulnerable populations in the regions of Tillabéri and Maradi. This World Health Organization project provides health care services including psychosocial support and vaccination to 172,243 people, including 36,565 women, 38,856 men, 96,822 children, and including 7,235 people with disabilities.",39190,2026,CERF-NER-26-RR-WHO-39190,"Assistance médico-sanitaire aux personnes déplacées internes et populations vulnérables dans les régions sanitaires de Tillabéri et Maradi au Niger.
",1523,CERF-NER-26-RR-1523,3,Rapid Response,66,Niger,NER,3,World Health Organization,WHO,3,World Health Organization,29,Displacement/Migration,"{""projectsectors"":[{""tableName"":""P"",""projectID"":39190,""projectCode"":""CERF-NER-26-RR-WHO-39190"",""sectorID"":9,""sectorName"":""Health"",""cERFSectorName"":""Health"",""sectorAmount"":1000000.0,""clusterName"":""Health"",""iascSectorname"":""Health""}]}",1000000,Health,Host communities;Refugees;Internally displaced persons,"{""projectgrouping"":[]}",Funded,2026-03-25T00:00:00,,Man-made,Western Africa,Western Africa,Africa,HRP,"{""projectcapcode"":[]}","{""ProjectCountry"":[{""projectID"":39190,""countryCode"":""NER"",""countryPercent"":100.0,""totalBudget"":1000000.0}]}",,46941,49881,96822,36565,38856,83506,88737,75421,172243,2026-04-01T00:00:00,2026-09-30T00:00:00,2026-03-25T00:00:00,2026-04-09T00:00:00,1,2,1,GAM
P,Under Implementation,"With this project, UNHCR delivers an integrated package of protection, shelter, and cash assistance, prioritizing life-saving support and the centrality of protection across all activities.Protection response prioritizes persons with specific needs, including individuals with particular vulnerabilities and facing heightened protection risks, ensuring timely access to case management, psychosocial support, and specialized services. The project targets a combined total of 69,019 affected people, with life-saving activities in the Protection and Shelter and Non-Food Items sectors; multi-purpose cash is also used as an assistance modality.",39478,2026,CERF-LBN-26-RR-HCR-39478,"Protection, shelter and cash interventions addressing the impact of heightened hostilities in Lebanon, with a focus on providing critical support to displaced populations",1525,CERF-LBN-26-RR-1525,3,Rapid Response,52,Lebanon,LBN,11,United Nations High Commissioner for Refugees,UNHCR,11,United Nations High Commissioner for Refugees,29,Displacement/Migration,"{""projectsectors"":[{""tableName"":""P"",""projectID"":39478,""projectCode"":""CERF-LBN-26-RR-HCR-39478"",""sectorID"":30,""sectorName"":""Multi-Purpose Cash"",""cERFSectorName"":""Multi-Purpose Cash"",""sectorAmount"":999986.56,""clusterName"":""Multi-Purpose Cash"",""iascSectorname"":""Multi-Sector""},{""tableName"":""P"",""projectID"":39478,""projectCode"":""CERF-LBN-26-RR-HCR-39478"",""sectorID"":14,""sectorName"":""Protection"",""cERFSectorName"":""Protection"",""sectorAmount"":999986.56,""clusterName"":""Protection"",""iascSectorname"":""Protection""},{""tableName"":""P"",""projectID"":39478,""projectCode"":""CERF-LBN-26-RR-HCR-39478"",""sectorID"":17,""sectorName"":""Shelter and Non-Food Items"",""cERFSectorName"":""Shelter"",""sectorAmount"":1999973.12,""clusterName"":""Shelter and Non-Food Items"",""iascSectorname"":""Emergency Shelter and NFI""}]}",3999946.24,Multi-Purpose Cash;Protection;Shelter and Non-Food Items,Refugees;Internally displaced persons,"{""projectgrouping"":[]}",Funded,2026-04-10T00:00:00,,Man-made,Western Asia,Western Asia,Asia,HRP,"{""projectcapcode"":[]}","{""ProjectCountry"":[{""projectID"":39478,""countryCode"":""LBN"",""countryPercent"":100.0,""totalBudget"":3999946.24}]}",,14777,15066,29843,20184,18992,34961,34058,39176,69019,2026-03-02T00:00:00,2026-09-01T00:00:00,2026-04-10T00:00:00,2026-04-15T00:00:00,1,4,3,GAM
P,Under Implementation,"Through this CERF RR allocation, UNICEF aims to scale up and sustain essential lifesaving WASH services in high priority collective shelters, targeting the most vulnerable displaced populations and preventing waterborne disease outbreaks during sustained mass displacement. The project targets a total of 47,243 most vulnerable affected people, with life-saving activities in the following sectors: Protection (CP) and Water, Sanitation and Hygiene.",39479,2026,CERF-LBN-26-RR-CEF-39479,"Responding to urgent WASH and Protection needs of children, women and families affected by the conflict in Lebanon",1525,CERF-LBN-26-RR-1525,3,Rapid Response,52,Lebanon,LBN,4,United Nations Children’s Fund,UNICEF,4,United Nations Children’s Fund,29,Displacement/Migration,"{""projectsectors"":[{""tableName"":""P"",""projectID"":39479,""projectCode"":""CERF-LBN-26-RR-CEF-39479"",""sectorID"":18,""sectorName"":""Water, Sanitation and Hygiene"",""cERFSectorName"":""Water, Sanitation and Hygiene"",""sectorAmount"":1250000.0,""clusterName"":""Water, Sanitation and Hygiene"",""iascSectorname"":""Water Sanitation Hygiene""},{""tableName"":""P"",""projectID"":39479,""projectCode"":""CERF-LBN-26-RR-CEF-39479"",""sectorID"":25,""sectorName"":""Protection"",""cERFSectorName"":""Child Protection"",""sectorAmount"":1250000.0,""clusterName"":""Protection"",""iascSectorname"":""Child Protection""}]}",2500000,"Protection;Water, Sanitation and Hygiene",Refugees;Internally displaced persons,"{""projectgrouping"":[]}",Funded,2026-04-08T00:00:00,,Man-made,Western Asia,Western Asia,Asia,HRP,"{""projectcapcode"":[]}","{""ProjectCountry"":[{""projectID"":39479,""countryCode"":""LBN"",""countryPercent"":100.0,""totalBudget"":2500000.0}]}",,9687,4673,14360,20583,12300,30270,16973,32883,47243,2026-03-15T00:00:00,2026-09-14T00:00:00,2026-04-08T00:00:00,2026-04-13T00:00:00,1,5,4,GAM
P,Under Implementation,"Among the new IDPs in Lebanon, there are an estimated 300,000 women of childbearing age, with more than 12,000 who are pregnant facing disrupted access to emergency obstetric care, already resulting in neonatal deaths and births occurring on the road. Over 133,000 people reside in 645 collective shelters where women and girls make up to 54% of the population - they are exposed to increased risks of gender-based violence and poor menstrual health management due to overcrowded shelters, lack of gender-segregated sanitation facilities and insufficient lighting. This project targets 11,450 most vulnerable affected people with life-saving activities in the Protection (GBV) and Health (SRH) sectors.",39480,2026,CERF-LBN-26-RR-FPA-39480,Lifesaving SRH and GBV interventions for conflict-affected and displaced populations in Lebanon,1525,CERF-LBN-26-RR-1525,3,Rapid Response,52,Lebanon,LBN,6,United Nations Population Fund,UNFPA,6,United Nations Population Fund,29,Displacement/Migration,"{""projectsectors"":[{""tableName"":""P"",""projectID"":39480,""projectCode"":""CERF-LBN-26-RR-FPA-39480"",""sectorID"":20,""sectorName"":""Protection"",""cERFSectorName"":""Gender-Based Violence"",""sectorAmount"":574000.34,""clusterName"":""Protection"",""iascSectorname"":""Gender Based Violence""},{""tableName"":""P"",""projectID"":39480,""projectCode"":""CERF-LBN-26-RR-FPA-39480"",""sectorID"":32,""sectorName"":""Health"",""cERFSectorName"":""Sexual and Reproductive Health"",""sectorAmount"":826000.5,""clusterName"":""Health"",""iascSectorname"":""Health""}]}",1400000.84,Health;Protection,Host communities;Refugees;Returnees;Internally displaced persons,"{""projectgrouping"":[]}",Funded,2026-04-08T00:00:00,,Man-made,Western Asia,Western Asia,Asia,HRP,"{""projectcapcode"":[]}","{""ProjectCountry"":[{""projectID"":39480,""countryCode"":""LBN"",""countryPercent"":100.0,""totalBudget"":1400000.84}]}",,2025,75,2100,9275,75,11300,150,9350,11450,2026-03-25T00:00:00,2026-09-24T00:00:00,2026-04-08T00:00:00,2026-04-10T00:00:00,1,5,4,GAM
P,Under Implementation,"UNRWA will deliver life‑saving, dignified, and inclusive assistance to displaced populations residing in UNRWA‑managed Designated Emergency Shelters (DESs) across Lebanon. The project addresses the acute humanitarian needs resulting from sudden mass displacement, which has placed immediate pressure on food access, shelter provision, essential WASH services, and overall living standards. The project targets a total of 4,000 affected people in collective centers, with life-saving activities in the Food Security and Shelter and Non-Food Items sectors.",39481,2026,CERF-LBN-26-RR-RWA-39481,"Restoring Safety and Dignity for Displaced Households in UNRWA Shelters: Food Assistance, Critical Shelter Repairs, Decommissioning, and Core Relief Items",1525,CERF-LBN-26-RR-1525,3,Rapid Response,52,Lebanon,LBN,13,United Nations Relief and Works Agency ,UNRWA,13,United Nations Relief and Works Agency ,29,Displacement/Migration,"{""projectsectors"":[{""tableName"":""P"",""projectID"":39481,""projectCode"":""CERF-LBN-26-RR-RWA-39481"",""sectorID"":8,""sectorName"":""Food Assistance"",""cERFSectorName"":""Food Aid"",""sectorAmount"":250000.0,""clusterName"":""Food Aid"",""iascSectorname"":""Food Security""},{""tableName"":""P"",""projectID"":39481,""projectCode"":""CERF-LBN-26-RR-RWA-39481"",""sectorID"":17,""sectorName"":""Shelter and Non-Food Items"",""cERFSectorName"":""Shelter"",""sectorAmount"":750000.0,""clusterName"":""Shelter and Non-Food Items"",""iascSectorname"":""Emergency Shelter and NFI""}]}",1000000,Food Assistance;Shelter and Non-Food Items,Refugees;Internally displaced persons,"{""projectgrouping"":[]}",Funded,2026-04-09T00:00:00,,Man-made,Western Asia,Western Asia,Asia,HRP,"{""projectcapcode"":[]}","{""ProjectCountry"":[{""projectID"":39481,""countryCode"":""LBN"",""countryPercent"":100.0,""totalBudget"":1000000.0}]}",,899,818,1717,1264,1019,2163,1837,2283,4000,2026-03-10T00:00:00,2026-12-09T00:00:00,2026-04-09T00:00:00,2026-04-16T00:00:00,1,2,1,GAM
P,Under Implementation,"In response to the recent escalation of hostilities in Lebanon, WHO is delivering a range of life-saving health interventions in the affected areas in close collaboration with the Government of Lebanon and health sector partners. WHO’s strategic response is also aligned with the HCT Flash Appeal and “Lebanon Response Plan-2026"". The project targets 2,352 affected people with lifesaving activities in the Health sector.",39482,2026,CERF-LBN-26-RR-WHO-39482,Emergency Support for Trauma Care Kits and Hospitalization Coverage Amid Escalating Hostilities in Lebanon (2026),1525,CERF-LBN-26-RR-1525,3,Rapid Response,52,Lebanon,LBN,3,World Health Organization,WHO,3,World Health Organization,29,Displacement/Migration,"{""projectsectors"":[{""tableName"":""P"",""projectID"":39482,""projectCode"":""CERF-LBN-26-RR-WHO-39482"",""sectorID"":9,""sectorName"":""Health"",""cERFSectorName"":""Health"",""sectorAmount"":1599999.92,""clusterName"":""Health"",""iascSectorname"":""Health""}]}",1599999.92,Health,Internally displaced persons,"{""projectgrouping"":[]}",Funded,2026-04-10T00:00:00,,Man-made,Western Asia,Western Asia,Asia,HRP,"{""projectcapcode"":[]}","{""ProjectCountry"":[{""projectID"":39482,""countryCode"":""LBN"",""countryPercent"":100.0,""totalBudget"":1599999.92}]}",,119,118,237,470,1645,589,1763,2115,2352,2026-03-02T00:00:00,2026-09-01T00:00:00,2026-04-10T00:00:00,2026-04-15T00:00:00,1,5,4,GAM
P,Under Implementation,"This project provides life‑saving assistance to conflict‑affected people in Lebanon – displaced Lebanese and Syrians – through two complementary modalities: daily meals for displaced populations residing in collective shelters, and emergency multi-purpose cash assistance for families in areas where markets continue to function. The objective is to ensure uninterrupted access to sufficient, safe and nutritious food during displacement, reduce harmful coping strategies, and help stabilize households as the situation evolves. The project directly targets 32,364 affected people with life-saving activities in the Food Security (Food Assistance) sector.",39483,2026,CERF-LBN-26-RR-WFP-39483,Life-saving cash and meals assistance to conflict-affected people in Lebanon,1525,CERF-LBN-26-RR-1525,3,Rapid Response,52,Lebanon,LBN,2,World Food Programme,WFP,2,World Food Programme,29,Displacement/Migration,"{""projectsectors"":[{""tableName"":""P"",""projectID"":39483,""projectCode"":""CERF-LBN-26-RR-WFP-39483"",""sectorID"":8,""sectorName"":""Food Assistance"",""cERFSectorName"":""Food Aid"",""sectorAmount"":4500000.0,""clusterName"":""Food Aid"",""iascSectorname"":""Food Security""}]}",4500000,Food Assistance,Internally displaced persons,"{""projectgrouping"":[]}",Funded,2026-04-09T00:00:00,,Man-made,Western Asia,Western Asia,Asia,HRP,"{""projectcapcode"":[]}","{""ProjectCountry"":[{""projectID"":39483,""countryCode"":""LBN"",""countryPercent"":100.0,""totalBudget"":4500000.0}]}",,5178,5178,10356,11975,10033,17153,15211,22008,32364,2026-04-13T00:00:00,2026-10-12T00:00:00,2026-04-09T00:00:00,2026-04-13T00:00:00,1,5,4,GAM
P,Under Implementation,"This FAO project is part of the collective anticipatory action (AA) framework for drought in Mauritania.  The main objective of this AA project is to provide agricultural assistance to vulnerable communities at risk of severe drought across the Guidimakha region of Mauritania. Through this project, FAO provides cash transfers and drought resistant agricultural inputs, promotes forage conservation techniques and distributes livestock feed among other activities to ensure that communities are protected from and prepared for impending severe drought conditions. The project provides life-saving assistance to an estimated 12,100 people, including 3,640 women, 4,020 men, and 4,440 children.",39484,2026,CERF-MRT-26-RR-FAO-39484,Actions anticipatoires pour réduire l’impact des sécheresses sur les populations les plus à risque dans la région du Guidimakha,1526,CERF-MRT-26-RR-1526,3,Rapid Response,58,Mauritania,MRT,5,Food and Agriculture Organization,FAO,5,Food and Agriculture Organization,8,Drought,"{""projectsectors"":[{""tableName"":""P"",""projectID"":39484,""projectCode"":""CERF-MRT-26-RR-FAO-39484"",""sectorID"":1,""sectorName"":""Agriculture"",""cERFSectorName"":""Agriculture"",""sectorAmount"":500000.0,""clusterName"":""Agriculture"",""iascSectorname"":""Agriculture""}]}",500000,Agriculture,Host communities,"{""projectgrouping"":[]}",Funded,2026-05-19T00:00:00,Natural Disaster,Natural Disaster,Western Africa,Western Africa,Africa,HRP,"{""projectcapcode"":[]}","{""ProjectCountry"":[{""projectID"":39484,""countryCode"":""MRT"",""countryPercent"":100.0,""totalBudget"":500000.0}]}",Natural Disaster,2514,1926,4440,3640,4020,6154,5946,7660,12100,2026-05-24T00:00:00,2026-11-23T00:00:00,2026-05-19T00:00:00,2026-05-29T00:00:00,1,3,2,GAM
P,Under Implementation,"This WFP project is part of the collective anticipatory action (AA) framework for drought in Mauritania. The main objective of this AA project is to provide food security assistance to vulnerable communities at risk of severe drought across the Guidimakha region of Mauritania. Through this project, WFP provides multipurpose cash transfers, among other activities to ensure that communities are protected from and prepared for impending severe drought conditions. The project provides life-saving assistance to an estimated 34,449 people, including 8,784 women, 8,440 men,  and 17,225 children, including 584 people with disabilities.",39485,2026,CERF-MRT-26-RR-WFP-39485,Anticipatory action and early response to mitigate drought impacts on vulnerable households,1526,CERF-MRT-26-RR-1526,3,Rapid Response,58,Mauritania,MRT,2,World Food Programme,WFP,2,World Food Programme,8,Drought,"{""projectsectors"":[{""tableName"":""P"",""projectID"":39485,""projectCode"":""CERF-MRT-26-RR-WFP-39485"",""sectorID"":10,""sectorName"":""Nutrition"",""cERFSectorName"":""Nutrition"",""sectorAmount"":9500.0,""clusterName"":""Nutrition"",""iascSectorname"":""Nutrition""},{""tableName"":""P"",""projectID"":39485,""projectCode"":""CERF-MRT-26-RR-WFP-39485"",""sectorID"":8,""sectorName"":""Food Assistance"",""cERFSectorName"":""Food Aid"",""sectorAmount"":940500.0,""clusterName"":""Food Aid"",""iascSectorname"":""Food Security""}]}",950000,Food Assistance;Nutrition,Other affected persons,"{""projectgrouping"":[]}",Funded,2026-05-19T00:00:00,Natural Disaster,Natural Disaster,Western Africa,Western Africa,Africa,HRP,"{""projectcapcode"":[]}","{""ProjectCountry"":[{""projectID"":39485,""countryCode"":""MRT"",""countryPercent"":100.0,""totalBudget"":950000.0}]}",Natural Disaster,8785,8440,17225,8784,8440,17569,16880,17224,34449,2026-05-24T00:00:00,2026-11-23T00:00:00,2026-05-19T00:00:00,2026-05-28T00:00:00,1,5,4,GAM
P,Under Implementation,"This UNICEF project is part of the collective anticipatory action (AA) framework for drought in Mauritania. The main objective of this AA project is to provide nutrition and WASH assistance to vulnerable communities at risk of severe drought across the Guidimakha region of Mauritania. Through this project, UNICEF provides Multi-micronutrient (MNP) supplementation for children, emergency storage and treatment of drinking water, as well as education on good hygiene practice, among other activities to ensure that communities are protected from and prepared for impending severe drought conditions. The project provides life-saving assistance to an estimated 64,750 people, including 31,372 women, 11,152 men, and 21,865 children, including 7,580 persons with disabilities.",39486,2026,CERF-MRT-26-RR-CEF-39486,Actions anticipatoires dans la nutrition et la WASH pour la sécheresse dans la région de Guidimahka en Mauritanie ,1526,CERF-MRT-26-RR-1526,3,Rapid Response,58,Mauritania,MRT,4,United Nations Children’s Fund,UNICEF,4,United Nations Children’s Fund,8,Drought,"{""projectsectors"":[{""tableName"":""P"",""projectID"":39486,""projectCode"":""CERF-MRT-26-RR-CEF-39486"",""sectorID"":18,""sectorName"":""Water, Sanitation and Hygiene"",""cERFSectorName"":""Water, Sanitation and Hygiene"",""sectorAmount"":399999.97,""clusterName"":""Water, Sanitation and Hygiene"",""iascSectorname"":""Water Sanitation Hygiene""},{""tableName"":""P"",""projectID"":39486,""projectCode"":""CERF-MRT-26-RR-CEF-39486"",""sectorID"":10,""sectorName"":""Nutrition"",""cERFSectorName"":""Nutrition"",""sectorAmount"":399999.98,""clusterName"":""Nutrition"",""iascSectorname"":""Nutrition""}]}",799999.95,"Nutrition;Water, Sanitation and Hygiene",Other affected persons,"{""projectgrouping"":[]}",Funded,2026-05-19T00:00:00,Natural Disaster,Natural Disaster,Western Africa,Western Africa,Africa,HRP,"{""projectcapcode"":[]}","{""ProjectCountry"":[{""projectID"":39486,""countryCode"":""MRT"",""countryPercent"":100.0,""totalBudget"":799999.95}]}",Natural Disaster,11152,10713,21865,31372,19641,42524,30354,51013,72878,2026-05-24T00:00:00,2026-11-23T00:00:00,2026-05-19T00:00:00,2026-05-28T00:00:00,1,5,4,GAM
P,Under Implementation,"This IOM project is part of the collective anticipatory action (AA) framework for drought in Mauritania.  The main objective of this AA project is to provide protection assistance to vulnerable communities at risk of severe drought across the Guidimakha region of Mauritania. Through this project, IOM harmonizes and simplifies alert messages, ensuring the accessibility of communications of impending drought, increasing the awareness amongst the most vulnerable and isolated communities. The project assists an estimated 87,000 indirectly as well as 1,194 people directly, including 373 women, 344 men, and 477 children, including 191 people with disabilities.",39487,2026,CERF-MRT-26-RR-IOM-39487,Mauritanie – Action Anticipatoire (AA) Sécheresse – Guidimakha : diffusion de messages d’alerte précoce multisectoriels et sensibilisation communautaire,1526,CERF-MRT-26-RR-1526,3,Rapid Response,58,Mauritania,MRT,7,International Organization for Migration,IOM,7,International Organization for Migration,8,Drought,"{""projectsectors"":[{""tableName"":""P"",""projectID"":39487,""projectCode"":""CERF-MRT-26-RR-IOM-39487"",""sectorID"":14,""sectorName"":""Protection"",""cERFSectorName"":""Protection"",""sectorAmount"":250000.01,""clusterName"":""Protection"",""iascSectorname"":""Protection""}]}",250000.01,Protection,Host communities;Refugees;Returnees;Internally displaced persons,"{""projectgrouping"":[]}",Funded,2026-05-19T00:00:00,Natural Disaster,Natural Disaster,Western Africa,Western Africa,Africa,HRP,"{""projectcapcode"":[]}","{""ProjectCountry"":[{""projectID"":39487,""countryCode"":""MRT"",""countryPercent"":100.0,""totalBudget"":250000.01}]}",Natural Disaster,249,228,477,373,344,622,572,717,1194,2026-05-24T00:00:00,2026-11-23T00:00:00,2026-05-19T00:00:00,2026-06-02T00:00:00,1,5,4,GAM
P,Under Implementation,"The main objective of this project is to provide safe and efficient air transport services to transport humanitarian personnel and urgently needed cargo to remote and hard to reach areas where urgent assistance is needed. This WFP project ensures that the UN Humanitarian Air Service (UNHAS) can enable humanitarian personnel and cargo to reach crisis-affected populations with life-saving assistance. The project supports 7,500 humanitarian personnel from 152 organizations and facilitates the air transport of 60 MT of cargo.",39551,2026,CERF-NGA-26-RR-WFP-39551,"Provision of passenger and cargo air transport, and logistics services for the humanitarian community in Nigeria ",1529,CERF-NGA-26-RR-1529,3,Rapid Response,67,Nigeria,NGA,2,World Food Programme,WFP,2,World Food Programme,33,Violence/Clashes,"{""projectsectors"":[{""tableName"":""P"",""projectID"":39551,""projectCode"":""CERF-NGA-26-RR-WFP-39551"",""sectorID"":4,""sectorName"":""Common Services"",""cERFSectorName"":""Humanitarian Air Services"",""sectorAmount"":4000000.7,""clusterName"":""Common Services"",""iascSectorname"":""Coordination and support services""}]}",4000000.7,Common Services,,"{""projectgrouping"":[]}",Funded,2026-04-24T00:00:00,Conflict-related,,Western Africa,Western Africa,Africa,HRP,"{""projectcapcode"":[]}","{""ProjectCountry"":[{""projectID"":39551,""countryCode"":""NGA"",""countryPercent"":100.0,""totalBudget"":4000000.7}]}",Conflict-related,,,,,,,,,,2026-04-28T00:00:00,2026-10-27T00:00:00,2026-04-24T00:00:00,2026-04-28T00:00:00,1,0,,GAM
P,Under Implementation,"The main objective of this project is to provide safe and efficient air transport services to transport humanitarian personnel and urgently needed cargo to remote and hard to reach areas where urgent assistance is needed. This WFP project ensures that the UN Humanitarian Air Service (UNHAS) can enable humanitarian personnel and cargo to reach crisis-affected populations with life-saving assistance. The project supports 15,000 humanitarian personnel from 135 organizations and facilitates the air transport of 51 MT of cargo.”",39552,2026,CERF-TCD-26-RR-WFP-39552,Sustaining Humanitarian Access through UNHAS Air Services in Hard-to-Reach Areas of Chad,1530,CERF-TCD-26-RR-1530,3,Rapid Response,21,Chad,TCD,2,World Food Programme,WFP,2,World Food Programme,32,Refugees,"{""projectsectors"":[{""tableName"":""P"",""projectID"":39552,""projectCode"":""CERF-TCD-26-RR-WFP-39552"",""sectorID"":4,""sectorName"":""Common Services"",""cERFSectorName"":""Humanitarian Air Services"",""sectorAmount"":6000000.0,""clusterName"":""Common Services"",""iascSectorname"":""Coordination and support services""}]}",6000000,Common Services,,"{""projectgrouping"":[]}",Funded,2026-05-01T00:00:00,Conflict-related,,Middle Africa,Middle Africa,Africa,HRP,"{""projectcapcode"":[]}","{""ProjectCountry"":[{""projectID"":39552,""countryCode"":""TCD"",""countryPercent"":100.0,""totalBudget"":6000000.0}]}",Conflict-related,,,,,,,,,,2026-05-05T00:00:00,2026-11-04T00:00:00,2026-05-01T00:00:00,2026-05-05T00:00:00,1,0,,GAM
P,Under Implementation,"The main objective of this project is to provide safe and efficient air transport services to transport humanitarian personnel and urgently needed cargo to remote and hard to reach areas where urgent assistance is needed. This WFP project ensures that the UN Humanitarian Air Service (UNHAS) can enable humanitarian personnel and cargo to reach crisis-affected populations with life-saving assistance. The project supports 12,000 humanitarian personnel from 184 organizations and facilitates the air transport of 250 MT of cargo.”",39553,2026,CERF-COD-26-RR-WFP-39553,"2026 Provision of passenger and cargo air transport, and logistics services for the humanitarian community in DRC",1531,CERF-COD-26-RR-1531,3,Rapid Response,27,Democratic Republic of the Congo,COD,2,World Food Programme,WFP,2,World Food Programme,33,Violence/Clashes,"{""projectsectors"":[{""tableName"":""P"",""projectID"":39553,""projectCode"":""CERF-COD-26-RR-WFP-39553"",""sectorID"":4,""sectorName"":""Common Services"",""cERFSectorName"":""Humanitarian Air Services"",""sectorAmount"":6500000.02,""clusterName"":""Common Services"",""iascSectorname"":""Coordination and support services""}]}",6500000.02,Common Services,,"{""projectgrouping"":[]}",Funded,2026-04-24T00:00:00,Conflict-related,,Middle Africa,Middle Africa,Africa,HRP,"{""projectcapcode"":[]}","{""ProjectCountry"":[{""projectID"":39553,""countryCode"":""COD"",""countryPercent"":100.0,""totalBudget"":6500000.02}]}",Conflict-related,,,,,,,,,,2026-04-28T00:00:00,2026-10-27T00:00:00,2026-04-24T00:00:00,2026-04-28T00:00:00,1,0,,GAM
P,Under Implementation,"The main objective of this project is to provide safe and efficient air transport services to transport humanitarian personnel and urgently needed cargo to remote and hard to reach areas where urgent assistance is needed. This WFP project ensures that the UN Humanitarian Air Service (UNHAS) can enable humanitarian personnel and cargo to reach crisis-affected populations with life-saving assistance. The project supports the air transportation of humanitarian personnel from 160 organizations (10,200 passengers) and facilitates transportation of 48 MT of cargo.",39554,2026,CERF-HTI-26-RR-WFP-39554,Provision of Humanitarian Air Transport Services to Enable Life-Saving Assistance in Haiti,1528,CERF-HTI-26-RR-1528,3,Rapid Response,41,Haiti,HTI,2,World Food Programme,WFP,2,World Food Programme,29,Displacement/Migration,"{""projectsectors"":[{""tableName"":""P"",""projectID"":39554,""projectCode"":""CERF-HTI-26-RR-WFP-39554"",""sectorID"":4,""sectorName"":""Common Services"",""cERFSectorName"":""Humanitarian Air Services"",""sectorAmount"":9000000.0,""clusterName"":""Common Services"",""iascSectorname"":""Coordination and support services""}]}",9000000,Common Services,,"{""projectgrouping"":[]}",Funded,2026-05-07T00:00:00,,Man-made,Latin America and the Caribbean,Caribbean,Americas,HRP,"{""projectcapcode"":[]}","{""ProjectCountry"":[{""projectID"":39554,""countryCode"":""HTI"",""countryPercent"":100.0,""totalBudget"":9000000.0}]}",,,,,,,,,,,2026-05-01T00:00:00,2026-10-31T00:00:00,2026-05-07T00:00:00,2026-05-11T00:00:00,1,0,,GAM
P,Under Implementation,"The main objective of this project is to provide safe and efficient air transport services to transport humanitarian personnel and urgently needed cargo to remote and hard to reach areas where urgent assistance is needed. This WFP project ensures that the UN Humanitarian Air Service (UNHAS) can enable humanitarian personnel and cargo to reach crisis-affected populations with life-saving assistance. The project supports 1,175 humanitarian personnel from xx organizations and facilitates the air transport of 3 MT of cargo",39555,2026,CERF-KEN-26-RR-WFP-39555,"Provision of passenger and cargo air transport, and logistics services for the humanitarian community – KENYA ",1535,CERF-KEN-26-RR-1535,3,Rapid Response,48,Kenya,KEN,2,World Food Programme,WFP,2,World Food Programme,32,Refugees,"{""projectsectors"":[{""tableName"":""P"",""projectID"":39555,""projectCode"":""CERF-KEN-26-RR-WFP-39555"",""sectorID"":4,""sectorName"":""Common Services"",""cERFSectorName"":""Humanitarian Air Services"",""sectorAmount"":2000009.59,""clusterName"":""Common Services"",""iascSectorname"":""Coordination and support services""}]}",2000009.59,Common Services,,"{""projectgrouping"":[]}",Funded,2026-05-01T00:00:00,Conflict-related,,Eastern Africa,Eastern Africa,Africa,HRP,"{""projectcapcode"":[]}","{""ProjectCountry"":[{""projectID"":39555,""countryCode"":""KEN"",""countryPercent"":100.0,""totalBudget"":2000009.59}]}",Conflict-related,,,,,,,,,,2026-04-27T00:00:00,2026-10-26T00:00:00,2026-05-01T00:00:00,2026-05-05T00:00:00,1,0,,GAM
P,Under Implementation,"The main objective of this project is to provide safe and efficient air transport services to transport humanitarian personnel and urgently needed cargo to remote and hard to reach areas where urgent assistance is needed. This WFP project ensures that the UN Humanitarian Air Service (UNHAS) can enable humanitarian personnel and cargo to reach crisis-affected populations with life-saving assistance. The project supports 1,000 humanitarian personnel from 75 organizations and facilitates the air transport of 1,000 MT of cargo.",39561,2026,CERF-SYR-26-RR-WFP-39561,"Provision of passenger and cargo air transport, and logistics services for the humanitarian community in Syria",1534,CERF-SYR-26-RR-1534,3,Rapid Response,78,Syrian Arab Republic,SYR,2,World Food Programme,WFP,2,World Food Programme,29,Displacement/Migration,"{""projectsectors"":[{""tableName"":""P"",""projectID"":39561,""projectCode"":""CERF-SYR-26-RR-WFP-39561"",""sectorID"":4,""sectorName"":""Common Services"",""cERFSectorName"":""Humanitarian Air Services"",""sectorAmount"":800000.0,""clusterName"":""Common Services"",""iascSectorname"":""Coordination and support services""}]}",800000,Common Services,,"{""projectgrouping"":[]}",Funded,2026-05-06T00:00:00,,Man-made,Western Asia,Western Asia,Asia,HRP,"{""projectcapcode"":[]}","{""ProjectCountry"":[{""projectID"":39561,""countryCode"":""SYR"",""countryPercent"":100.0,""totalBudget"":800000.0}]}",,,,,,,,,,,2026-05-01T00:00:00,2026-10-31T00:00:00,2026-05-06T00:00:00,2026-05-08T00:00:00,1,0,,GAM
P,Under Implementation,"The main objective of this project is to provide safe and efficient air transport services to transport humanitarian personnel and urgently needed cargo to remote and hard to reach areas where urgent assistance is needed. This WFP project ensures that the UN Humanitarian Air Service (UNHAS) can enable humanitarian personnel and cargo to reach crisis-affected populations with life-saving assistance. The project supports 5,000 humanitarian personnel from 93 organizations and facilitates the air transport of 20 MT of cargo.",39562,2026,CERF-SDN-26-RR-WFP-39562,2026 Provision of passenger and cargo air transport for the humanitarian community in Sudan,1533,CERF-SDN-26-RR-1533,3,Rapid Response,76,Republic of the Sudan,SDN,2,World Food Programme,WFP,2,World Food Programme,29,Displacement/Migration,"{""projectsectors"":[{""tableName"":""P"",""projectID"":39562,""projectCode"":""CERF-SDN-26-RR-WFP-39562"",""sectorID"":4,""sectorName"":""Common Services"",""cERFSectorName"":""Humanitarian Air Services"",""sectorAmount"":7200000.0,""clusterName"":""Common Services"",""iascSectorname"":""Coordination and support services""}]}",7200000,Common Services,,"{""projectgrouping"":[]}",Funded,2026-05-06T00:00:00,,Man-made,Northern Africa,Northern Africa,Africa,HRP,"{""projectcapcode"":[]}","{""ProjectCountry"":[{""projectID"":39562,""countryCode"":""SDN"",""countryPercent"":100.0,""totalBudget"":7200000.0}]}",,,,,,,,,,,2026-05-01T00:00:00,2026-10-31T00:00:00,2026-05-06T00:00:00,2026-05-08T00:00:00,1,0,,GAM
P,Under Implementation,"The main objective of this project is to provide safe and efficient air transport services to transport humanitarian personnel and urgently needed cargo to remote and hard to reach areas where urgent assistance is needed. This WFP project ensures that the UN Humanitarian Air Service (UNHAS) can enable humanitarian personnel and cargo to reach crisis-affected populations with life-saving assistance. The project supports 24,000 humanitarian personnel from 200 organizations and facilitates the air transport of 300 mt of cargo.",39563,2026,CERF-SSD-26-RR-WFP-39563,Provision of Critical Humanitarian Air Access Across South Sudan,1532,CERF-SSD-26-RR-1532,3,Rapid Response,91,South Sudan,SSD,2,World Food Programme,WFP,2,World Food Programme,29,Displacement/Migration,"{""projectsectors"":[{""tableName"":""P"",""projectID"":39563,""projectCode"":""CERF-SSD-26-RR-WFP-39563"",""sectorID"":4,""sectorName"":""Common Services"",""cERFSectorName"":""Humanitarian Air Services"",""sectorAmount"":12999999.95,""clusterName"":""Common Services"",""iascSectorname"":""Coordination and support services""}]}",12999999.95,Common Services,,"{""projectgrouping"":[]}",Funded,2026-04-27T00:00:00,,Man-made,Eastern Africa,Eastern Africa,Africa,HRP,"{""projectcapcode"":[]}","{""ProjectCountry"":[{""projectID"":39563,""countryCode"":""SSD"",""countryPercent"":100.0,""totalBudget"":12999999.95}]}",,,,,,,,,,,2026-04-29T00:00:00,2026-10-28T00:00:00,2026-04-27T00:00:00,2026-04-30T00:00:00,1,0,,GAM
P,Under Implementation,"This UNICEF project is part of window 1 of the collective anticipatory action (AA) framework for drought in Chad. The main objective of this AA project is to launch a malnutrition screening campaign in each of the three priority departments to enable effective geographic targeting based on village-level data for the multi-sectoral assistance package delivered by partners. Through this project, UNICEF conducts extensive malnutrition screening of approximately 160,000 children (including about 90,000 girls) under the age of five in prioritized areas to identify cases of acute malnutrition and provide adequate referrals for treatment.",39574,2026,CERF-TCD-26-RR-CEF-39574,Appui au dépistage précoce de la malnutrition aiguë dans les trois départements priorisés par l’action anticipatoire 2026 au niveau des provinces du Kanem et du Barh-El-Gazel.,1537,CERF-TCD-26-RR-1537,3,Rapid Response,21,Chad,TCD,4,United Nations Children’s Fund,UNICEF,4,United Nations Children’s Fund,8,Drought,"{""projectsectors"":[{""tableName"":""P"",""projectID"":39574,""projectCode"":""CERF-TCD-26-RR-CEF-39574"",""sectorID"":10,""sectorName"":""Nutrition"",""cERFSectorName"":""Nutrition"",""sectorAmount"":120000.0,""clusterName"":""Nutrition"",""iascSectorname"":""Nutrition""}]}",120000,Nutrition,Host communities,"{""projectgrouping"":[]}",Funded,2026-04-30T00:00:00,Natural Disaster,Natural Disaster,Middle Africa,Middle Africa,Africa,HRP,"{""projectcapcode"":[]}","{""ProjectCountry"":[{""projectID"":39574,""countryCode"":""TCD"",""countryPercent"":100.0,""totalBudget"":120000.0}]}",Natural Disaster,89438,73177,162615,0,0,89438,73177,0,162615,2026-04-30T00:00:00,2026-10-29T00:00:00,2026-04-30T00:00:00,2026-05-08T00:00:00,1,5,4,GAM
P,Under Implementation,"This FAO project is part of the collective anticipatory action (AA) framework for drought in Chad. The main objective of this AA project is to protect and strengthen the agricultural and pastoral livelihoods of vulnerable communities in the provinces of Kanem, Bahr-el-Ghazal, and Batha who are at high risk of severe drought in the upcoming June-September season. Through this project, FAO provides anticipatory agricultural assistance, including the distribution of climate-resilient seeds and rehabilitation of wells equipped with solar-powered systems in order to sustainably improve access to water for agricultural purposes. The project provides life-saving assistance to 63,000 people, including 5,249 women, 5,249 men, 52,502 children, including 6,300 persons with disabilities.",39575,2026,CERF-TCD-26-RR-FAO-39575,"Actions anticipatoires pour la résilience agropastorale et la sécurité alimentaire des ménages vulnérables dans le Kanem, le Bahr-el-Ghazal et le Batha face aux impacts de la sécheresse.",1537,CERF-TCD-26-RR-1537,3,Rapid Response,21,Chad,TCD,5,Food and Agriculture Organization,FAO,5,Food and Agriculture Organization,8,Drought,"{""projectsectors"":[{""tableName"":""P"",""projectID"":39575,""projectCode"":""CERF-TCD-26-RR-FAO-39575"",""sectorID"":1,""sectorName"":""Agriculture"",""cERFSectorName"":""Agriculture"",""sectorAmount"":2288000.0,""clusterName"":""Agriculture"",""iascSectorname"":""Agriculture""}]}",2288000,Agriculture,Other affected persons,"{""projectgrouping"":[]}",Funded,2026-05-01T00:00:00,Natural Disaster,Natural Disaster,Middle Africa,Middle Africa,Africa,HRP,"{""projectcapcode"":[]}","{""ProjectCountry"":[{""projectID"":39575,""countryCode"":""TCD"",""countryPercent"":100.0,""totalBudget"":2288000.0}]}",Natural Disaster,28350,24152,52502,5249,5249,33599,29401,10498,63000,2026-04-30T00:00:00,2026-10-29T00:00:00,2026-05-01T00:00:00,2026-05-12T00:00:00,1,4,3,GAM
P,Under Implementation,"This WFP project is part of the collective anticipatory action (AA) framework for drought in Chad. The main objective of this AA project is to safeguard food security of vulnerable communities in the provinces of Kanem, Bahr-el-Ghazal, and Batha who are at high risk of severe drought in the upcoming June-September season. Through this project, WFP provides lifesaving early warning messages and anticipatory cash assistance to 56,952 people, including 14,808 women, 13,668 men and 28.476 children.",39576,2026,CERF-TCD-26-RR-WFP-39576,Action anticipatoire pour atténuer l’impact de la sécheresse sur les populations vulnérables au Tchad,1537,CERF-TCD-26-RR-1537,3,Rapid Response,21,Chad,TCD,2,World Food Programme,WFP,2,World Food Programme,8,Drought,"{""projectsectors"":[{""tableName"":""P"",""projectID"":39576,""projectCode"":""CERF-TCD-26-RR-WFP-39576"",""sectorID"":8,""sectorName"":""Food Assistance"",""cERFSectorName"":""Food Aid"",""sectorAmount"":1968338.2,""clusterName"":""Food Aid"",""iascSectorname"":""Food Security""}]}",1968338.2,Food Assistance,Other affected persons,"{""projectgrouping"":[]}",Funded,2026-05-01T00:00:00,Natural Disaster,Natural Disaster,Middle Africa,Middle Africa,Africa,HRP,"{""projectcapcode"":[]}","{""ProjectCountry"":[{""projectID"":39576,""countryCode"":""TCD"",""countryPercent"":100.0,""totalBudget"":1968338.2}]}",Natural Disaster,14808,13668,28476,14808,13668,29616,27336,28476,56952,2026-04-30T00:00:00,2026-10-29T00:00:00,2026-05-01T00:00:00,2026-05-08T00:00:00,1,5,4,GAM
P,Under Implementation,"Through this project, UNICEF, in coordination with UNDP, WHO, and UNHCR, delivers an integrated package of life-saving Health (including MHPSS) and WASH responses targeting the most impacted provinces. The agency targets a combined total of 420,170 affected people with lifesaving activities in the Health and WASH sectors.",39593,2026,CERF-IRN-26-RR-CEF-39593,Life-Saving Health and WASH Services for Conflict-Affected Children and Families in Iran,1538,CERF-IRN-26-RR-1538,3,Rapid Response,160,Islamic Republic of Iran,IRN,4,United Nations Children’s Fund,UNICEF,4,United Nations Children’s Fund,29,Displacement/Migration,"{""projectsectors"":[{""tableName"":""P"",""projectID"":39593,""projectCode"":""CERF-IRN-26-RR-CEF-39593"",""sectorID"":9,""sectorName"":""Health"",""cERFSectorName"":""Health"",""sectorAmount"":2500160.0,""clusterName"":""Health"",""iascSectorname"":""Health""},{""tableName"":""P"",""projectID"":39593,""projectCode"":""CERF-IRN-26-RR-CEF-39593"",""sectorID"":18,""sectorName"":""Water, Sanitation and Hygiene"",""cERFSectorName"":""Water, Sanitation and Hygiene"",""sectorAmount"":699840.0,""clusterName"":""Water, Sanitation and Hygiene"",""iascSectorname"":""Water Sanitation Hygiene""}]}",3200000,"Health;Water, Sanitation and Hygiene",Host communities;Refugees;Internally displaced persons;Other affected persons,"{""projectgrouping"":[]}",Funded,2026-04-30T00:00:00,,Man-made,Southern Asia,Southern Asia,Asia,HRP,"{""projectcapcode"":[]}","{""ProjectCountry"":[{""projectID"":39593,""countryCode"":""IRN"",""countryPercent"":100.0,""totalBudget"":3200000.0}]}",,42106,40087,82193,166848,171129,208954,211216,337977,420170,2026-04-01T00:00:00,2026-09-30T00:00:00,2026-04-30T00:00:00,2026-05-06T00:00:00,1,5,4,GAM
P,Under Implementation,"As part of the UN joint humanitarian response to the population affected by the ongoing conflict in Iran, UNHCR provides 10,000 WASH kits and mental health services to 20,000 people. The response targets a total of 70,000 most vulnerable conflict-affected people in the hardest-hit provinces, including 17,325 women, 18,925 men, 33,750 children.",39594,2026,CERF-IRN-26-RR-HCR-39594,Provision of Emergency Support to the Most Vulnerable Conflict Affected Population in Iran ,1538,CERF-IRN-26-RR-1538,3,Rapid Response,160,Islamic Republic of Iran,IRN,11,United Nations High Commissioner for Refugees,UNHCR,11,United Nations High Commissioner for Refugees,29,Displacement/Migration,"{""projectsectors"":[{""tableName"":""P"",""projectID"":39594,""projectCode"":""CERF-IRN-26-RR-HCR-39594"",""sectorID"":18,""sectorName"":""Water, Sanitation and Hygiene"",""cERFSectorName"":""Water, Sanitation and Hygiene"",""sectorAmount"":1300050.27,""clusterName"":""Water, Sanitation and Hygiene"",""iascSectorname"":""Water Sanitation Hygiene""},{""tableName"":""P"",""projectID"":39594,""projectCode"":""CERF-IRN-26-RR-HCR-39594"",""sectorID"":9,""sectorName"":""Health"",""cERFSectorName"":""Health"",""sectorAmount"":199950.04,""clusterName"":""Health"",""iascSectorname"":""Health""}]}",1500000.32,"Health;Water, Sanitation and Hygiene",Host communities;Refugees,"{""projectgrouping"":[]}",Funded,2026-05-06T00:00:00,,Man-made,Southern Asia,Southern Asia,Asia,HRP,"{""projectcapcode"":[]}","{""ProjectCountry"":[{""projectID"":39594,""countryCode"":""IRN"",""countryPercent"":100.0,""totalBudget"":1500000.32}]}",,16875,16875,33750,17325,18925,34200,35800,36250,70000,2026-04-30T00:00:00,2026-10-29T00:00:00,2026-05-06T00:00:00,2026-05-13T00:00:00,1,5,4,GAM
P,Under Implementation,"This project delivers integrated, life-saving Health and WASH responses as temporary emergency measures to prevent immediate loss of life. Priority facilities and locations are identified based on severity of strike damage, criticality of service disruption, population exposure, and gaps in existing response. The project directly targets approximately 723,000 people.",39595,2026,CERF-IRN-26-RR-UDP-39595,Emergency Restoration and Continuity of Health Services and Safe Water Supply in Conflict-Affected Communities in Iran,1538,CERF-IRN-26-RR-1538,3,Rapid Response,160,Islamic Republic of Iran,IRN,1,United Nations Development Programme,UNDP,1,United Nations Development Programme,29,Displacement/Migration,"{""projectsectors"":[{""tableName"":""P"",""projectID"":39595,""projectCode"":""CERF-IRN-26-RR-UDP-39595"",""sectorID"":9,""sectorName"":""Health"",""cERFSectorName"":""Health"",""sectorAmount"":2300100.0,""clusterName"":""Health"",""iascSectorname"":""Health""},{""tableName"":""P"",""projectID"":39595,""projectCode"":""CERF-IRN-26-RR-UDP-39595"",""sectorID"":18,""sectorName"":""Water, Sanitation and Hygiene"",""cERFSectorName"":""Water, Sanitation and Hygiene"",""sectorAmount"":999900.0,""clusterName"":""Water, Sanitation and Hygiene"",""iascSectorname"":""Water Sanitation Hygiene""}]}",3300000,"Health;Water, Sanitation and Hygiene",Host communities;Internally displaced persons;Other affected persons,"{""projectgrouping"":[]}",Funded,2026-04-30T00:00:00,,Man-made,Southern Asia,Southern Asia,Asia,HRP,"{""projectcapcode"":[]}","{""ProjectCountry"":[{""projectID"":39595,""countryCode"":""IRN"",""countryPercent"":100.0,""totalBudget"":3300000.0}]}",,173500,173500,347000,188000,188000,361500,361500,376000,723000,2026-05-15T00:00:00,2026-11-14T00:00:00,2026-04-30T00:00:00,2026-05-15T00:00:00,1,3,2,GAM
P,Under Implementation,"Through this project, WHO, in close coordination with the Ministry of Health and Medical Education (MoHME) and health sector partners, is delivering critical, life saving health responses. WHO’s strategy prioritizes urgent scale up across areas: (1) preventing, detecting, and controlling disease outbreaks; and (2) sustaining the flow of essential medicines, laboratory equipment and diagnostic supplies. The project targets a total of 112,500 affected people with life-saving activities in the Health sector.",39596,2026,CERF-IRN-26-RR-WHO-39596,Preventing Outbreaks and Sustaining Essential Health Services in Crisis Affected Iran ,1538,CERF-IRN-26-RR-1538,3,Rapid Response,160,Islamic Republic of Iran,IRN,3,World Health Organization,WHO,3,World Health Organization,29,Displacement/Migration,"{""projectsectors"":[{""tableName"":""P"",""projectID"":39596,""projectCode"":""CERF-IRN-26-RR-WHO-39596"",""sectorID"":9,""sectorName"":""Health"",""cERFSectorName"":""Health"",""sectorAmount"":2000000.0,""clusterName"":""Health"",""iascSectorname"":""Health""}]}",2000000,Health,Host communities;Refugees;Internally displaced persons;Other affected persons,"{""projectgrouping"":[]}",Funded,2026-04-30T00:00:00,,Man-made,Southern Asia,Southern Asia,Asia,HRP,"{""projectcapcode"":[]}","{""ProjectCountry"":[{""projectID"":39596,""countryCode"":""IRN"",""countryPercent"":100.0,""totalBudget"":2000000.0}]}",,12500,14500,27000,27000,58500,39500,73000,85500,112500,2026-05-06T00:00:00,2026-11-05T00:00:00,2026-04-30T00:00:00,2026-05-06T00:00:00,1,3,2,GAM
P,Under Implementation,"This CERF project aims to deliver immediate, life-saving assistance in response to the escalation of conflict in Iran by providing emergency food assistance through in-kind food distributions. The project targets temporarily displaced and conflict-affected households whose lives have been severely impacted by hostilities, loss of income, and disruption of essential services. A total of 100,000 most vulnerable people are targeted with life-saving food security activities, including 39,100 women, 40,100 men, and 20,800 children.",39597,2026,CERF-IRN-26-RR-WFP-39597,Provision of Multi-Purpose Cash to conflict affected people in Iran to meet immediate food and nutrition needs ,1538,CERF-IRN-26-RR-1538,3,Rapid Response,160,Islamic Republic of Iran,IRN,2,World Food Programme,WFP,2,World Food Programme,29,Displacement/Migration,"{""projectsectors"":[{""tableName"":""P"",""projectID"":39597,""projectCode"":""CERF-IRN-26-RR-WFP-39597"",""sectorID"":8,""sectorName"":""Food Assistance"",""cERFSectorName"":""Food Aid"",""sectorAmount"":2000000.0,""clusterName"":""Food Aid"",""iascSectorname"":""Food Security""}]}",2000000,Food Assistance,Internally displaced persons;Other affected persons,"{""projectgrouping"":[]}",Funded,2026-05-04T00:00:00,,Man-made,Southern Asia,Southern Asia,Asia,HRP,"{""projectcapcode"":[]}","{""ProjectCountry"":[{""projectID"":39597,""countryCode"":""IRN"",""countryPercent"":100.0,""totalBudget"":2000000.0}]}",,10400,10400,20800,39100,40100,49500,50500,79200,100000,2026-05-06T00:00:00,2027-02-05T00:00:00,2026-05-04T00:00:00,2026-05-06T00:00:00,1,5,4,GAM
P,Under Implementation,"The main objective of this project is to reduce epidemiological morbidity and mortality risks among crisis-affected people in the Cruz Salmerón Acosta municipality during the hydrological emergency. This UNICEF project improves epidemiological surveillance, distributes WASH supplies and restores access to health and WASH services. The project provides life-saving assistance to 19,748 people, including 7,050 women, 6,774 men, 5,924 children, and including 297 people with disabilities.",39688,2026,CERF-VEN-26-RR-CEF-39688,Lifesaving Water and Health Intervention for the Hydrological Emergency in affected areas in the Araya Peninsula in Cruz Salmeron Acosta Municipality.,1539,CERF-VEN-26-RR-1539,3,Rapid Response,147,Venezuela,VEN,4,United Nations Children’s Fund,UNICEF,4,United Nations Children’s Fund,35,Economic Disruption,"{""projectsectors"":[{""tableName"":""P"",""projectID"":39688,""projectCode"":""CERF-VEN-26-RR-CEF-39688"",""sectorID"":9,""sectorName"":""Health"",""cERFSectorName"":""Health"",""sectorAmount"":367500.0,""clusterName"":""Health"",""iascSectorname"":""Health""},{""tableName"":""P"",""projectID"":39688,""projectCode"":""CERF-VEN-26-RR-CEF-39688"",""sectorID"":18,""sectorName"":""Water, Sanitation and Hygiene"",""cERFSectorName"":""Water, Sanitation and Hygiene"",""sectorAmount"":682500.0,""clusterName"":""Water, Sanitation and Hygiene"",""iascSectorname"":""Water Sanitation Hygiene""}]}",1050000,"Health;Water, Sanitation and Hygiene",Other affected persons,"{""projectgrouping"":[]}",Funded,2026-05-20T00:00:00,Unspecified Emergency,,Latin America and the Caribbean,Central America,Americas,HRP,"{""projectcapcode"":[]}","{""ProjectCountry"":[{""projectID"":39688,""countryCode"":""VEN"",""countryPercent"":100.0,""totalBudget"":1050000.0}]}",Unspecified Emergency,3021,2903,5924,7050,6774,10071,9677,13824,19748,2026-06-01T00:00:00,2026-11-30T00:00:00,2026-05-20T00:00:00,2026-06-01T00:00:00,1,4,3,GAM
P,Under Implementation,"The main objective of this project is to reduce morbidity and mortality from water-borne and communicable diseases in priority areas of Sucre State by restoring essential health service capacity, strengthening surveillance and early outbreak response, and enhancing risk communication and community engagement for populations affected by water shortages and service disruptions. This WHO/PAHO project restores essential health services, strengthens surveillance and early outbreak response, and enhances risk communication and community engagement. The project provides life-saving assistance to 44,100 people, including 176,46 women, 16,954 men, 9,500 children, and including 2,205 persons with disabilities.",39689,2026,CERF-VEN-26-RR-WHO-39689,"Restoring Life-Saving Primary Health Care and Outbreak Response Capacity in Water-Affected Communities of Sucre State, Venezuela",1539,CERF-VEN-26-RR-1539,3,Rapid Response,147,Venezuela,VEN,3,World Health Organization,WHO,3,World Health Organization,35,Economic Disruption,"{""projectsectors"":[{""tableName"":""P"",""projectID"":39689,""projectCode"":""CERF-VEN-26-RR-WHO-39689"",""sectorID"":9,""sectorName"":""Health"",""cERFSectorName"":""Health"",""sectorAmount"":950000.0,""clusterName"":""Health"",""iascSectorname"":""Health""}]}",950000,Health,Other affected persons,"{""projectgrouping"":[]}",Funded,2026-05-15T00:00:00,Unspecified Emergency,,Latin America and the Caribbean,Central America,Americas,HRP,"{""projectcapcode"":[]}","{""ProjectCountry"":[{""projectID"":39689,""countryCode"":""VEN"",""countryPercent"":100.0,""totalBudget"":950000.0}]}",Unspecified Emergency,4845,4655,9500,17646,16954,22491,21609,34600,44100,2026-05-22T00:00:00,2026-11-21T00:00:00,2026-05-15T00:00:00,2026-05-22T00:00:00,1,5,4,GAM
P,Under Implementation,"The main objective of this project is to ensure access to life-saving and essential water, sanitation, and hygiene (WASH), health, nutrition, education, and child protection services for vulnerable children and communities affected by Tropical Cyclone Maila in Choiseul and Western Provinces of Solomon Islands. This UNICEF project restores safe water and sanitation services and distributes essential WASH supplies; delivers primary health care through supported facilities, outreach/mobile teams and supplementary immunization; and provides safe temporary learning spaces alongside child protection and MHPSS support for affected children and caregivers. The project provides life-saving assistance to 23,824 people, including 9,587 women, 9,587 men, 4,650 children, and including 1,906 people with disabilities.",39724,2026,CERF-SLB-26-RR-CEF-39724,"Provision and Restoration of Life-Saving WASH, Health, Nutrition, Education and Child Protection Services for Children Affected by Tropical Cyclone Maila in Solomon Islands.",1540,CERF-SLB-26-RR-1540,3,Rapid Response,239,Solomon Islands,SLB,4,United Nations Children’s Fund,UNICEF,4,United Nations Children’s Fund,5,Storm,"{""projectsectors"":[{""tableName"":""P"",""projectID"":39724,""projectCode"":""CERF-SLB-26-RR-CEF-39724"",""sectorID"":9,""sectorName"":""Health"",""cERFSectorName"":""Health"",""sectorAmount"":70020.0,""clusterName"":""Health"",""iascSectorname"":""Health""},{""tableName"":""P"",""projectID"":39724,""projectCode"":""CERF-SLB-26-RR-CEF-39724"",""sectorID"":18,""sectorName"":""Water, Sanitation and Hygiene"",""cERFSectorName"":""Water, Sanitation and Hygiene"",""sectorAmount"":499950.01,""clusterName"":""Water, Sanitation and Hygiene"",""iascSectorname"":""Water Sanitation Hygiene""},{""tableName"":""P"",""projectID"":39724,""projectCode"":""CERF-SLB-26-RR-CEF-39724"",""sectorID"":7,""sectorName"":""Education"",""cERFSectorName"":""Education"",""sectorAmount"":150030.0,""clusterName"":""Education"",""iascSectorname"":""Education""},{""tableName"":""P"",""projectID"":39724,""projectCode"":""CERF-SLB-26-RR-CEF-39724"",""sectorID"":10,""sectorName"":""Nutrition"",""cERFSectorName"":""Nutrition"",""sectorAmount"":80010.0,""clusterName"":""Nutrition"",""iascSectorname"":""Nutrition""},{""tableName"":""P"",""projectID"":39724,""projectCode"":""CERF-SLB-26-RR-CEF-39724"",""sectorID"":25,""sectorName"":""Protection"",""cERFSectorName"":""Child Protection"",""sectorAmount"":99990.0,""clusterName"":""Protection"",""iascSectorname"":""Child Protection""}]}",900000.01,"Education;Health;Nutrition;Protection;Water, Sanitation and Hygiene",Other affected persons,"{""projectgrouping"":[]}",Funded,2026-05-26T00:00:00,Natural Disaster,Natural Disaster,Melanesia,Melanesia,Oceania,HRP,"{""projectcapcode"":[]}","{""ProjectCountry"":[{""projectID"":39724,""countryCode"":""SLB"",""countryPercent"":100.0,""totalBudget"":900000.01}]}",Natural Disaster,2325,2325,4650,9587,9587,11912,11912,19174,23824,2026-04-19T00:00:00,2026-10-18T00:00:00,2026-05-26T00:00:00,2026-06-01T00:00:00,1,5,4,GAM
P,Under Implementation,"The main objective of this project is to deliver coordinated, integrated life-saving sexual and reproductive health and gender-based violence information and services to women, girls, and vulnerable populations affected by Tropical Cyclone Malia in Western and Choiseul Provinces of Solomon Islands. This UNFPA project deploys integrated mobile SRH medical outreach teams to cyclone-affected and displaced communities; procures and distributes inter-agency reproductive health kits, emergency SRH supplies, menstrual hygiene kits and dignity kits; and establishes Women and girls friendly spaces with community outreach, GBV risk mitigation and referral support. The project provides life-saving assistance to 11,000 people, including 8,000 women, 500 men, 2,500 children, and including 200 people with disabilities.",39725,2026,CERF-SLB-26-RR-FPA-39725,"Restoring Immediate Life-Saving SRH and GBV Information and Services for Women and Girls Affected by Tropical Cyclone Malia in Western and Choiseul Provinces, Solomon Islands ",1540,CERF-SLB-26-RR-1540,3,Rapid Response,239,Solomon Islands,SLB,6,United Nations Population Fund,UNFPA,6,United Nations Population Fund,5,Storm,"{""projectsectors"":[{""tableName"":""P"",""projectID"":39725,""projectCode"":""CERF-SLB-26-RR-FPA-39725"",""sectorID"":20,""sectorName"":""Protection"",""cERFSectorName"":""Gender-Based Violence"",""sectorAmount"":200002.49,""clusterName"":""Protection"",""iascSectorname"":""Gender Based Violence""},{""tableName"":""P"",""projectID"":39725,""projectCode"":""CERF-SLB-26-RR-FPA-39725"",""sectorID"":32,""sectorName"":""Health"",""cERFSectorName"":""Sexual and Reproductive Health"",""sectorAmount"":474997.47,""clusterName"":""Health"",""iascSectorname"":""Health""}]}",674999.96,Health;Protection,Host communities;Internally displaced persons,"{""projectgrouping"":[]}",Funded,2026-05-28T00:00:00,Natural Disaster,Natural Disaster,Melanesia,Melanesia,Oceania,HRP,"{""projectcapcode"":[]}","{""ProjectCountry"":[{""projectID"":39725,""countryCode"":""SLB"",""countryPercent"":100.0,""totalBudget"":674999.96}]}",Natural Disaster,2000,500,2500,8000,500,10000,1000,8500,11000,2026-05-15T00:00:00,2026-11-14T00:00:00,2026-05-28T00:00:00,2026-06-02T00:00:00,1,5,4,GAM
P,Under Implementation,"The main objective of this project is to improve the living conditions of people affected by Tropical Cyclone Maila in Choiseul and Western provinces. This IOM project provides displacement tracking, impact and multisectoral needs and return intention assessments, provides basic infrastructure and site improvements, distributes shelter/NFI kits and cash to support safe return and early recovery. The project provides life-saving assistance to 3,900 people, including 1,170 women, 1,170 men, 1,560 children, and including 196 people with disabilities.",39726,2026,CERF-SLB-26-RR-IOM-39726,Lifesaving Assistance for Displaced Persons and Households affected by Tropical Cyclone Maila in Solomon Islands,1540,CERF-SLB-26-RR-1540,3,Rapid Response,239,Solomon Islands,SLB,7,International Organization for Migration,IOM,7,International Organization for Migration,5,Storm,"{""projectsectors"":[{""tableName"":""P"",""projectID"":39726,""projectCode"":""CERF-SLB-26-RR-IOM-39726"",""sectorID"":17,""sectorName"":""Shelter and Non-Food Items"",""cERFSectorName"":""Shelter"",""sectorAmount"":601250.0,""clusterName"":""Shelter and Non-Food Items"",""iascSectorname"":""Emergency Shelter and NFI""},{""tableName"":""P"",""projectID"":39726,""projectCode"":""CERF-SLB-26-RR-IOM-39726"",""sectorID"":2,""sectorName"":""Camp Coordination and Camp Management"",""cERFSectorName"":""Camp Coordination and Camp Management"",""sectorAmount"":323750.0,""clusterName"":""Camp Coordination and Camp Management"",""iascSectorname"":""Camp Coordination / Management""}]}",925000,Camp Coordination and Camp Management;Shelter and Non-Food Items,Host communities;Internally displaced persons,"{""projectgrouping"":[]}",Funded,2026-06-04T00:00:00,Natural Disaster,Natural Disaster,Melanesia,Melanesia,Oceania,HRP,"{""projectcapcode"":[]}","{""ProjectCountry"":[{""projectID"":39726,""countryCode"":""SLB"",""countryPercent"":100.0,""totalBudget"":925000.0}]}",Natural Disaster,780,780,1560,1170,1170,1950,1950,2340,3900,2026-05-30T00:00:00,2026-11-29T00:00:00,2026-06-04T00:00:00,2026-06-12T00:00:00,1,1,0,GAM
P,Under Implementation,"The main objective of this project is to deliver integrated life-saving assistance to children and vulnerable communities affected by Typhoon Sinlaku in the Chuuk Lagoon Islands. This UNICEF project provides access to safe and inclusive learning environments, essential Water, Sanitation, and Hygiene (WASH) services, and provides child protection and Mental Health and Psychosocial Support (MHPSS) support. The project provides life-saving assistance to 5,000 people, including 1,616 women, 1,617 men, 1,767 children, and including 400 people with disabilities.",39728,2026,CERF-FSM-26-RR-CEF-39728,"Restoring Safe Water, Sanitation, Learning and Protective Environments After Typhoon Sinlaku in Chuuk State, FSM",1541,CERF-FSM-26-RR-1541,3,Rapid Response,244,Federated States of Micronesia,FSM,4,United Nations Children’s Fund,UNICEF,4,United Nations Children’s Fund,5,Storm,"{""projectsectors"":[{""tableName"":""P"",""projectID"":39728,""projectCode"":""CERF-FSM-26-RR-CEF-39728"",""sectorID"":25,""sectorName"":""Protection"",""cERFSectorName"":""Child Protection"",""sectorAmount"":33750.0,""clusterName"":""Protection"",""iascSectorname"":""Child Protection""},{""tableName"":""P"",""projectID"":39728,""projectCode"":""CERF-FSM-26-RR-CEF-39728"",""sectorID"":18,""sectorName"":""Water, Sanitation and Hygiene"",""cERFSectorName"":""Water, Sanitation and Hygiene"",""sectorAmount"":161250.0,""clusterName"":""Water, Sanitation and Hygiene"",""iascSectorname"":""Water Sanitation Hygiene""},{""tableName"":""P"",""projectID"":39728,""projectCode"":""CERF-FSM-26-RR-CEF-39728"",""sectorID"":7,""sectorName"":""Education"",""cERFSectorName"":""Education"",""sectorAmount"":180000.0,""clusterName"":""Education"",""iascSectorname"":""Education""}]}",375000,"Education;Protection;Water, Sanitation and Hygiene",Other affected persons,"{""projectgrouping"":[]}",Funded,2026-06-01T00:00:00,Natural Disaster,Natural Disaster,Micronesia,Micronesia,Oceania,HRP,"{""projectcapcode"":[]}","{""ProjectCountry"":[{""projectID"":39728,""countryCode"":""FSM"",""countryPercent"":100.0,""totalBudget"":375000.0}]}",Natural Disaster,868,899,1767,1616,1617,2484,2516,3233,5000,2026-05-04T00:00:00,2026-11-03T00:00:00,2026-06-01T00:00:00,2026-06-05T00:00:00,1,5,4,GAM
P,Under Implementation,"The main objective of this project is to provide life-saving integrated Sexual and Reproductive Health (SRH) services and Gender-Based Violence (GBV) protection to people affected by Super Typhoon Sinlaku in Chuuk State. This UNFPA project provides medical supplies for maternal and GBV health care,  distributes customized dignity kits tailored to the protection needs and provides GBV case management and protection referral. The project provides life-saving assistance to 800 women, including 50 people with disabilities.",39729,2026,CERF-FSM-26-RR-FPA-39729,"Life-saving Sexual and Reproductive Health and Gender-based Violence Response to Super Typhoon Sinlaku in the State of Chuuk, Federated States of Micronesia",1541,CERF-FSM-26-RR-1541,3,Rapid Response,244,Federated States of Micronesia,FSM,6,United Nations Population Fund,UNFPA,6,United Nations Population Fund,5,Storm,"{""projectsectors"":[{""tableName"":""P"",""projectID"":39729,""projectCode"":""CERF-FSM-26-RR-FPA-39729"",""sectorID"":32,""sectorName"":""Health"",""cERFSectorName"":""Sexual and Reproductive Health"",""sectorAmount"":49994.93,""clusterName"":""Health"",""iascSectorname"":""Health""},{""tableName"":""P"",""projectID"":39729,""projectCode"":""CERF-FSM-26-RR-FPA-39729"",""sectorID"":20,""sectorName"":""Protection"",""cERFSectorName"":""Gender-Based Violence"",""sectorAmount"":100004.86,""clusterName"":""Protection"",""iascSectorname"":""Gender Based Violence""}]}",149999.79,Health;Protection,Host communities;Internally displaced persons,"{""projectgrouping"":[]}",Funded,2026-06-03T00:00:00,Natural Disaster,Natural Disaster,Micronesia,Micronesia,Oceania,HRP,"{""projectcapcode"":[]}","{""ProjectCountry"":[{""projectID"":39729,""countryCode"":""FSM"",""countryPercent"":100.0,""totalBudget"":149999.79}]}",Natural Disaster,0,0,0,800,0,800,0,800,800,2026-05-15T00:00:00,2026-11-14T00:00:00,2026-06-03T00:00:00,2026-06-08T00:00:00,1,5,4,GAM
P,Under Implementation,"The main objective of this project is to ensure typhoon-affected populations have improved access to life-saving shelter, non-food items, and protection assistance. This IOM project provides displacement tracking and multi-sector needs assessments to inform response planning; delivers emergency shelter materials and essential NFI kits to affected households; and supports vulnerable populations through coordinated multi-sector assistance based on protection monitoring. The project delivers life-saving assistance to 6,000 people, including 1,450 women, 1,850 men, 2,700 children, and including 30 people with disabilities.",39730,2026,CERF-FSM-26-RR-IOM-39730,"Emergency Shelter, NFI, and Protection Assistance to Typhoon Sinlaku-Affected Communities in Chuuk State",1541,CERF-FSM-26-RR-1541,3,Rapid Response,244,Federated States of Micronesia,FSM,7,International Organization for Migration,IOM,7,International Organization for Migration,5,Storm,"{""projectsectors"":[{""tableName"":""P"",""projectID"":39730,""projectCode"":""CERF-FSM-26-RR-IOM-39730"",""sectorID"":17,""sectorName"":""Shelter and Non-Food Items"",""cERFSectorName"":""Shelter"",""sectorAmount"":424982.28,""clusterName"":""Shelter and Non-Food Items"",""iascSectorname"":""Emergency Shelter and NFI""},{""tableName"":""P"",""projectID"":39730,""projectCode"":""CERF-FSM-26-RR-IOM-39730"",""sectorID"":14,""sectorName"":""Protection"",""cERFSectorName"":""Protection"",""sectorAmount"":50017.47,""clusterName"":""Protection"",""iascSectorname"":""Protection""}]}",474999.75,Protection;Shelter and Non-Food Items,Host communities;Returnees;Internally displaced persons;Other affected persons,"{""projectgrouping"":[]}",Funded,2026-06-15T00:00:00,Natural Disaster,Natural Disaster,Micronesia,Micronesia,Oceania,HRP,"{""projectcapcode"":[]}","{""ProjectCountry"":[{""projectID"":39730,""countryCode"":""FSM"",""countryPercent"":100.0,""totalBudget"":474999.75}]}",Natural Disaster,1300,1400,2700,1450,1850,2750,3250,3300,6000,2026-06-18T00:00:00,2026-12-17T00:00:00,2026-06-15T00:00:00,2026-06-18T00:00:00,1,3,2,GAM
P,Under Implementation,"This project delivers immediate life-saving food assistance to conflict-affected and severely food-insecure people in Akobo County, Jonglei State, while enabling the wider inter-agency humanitarian response through common logistics services in some of South Sudan’s most access-constrained operational environments. It directly targets 92,811 most vulnerable conflict-affected people in Akobo (Women: 14,850, Girls: 35,268, Men: 12,065, Boys: 30,628) with emergency in-kind food assistance during the peak lean season to prevent further deterioration in food consumption and acute food insecurity outcomes. Under the common services component, WFP, through the Logistics Cluster, provides critical inter-agency logistics support to facilitate the movement of life-saving humanitarian relief items into hard-to-reach operational areas in Akobo, including support to the broader multisectoral CERF response.",39777,2026,CERF-SSD-26-RR-WFP-39777,Emergency food assistance and humanitarian logistics support for conflict-affected populations in Akobo and high-severity counties in South Sudan,1545,CERF-SSD-26-RR-1545,3,Rapid Response,91,South Sudan,SSD,2,World Food Programme,WFP,2,World Food Programme,29,Displacement/Migration,"{""projectsectors"":[{""tableName"":""P"",""projectID"":39777,""projectCode"":""CERF-SSD-26-RR-WFP-39777"",""sectorID"":8,""sectorName"":""Food Assistance"",""cERFSectorName"":""Food Aid"",""sectorAmount"":3100272.41,""clusterName"":""Food Aid"",""iascSectorname"":""Food Security""},{""tableName"":""P"",""projectID"":39777,""projectCode"":""CERF-SSD-26-RR-WFP-39777"",""sectorID"":3,""sectorName"":""Common Services"",""cERFSectorName"":""Logistics"",""sectorAmount"":1200285.8,""clusterName"":""Common Services"",""iascSectorname"":""Logistics""}]}",4300558.21,Common Services;Food Assistance,Host communities,"{""projectgrouping"":[]}",Funded,2026-06-15T00:00:00,,Man-made,Eastern Africa,Eastern Africa,Africa,HRP,"{""projectcapcode"":[]}","{""ProjectCountry"":[{""projectID"":39777,""countryCode"":""SSD"",""countryPercent"":100.0,""totalBudget"":4300558.21}]}",,35268,30628,65896,14850,12065,50118,42693,26915,92811,2026-06-01T00:00:00,2026-11-30T00:00:00,2026-06-15T00:00:00,2026-06-17T00:00:00,1,3,2,GAM
P,Under Implementation,"This project uses CERF funding to scale up integrated assistance in Akobo County, Jonglei State, and Upper Nile State, complementing ongoing response in Uror, Nyirol, and Abiemnhom counties. The additional funding allows UNICEF and partners to expand life-saving Health, Nutrition, WASH, Child Protection and Gender-Based Violence programming. The response increases access to essential services and reduce preventable morbidity, mortality, and protection risks among vulnerable populations. With this project, UNICEF supports a total of 27,979 (16,500 women, 5,500 girls, 3,066 men, and 2,913 boys) most vulnerable conflict-affected displaced children (girls and boys), pregnant and breastfeeding women, and survivors of violence, with lifesaving activities.",39778,2026,CERF-SSD-26-RR-CEF-39778,CERF RR allocation for conflict-related displacement/food insecurity in South Sudan - Top up to CERF-SSD-26-RR-CEF-38960,1545,CERF-SSD-26-RR-1545,3,Rapid Response,91,South Sudan,SSD,4,United Nations Children’s Fund,UNICEF,4,United Nations Children’s Fund,29,Displacement/Migration,"{""projectsectors"":[{""tableName"":""P"",""projectID"":39778,""projectCode"":""CERF-SSD-26-RR-CEF-39778"",""sectorID"":25,""sectorName"":""Protection"",""cERFSectorName"":""Child Protection"",""sectorAmount"":500000.32,""clusterName"":""Protection"",""iascSectorname"":""Child Protection""},{""tableName"":""P"",""projectID"":39778,""projectCode"":""CERF-SSD-26-RR-CEF-39778"",""sectorID"":9,""sectorName"":""Health"",""cERFSectorName"":""Health"",""sectorAmount"":500000.31,""clusterName"":""Health"",""iascSectorname"":""Health""},{""tableName"":""P"",""projectID"":39778,""projectCode"":""CERF-SSD-26-RR-CEF-39778"",""sectorID"":18,""sectorName"":""Water, Sanitation and Hygiene"",""cERFSectorName"":""Water, Sanitation and Hygiene"",""sectorAmount"":750000.47,""clusterName"":""Water, Sanitation and Hygiene"",""iascSectorname"":""Water Sanitation Hygiene""},{""tableName"":""P"",""projectID"":39778,""projectCode"":""CERF-SSD-26-RR-CEF-39778"",""sectorID"":10,""sectorName"":""Nutrition"",""cERFSectorName"":""Nutrition"",""sectorAmount"":750000.47,""clusterName"":""Nutrition"",""iascSectorname"":""Nutrition""}]}",2500001.57,"Health;Nutrition;Protection;Water, Sanitation and Hygiene",Internally displaced persons,"{""projectgrouping"":[]}",Funded,2026-06-12T00:00:00,,Man-made,Eastern Africa,Eastern Africa,Africa,HRP,"{""projectcapcode"":[]}","{""ProjectCountry"":[{""projectID"":39778,""countryCode"":""SSD"",""countryPercent"":100.0,""totalBudget"":2500001.57}]}",,5500,2913,8413,16500,3066,22000,5979,19566,27979,2026-06-01T00:00:00,2026-11-30T00:00:00,2026-06-12T00:00:00,2026-06-16T00:00:00,1,5,4,GAM
P,Under Implementation,"This WHO project provides rapid, life-saving health, nutrition, water, sanitation and hygiene, and outbreak readiness support to approximately 790,505 (205,531 women, 205,531 girls, 189,719 men, and 189,721 boys) most vulnerable affected people in high-priority locations in Jonglei State, South Sudan, including Akobo. It focuses on life-saving, time-bound and measurable activities, including life-saving emergency health services, medical management of severe acute malnutrition with complications and outbreak prevention.",39779,2026,CERF-SSD-26-RR-WHO-39779,"Strengthening Emergency Health, Nutrition, WASH, and Outbreak Preparedness in Priority Counties of South Sudan: Akobo, Nyirol, Uror, Akoka, Nasir/Luakpiny, Ulang, and Abiemnhom Administrative Area",1545,CERF-SSD-26-RR-1545,3,Rapid Response,91,South Sudan,SSD,3,World Health Organization,WHO,3,World Health Organization,29,Displacement/Migration,"{""projectsectors"":[{""tableName"":""P"",""projectID"":39779,""projectCode"":""CERF-SSD-26-RR-WHO-39779"",""sectorID"":9,""sectorName"":""Health"",""cERFSectorName"":""Health"",""sectorAmount"":1450020.0,""clusterName"":""Health"",""iascSectorname"":""Health""},{""tableName"":""P"",""projectID"":39779,""projectCode"":""CERF-SSD-26-RR-WHO-39779"",""sectorID"":18,""sectorName"":""Water, Sanitation and Hygiene"",""cERFSectorName"":""Water, Sanitation and Hygiene"",""sectorAmount"":199980.0,""clusterName"":""Water, Sanitation and Hygiene"",""iascSectorname"":""Water Sanitation Hygiene""},{""tableName"":""P"",""projectID"":39779,""projectCode"":""CERF-SSD-26-RR-WHO-39779"",""sectorID"":10,""sectorName"":""Nutrition"",""cERFSectorName"":""Nutrition"",""sectorAmount"":550000.0,""clusterName"":""Nutrition"",""iascSectorname"":""Nutrition""}]}",2200000,"Health;Nutrition;Water, Sanitation and Hygiene",Host communities;Returnees;Internally displaced persons,"{""projectgrouping"":[]}",Funded,2026-06-23T00:00:00,,Man-made,Eastern Africa,Eastern Africa,Africa,HRP,"{""projectcapcode"":[]}","{""ProjectCountry"":[{""projectID"":39779,""countryCode"":""SSD"",""countryPercent"":100.0,""totalBudget"":2200000.0}]}",,205531,189721,395252,205531,189719,411062,379440,395250,790502,2026-07-07T00:00:00,2027-01-06T00:00:00,2026-06-23T00:00:00,2026-07-07T00:00:00,1,4,3,GAM
P,Under Implementation,"The project delivers an integrated life-saving maternal, sexual and reproductive health and gender-based violence prevention and response engagement for conflict-affected and food-insecure populations in Akobo East, where recent conflict escalation, displacement, severe food insecurity, and disruption of essential services have significantly increased humanitarian needs among women and girls. The project targets a total of 88,164 affected people (44,082 women, 22,923 girls, 14,106 men, and 7,053 boys) with lifesaving activities.",39780,2026,CERF-SSD-26-RR-FPA-39780,"Rapid Life-saving Maternal, Sexual and Reproductive Health and Gender-based Violence Prevention and Response Services for Conflict and Food-insecure Communities in Akobo",1545,CERF-SSD-26-RR-1545,3,Rapid Response,91,South Sudan,SSD,6,United Nations Population Fund,UNFPA,6,United Nations Population Fund,29,Displacement/Migration,"{""projectsectors"":[{""tableName"":""P"",""projectID"":39780,""projectCode"":""CERF-SSD-26-RR-FPA-39780"",""sectorID"":20,""sectorName"":""Protection"",""cERFSectorName"":""Gender-Based Violence"",""sectorAmount"":600000.26,""clusterName"":""Protection"",""iascSectorname"":""Gender Based Violence""},{""tableName"":""P"",""projectID"":39780,""projectCode"":""CERF-SSD-26-RR-FPA-39780"",""sectorID"":32,""sectorName"":""Health"",""cERFSectorName"":""Sexual and Reproductive Health"",""sectorAmount"":900000.38,""clusterName"":""Health"",""iascSectorname"":""Health""}]}",1500000.64,Health;Protection,Host communities;Internally displaced persons,"{""projectgrouping"":[]}",Funded,2026-06-11T00:00:00,,Man-made,Eastern Africa,Eastern Africa,Africa,HRP,"{""projectcapcode"":[]}","{""ProjectCountry"":[{""projectID"":39780,""countryCode"":""SSD"",""countryPercent"":100.0,""totalBudget"":1500000.64}]}",,22923,7053,29976,44082,14106,67005,21159,58188,88164,2026-06-15T00:00:00,2026-12-14T00:00:00,2026-06-11T00:00:00,2026-06-15T00:00:00,1,5,4,GAM
P,Under Implementation,"IOM delivers a lifesaving humanitarian response in South Sudan through two complementary components: frontline Shelter and Non-Food Item assistance (including cash-based support and a core pipeline emergency supply mechanism), as well as Water, Sanitation and Hygiene (WASH) activities. The response targets a total of 44,652 affected people (10,752 women, 12,359 girls, 10,021 men, and 11,520 boys) including vulnerable returnees, internally displaced persons, and host communities affected by conflict and displacement, ensuring timely access to emergency shelter materials, essential nonfood items (NFI), and critical WASH supplies.",39781,2026,CERF-SSD-26-RR-IOM-39781,"Provision of Emergency Shelter, Non-Food Items, and WASH Assistance to Vulnerable IDPs and Conflict-Affected Host Communities",1545,CERF-SSD-26-RR-1545,3,Rapid Response,91,South Sudan,SSD,7,International Organization for Migration,IOM,7,International Organization for Migration,29,Displacement/Migration,"{""projectsectors"":[{""tableName"":""P"",""projectID"":39781,""projectCode"":""CERF-SSD-26-RR-IOM-39781"",""sectorID"":18,""sectorName"":""Water, Sanitation and Hygiene"",""cERFSectorName"":""Water, Sanitation and Hygiene"",""sectorAmount"":600000.0,""clusterName"":""Water, Sanitation and Hygiene"",""iascSectorname"":""Water Sanitation Hygiene""},{""tableName"":""P"",""projectID"":39781,""projectCode"":""CERF-SSD-26-RR-IOM-39781"",""sectorID"":17,""sectorName"":""Shelter and Non-Food Items"",""cERFSectorName"":""Shelter"",""sectorAmount"":900000.0,""clusterName"":""Shelter and Non-Food Items"",""iascSectorname"":""Emergency Shelter and NFI""}]}",1500000,"Shelter and Non-Food Items;Water, Sanitation and Hygiene",Host communities;Returnees;Internally displaced persons,"{""projectgrouping"":[]}",Funded,2026-06-11T00:00:00,,Man-made,Eastern Africa,Eastern Africa,Africa,HRP,"{""projectcapcode"":[]}","{""ProjectCountry"":[{""projectID"":39781,""countryCode"":""SSD"",""countryPercent"":100.0,""totalBudget"":1500000.0}]}",,12359,11520,23879,10752,10021,23111,21541,20773,44652,2026-06-15T00:00:00,2026-12-14T00:00:00,2026-06-11T00:00:00,2026-06-15T00:00:00,1,3,2,GAM
P,Under Implementation,"The main objective of this project is to ensure that community-based health interventions contribute to controlling cholera transmission, reducing cholera-related mortality, and limiting further spread in affected and high-risk communities  in targeted LGAs across Borno, Adamawa, Yobe, and Zamfara. This UNICEF project provides early case detection, prompt referral and access to treatment, and strengthened risk communication and community engagement. The project provides life-saving assistance to 602618 people, including 132576 women, 114498 men, 355544 children, and including 90392 people with disabilities.",39782,2026,CERF-NGA-26-RR-CEF-39782,"Response and early action for emergency WASH, community-based health, and Risk Communication and Community Engagement (RCCE) to Cholera-affected communities across 17 impacted and high-risk LGAs",1546,CERF-NGA-26-RR-1546,3,Rapid Response,67,Nigeria,NGA,4,United Nations Children’s Fund,UNICEF,4,United Nations Children’s Fund,9,Cholera,"{""projectsectors"":[{""tableName"":""P"",""projectID"":39782,""projectCode"":""CERF-NGA-26-RR-CEF-39782"",""sectorID"":9,""sectorName"":""Health"",""cERFSectorName"":""Health"",""sectorAmount"":720000.0,""clusterName"":""Health"",""iascSectorname"":""Health""},{""tableName"":""P"",""projectID"":39782,""projectCode"":""CERF-NGA-26-RR-CEF-39782"",""sectorID"":18,""sectorName"":""Water, Sanitation and Hygiene"",""cERFSectorName"":""Water, Sanitation and Hygiene"",""sectorAmount"":1080000.01,""clusterName"":""Water, Sanitation and Hygiene"",""iascSectorname"":""Water Sanitation Hygiene""}]}",1800000.01,"Health;Water, Sanitation and Hygiene",Host communities;Internally displaced persons,"{""projectgrouping"":[]}",Funded,2026-06-03T00:00:00,Disease Outbreak,Natural Disaster,Western Africa,Western Africa,Africa,HRP,"{""projectcapcode"":[]}","{""ProjectCountry"":[{""projectID"":39782,""countryCode"":""NGA"",""countryPercent"":100.0,""totalBudget"":1800000.01}]}",Disease Outbreak,96419,81353,177772,66288,57249,162707,138602,123537,301309,2026-05-25T00:00:00,2026-11-24T00:00:00,2026-06-03T00:00:00,2026-06-08T00:00:00,1,4,3,GAM
P,Under Implementation,"The main objective of this project is to rapidly contain cholera transmission and maintain cholera-related mortality at below 1 per cent in 17 high-risk Local Government Areas across Borno, Adamawa, Yobe, and Zamfara States. This WHO project provides integrated surveillance, laboratory strengthening, rapid response deployment, and case management. The project provides life-saving assistance to 112,000 people, including 25,019 women, 20,844 men, 66,137 children, and including 16,800 people with disabilities.",39783,2026,CERF-NGA-26-RR-WHO-39783,Support in transmission containment and reduction of related mortality of Cholera disease in 17 high priority LGAs across 4 states in Nigeria.,1546,CERF-NGA-26-RR-1546,3,Rapid Response,67,Nigeria,NGA,3,World Health Organization,WHO,3,World Health Organization,9,Cholera,"{""projectsectors"":[{""tableName"":""P"",""projectID"":39783,""projectCode"":""CERF-NGA-26-RR-WHO-39783"",""sectorID"":9,""sectorName"":""Health"",""cERFSectorName"":""Health"",""sectorAmount"":2200000.0,""clusterName"":""Health"",""iascSectorname"":""Health""}]}",2200000,Health,Host communities;Returnees;Internally displaced persons,"{""projectgrouping"":[]}",Funded,2026-06-03T00:00:00,Disease Outbreak,Natural Disaster,Western Africa,Western Africa,Africa,HRP,"{""projectcapcode"":[]}","{""ProjectCountry"":[{""projectID"":39783,""countryCode"":""NGA"",""countryPercent"":100.0,""totalBudget"":2200000.0}]}",Disease Outbreak,35840,30297,66137,25019,20844,60859,51141,45863,112000,2026-06-11T00:00:00,2026-12-10T00:00:00,2026-06-03T00:00:00,2026-06-11T00:00:00,1,4,3,GAM
P,Under Implementation,"The main objective of this project is to contribute to the reduction of morbidity and mortality attributable to Ebola Virus Disease, ensuring the rapid interruption of transmission chains and limiting the spread to other health zones, neighboring provinces, bordering countries. This WHO project, among other activities, deploys medical experts and technicians, sets up transit centers, supplies medical kits to health centers, ensures free care to all patients and strengthen the capacity of health facilities to contain the spread. The project delivers life-saving assistance to 259,720 people, including 69,861 women, 64,422 men and 125,437 children, and including 28,567 people with disabilities.",39786,2026,CERF-COD-26-RR-WHO-39786,"Réponse rapide à la dix-septième épidémie de la maladie à virus Ebola Bundibugyo (MVEB) dans les provinces de l'Ituri, du Nord Kivu et Sud Kivu en République Démocratique du Congo.",1547,CERF-COD-26-RR-1547,3,Rapid Response,27,Democratic Republic of the Congo,COD,3,World Health Organization,WHO,3,World Health Organization,30,Ebola,"{""projectsectors"":[{""tableName"":""P"",""projectID"":39786,""projectCode"":""CERF-COD-26-RR-WHO-39786"",""sectorID"":9,""sectorName"":""Health"",""cERFSectorName"":""Health"",""sectorAmount"":4000000.0,""clusterName"":""Health"",""iascSectorname"":""Health""}]}",4000000,Health,Host communities;Returnees;Internally displaced persons,"{""projectgrouping"":[]}",Funded,2026-07-27T00:00:00,Disease Outbreak,,Middle Africa,Middle Africa,Africa,HRP,"{""projectcapcode"":[]}","{""ProjectCountry"":[{""projectID"":39786,""countryCode"":""COD"",""countryPercent"":100.0,""totalBudget"":4000000.0}]}",Disease Outbreak,62069,63368,125437,69861,64422,131930,127790,134283,259720,2026-07-01T00:00:00,2026-12-31T00:00:00,2026-07-27T00:00:00,2026-07-31T00:00:00,1,4,3,GAM
P,Under Implementation,"The main objective of this project is to reinforce the response to the Ebola epidemic in high-risk areas of Ituri and North Kivu through integrated Water, Sanitation, and Hygiene and Child Protection interventions, in order to limit the spread of the virus, ensure secure access to essential services, and protect vulnerable children and families. This UNICEF project strengthens infection prevention and control (IPC) measures in 30 health facilities, distributes IPC/WASH kits to affected households, supports rapid decontamination interventions, reduces protection risks, and provides psychosocial support, among other activities. The project delivers life-saving assistance to 242,200 people, including 69,619 women, 46,457 men, and 126,124 children.",39787,2026,CERF-COD-26-RR-CEF-39787,Appui multisectorielle WASH et Protection à la riposte contre l’épidémie d’Ebola en Ituri et au Nord-Kivu,1547,CERF-COD-26-RR-1547,3,Rapid Response,27,Democratic Republic of the Congo,COD,4,United Nations Children’s Fund,UNICEF,4,United Nations Children’s Fund,30,Ebola,"{""projectsectors"":[{""tableName"":""P"",""projectID"":39787,""projectCode"":""CERF-COD-26-RR-CEF-39787"",""sectorID"":25,""sectorName"":""Protection"",""cERFSectorName"":""Child Protection"",""sectorAmount"":900000.0,""clusterName"":""Protection"",""iascSectorname"":""Child Protection""},{""tableName"":""P"",""projectID"":39787,""projectCode"":""CERF-COD-26-RR-CEF-39787"",""sectorID"":18,""sectorName"":""Water, Sanitation and Hygiene"",""cERFSectorName"":""Water, Sanitation and Hygiene"",""sectorAmount"":1100000.0,""clusterName"":""Water, Sanitation and Hygiene"",""iascSectorname"":""Water Sanitation Hygiene""}]}",2000000,"Protection;Water, Sanitation and Hygiene",Host communities;Internally displaced persons;Other affected persons,"{""projectgrouping"":[]}",Funded,2026-07-29T00:00:00,Disease Outbreak,,Middle Africa,Middle Africa,Africa,HRP,"{""projectcapcode"":[]}","{""ProjectCountry"":[{""projectID"":39787,""countryCode"":""COD"",""countryPercent"":100.0,""totalBudget"":2000000.0}]}",Disease Outbreak,76223,50980,127203,70490,46507,146713,97487,116997,244200,2026-08-03T00:00:00,2027-02-02T00:00:00,2026-07-29T00:00:00,2026-08-03T00:00:00,1,4,3,GAM
P,Under Implementation,"The main objective of this project is to contribute to the response against Gender-Based Violence (GBV) and the prevention of sexual exploitation and abuse (SEA), as well as to improve access to Sexual and Reproductive Health (SRH) services in health zones affected by the Ebola epidemic in Ituri and Nord-Kivu. This UNFPA project trains health care specialists, provides medical assistance related to gender-based violence and sexual and reproductive health, distributes cash and dignity kits to survivors, and provides psycho-social support and GBV management. The project delivers life-saving assistance to 8,577 people, including 4,890 women, 515 men, 3,172 children, and including 600 people with disabilities.",39788,2026,CERF-COD-26-RR-FPA-39788,"Réponse d'urgence  multisectorielle intégrée en Santé sexuelle et reprod.,  VBG/EAS dans les zones affectées par l'épidémie de la Maladie à virus d'Ebola dans les provinces de l'Ituri et du Nord-Kivu",1547,CERF-COD-26-RR-1547,3,Rapid Response,27,Democratic Republic of the Congo,COD,6,United Nations Population Fund,UNFPA,6,United Nations Population Fund,30,Ebola,"{""projectsectors"":[{""tableName"":""P"",""projectID"":39788,""projectCode"":""CERF-COD-26-RR-FPA-39788"",""sectorID"":20,""sectorName"":""Protection"",""cERFSectorName"":""Gender-Based Violence"",""sectorAmount"":1000050.11,""clusterName"":""Protection"",""iascSectorname"":""Gender Based Violence""},{""tableName"":""P"",""projectID"":39788,""projectCode"":""CERF-COD-26-RR-FPA-39788"",""sectorID"":32,""sectorName"":""Health"",""cERFSectorName"":""Sexual and Reproductive Health"",""sectorAmount"":499950.06,""clusterName"":""Health"",""iascSectorname"":""Health""}]}",1500000.17,Health;Protection,Host communities;Returnees;Internally displaced persons,"{""projectgrouping"":[]}",Funded,2026-07-23T00:00:00,Disease Outbreak,,Middle Africa,Middle Africa,Africa,HRP,"{""projectcapcode"":[]}","{""ProjectCountry"":[{""projectID"":39788,""countryCode"":""COD"",""countryPercent"":100.0,""totalBudget"":1500000.17}]}",Disease Outbreak,2829,343,3172,4890,515,7719,858,5405,8577,2026-07-01T00:00:00,2026-12-31T00:00:00,2026-07-23T00:00:00,2026-08-05T00:00:00,1,5,4,GAM
P,Under Implementation,"The main objective of this project is to provide life-saving Camp Coordination and Camp Management (CCCM) and health services to crisis-affected individuals in displacement sites, points of entry, and key mobility corridors across Ituri, North Kivu, and South Kivu. This IOM project identifies, maps and monitors displacement sites; strengthens site governance structures and community committees; implements movement and crowd-management measures in high-risk settings; and reinforces community-based alert, referral and early warning mechanisms linked to health authorities and the Incident Management System (IMS), among other activities. the project conducts 1 million screenings for Ebola at points of entry and points of control. The project delivers direct assistance to 67,376 people, including 16,420 women, 13,960 men and 36,996 children.",39789,2026,CERF-COD-26-RR-IOM-39789,"Strengthening site-level outbreak preparedness, community engagement and migration health surveillance to support the Ebola Virus Disease response in Ituri, North Kivu and South Kivu provinces, DRC",1547,CERF-COD-26-RR-1547,3,Rapid Response,27,Democratic Republic of the Congo,COD,7,International Organization for Migration,IOM,7,International Organization for Migration,30,Ebola,"{""projectsectors"":[{""tableName"":""P"",""projectID"":39789,""projectCode"":""CERF-COD-26-RR-IOM-39789"",""sectorID"":2,""sectorName"":""Camp Coordination and Camp Management"",""cERFSectorName"":""Camp Coordination and Camp Management"",""sectorAmount"":775050.0,""clusterName"":""Camp Coordination and Camp Management"",""iascSectorname"":""Camp Coordination / Management""},{""tableName"":""P"",""projectID"":39789,""projectCode"":""CERF-COD-26-RR-IOM-39789"",""sectorID"":9,""sectorName"":""Health"",""cERFSectorName"":""Health"",""sectorAmount"":724950.0,""clusterName"":""Health"",""iascSectorname"":""Health""}]}",1500000,Camp Coordination and Camp Management;Health,Internally displaced persons;Other affected persons,"{""projectgrouping"":[]}",Funded,2026-07-28T00:00:00,Disease Outbreak,,Middle Africa,Middle Africa,Africa,HRP,"{""projectcapcode"":[]}","{""ProjectCountry"":[{""projectID"":39789,""countryCode"":""COD"",""countryPercent"":100.0,""totalBudget"":1500000.0}]}",Disease Outbreak,20529,16467,36996,16420,13960,36949,30427,30380,67376,2026-07-01T00:00:00,2026-12-31T00:00:00,2026-07-28T00:00:00,2026-07-31T00:00:00,1,2,1,GAM
P,Under Implementation,"The main objective of this Anticipatory Action project is to mitigate the anticipated impacts of El Niño‑induced drought on vulnerable households through targeted anticipatory actions that protect livestock assets and sustain livelihoods in Afar and Amhara regions of Ethiopia. The project provides life-saving assistance to 175,000 people, including 40,600 women, 39,900 men, 94,500 children, and including 30,800 persons with disabilities.",39813,2026,CERF-ETH-26-RR-FAO-39813,"Anticipatory Action to mitigate El Niño‑Induced drought Impacts and safeguard lives and livelihoods in Afar and Amhara Regions, Ethiopia",1548,CERF-ETH-26-RR-1548,3,Rapid Response,34,Ethiopia,ETH,5,Food and Agriculture Organization,FAO,5,Food and Agriculture Organization,8,Drought,"{""projectsectors"":[{""tableName"":""P"",""projectID"":39813,""projectCode"":""CERF-ETH-26-RR-FAO-39813"",""sectorID"":1,""sectorName"":""Agriculture"",""cERFSectorName"":""Agriculture"",""sectorAmount"":1100000.0,""clusterName"":""Agriculture"",""iascSectorname"":""Agriculture""}]}",1100000,Agriculture,Host communities;Returnees;Internally displaced persons,"{""projectgrouping"":[]}",Funded,2026-07-10T00:00:00,Natural Disaster,Natural Disaster,Eastern Africa,Eastern Africa,Africa,HRP,"{""projectcapcode"":[]}","{""ProjectCountry"":[{""projectID"":39813,""countryCode"":""ETH"",""countryPercent"":100.0,""totalBudget"":1100000.0}]}",Natural Disaster,47250,47250,94500,40600,39900,87850,87150,80500,175000,2026-06-25T00:00:00,2026-12-24T00:00:00,2026-07-10T00:00:00,2026-07-29T00:00:00,1,2,1,GAM
P,Under Implementation,"This Anticipatory Action project aims to mitigate the anticipated El Niño-related drought impacts in Afar and Amhara during the 2026 Kiremt season by delivering anticipatory cash assistance and EW information. Through cash transfers, vulnerable households will stabilize purchasing power, secure food, sustain livestock, and avoid harmful coping strategies. Early warning dissemination empowers communities to act proactively, safeguarding assets, preserving livelihoods, & strengthening resilience against escalating humanitarian crises. The projects targets 33,066 people of whom 7,275 are women, 8,597 are men, 17,194 are children as well as 3,308 persons with disabilities.",39814,2026,CERF-ETH-26-RR-WFP-39814,Ethiopia Lowlands Drought Anticipatory Action for June – September (Kiremt) Season,1548,CERF-ETH-26-RR-1548,3,Rapid Response,34,Ethiopia,ETH,2,World Food Programme,WFP,2,World Food Programme,8,Drought,"{""projectsectors"":[{""tableName"":""P"",""projectID"":39814,""projectCode"":""CERF-ETH-26-RR-WFP-39814"",""sectorID"":30,""sectorName"":""Multi-Purpose Cash"",""cERFSectorName"":""Multi-Purpose Cash"",""sectorAmount"":1900079.51,""clusterName"":""Multi-Purpose Cash"",""iascSectorname"":""Multi-Sector""}]}",1900079.51,Multi-Purpose Cash,Other affected persons,"{""projectgrouping"":[]}",Funded,2026-07-24T00:00:00,Natural Disaster,Natural Disaster,Eastern Africa,Eastern Africa,Africa,HRP,"{""projectcapcode"":[]}","{""ProjectCountry"":[{""projectID"":39814,""countryCode"":""ETH"",""countryPercent"":100.0,""totalBudget"":1900079.51}]}",Natural Disaster,7936,9258,17194,7275,8597,15211,17855,15872,33066,2026-07-28T00:00:00,2027-01-27T00:00:00,2026-07-24T00:00:00,2026-07-28T00:00:00,1,3,2,GAM
P,Under Implementation,"The main objective of this project is to contribute to the reduction of Ebola virus transmission and to protect vulnerable populations, including internally displaced persons, refugees, and host communities in the provinces of Nord-Kivu, Sud-Kivu, and Ituri. This UNHCR project provides integrated prevention actions, community awareness, inclusive surveillance, and maintenance of essential services, among other activities. The project delivers life-saving assistance to 125,989 people, including 48,700 women, 38,550 men, and 38,739 children.",39833,2026,CERF-COD-26-RR-HCR-39833,"Prévention et réponse communautaire contre Ebola pour les personnes déplacées internes, réfugiés et communautés hôtes au Nord-Kivu, Sud-Kivu et Ituri",1547,CERF-COD-26-RR-1547,3,Rapid Response,27,Democratic Republic of the Congo,COD,11,United Nations High Commissioner for Refugees,UNHCR,11,United Nations High Commissioner for Refugees,30,Ebola,"{""projectsectors"":[{""tableName"":""P"",""projectID"":39833,""projectCode"":""CERF-COD-26-RR-HCR-39833"",""sectorID"":14,""sectorName"":""Protection"",""cERFSectorName"":""Protection"",""sectorAmount"":160000.32,""clusterName"":""Protection"",""iascSectorname"":""Protection""},{""tableName"":""P"",""projectID"":39833,""projectCode"":""CERF-COD-26-RR-HCR-39833"",""sectorID"":9,""sectorName"":""Health"",""cERFSectorName"":""Health"",""sectorAmount"":190000.38,""clusterName"":""Health"",""iascSectorname"":""Health""},{""tableName"":""P"",""projectID"":39833,""projectCode"":""CERF-COD-26-RR-HCR-39833"",""sectorID"":18,""sectorName"":""Water, Sanitation and Hygiene"",""cERFSectorName"":""Water, Sanitation and Hygiene"",""sectorAmount"":50000.1,""clusterName"":""Water, Sanitation and Hygiene"",""iascSectorname"":""Water Sanitation Hygiene""},{""tableName"":""P"",""projectID"":39833,""projectCode"":""CERF-COD-26-RR-HCR-39833"",""sectorID"":2,""sectorName"":""Camp Coordination and Camp Management"",""cERFSectorName"":""Camp Coordination and Camp Management"",""sectorAmount"":600001.19,""clusterName"":""Camp Coordination and Camp Management"",""iascSectorname"":""Camp Coordination / Management""}]}",1000001.99,"Camp Coordination and Camp Management;Health;Protection;Water, Sanitation and Hygiene",Host communities;Refugees;Internally displaced persons,"{""projectgrouping"":[]}",Funded,2026-07-28T00:00:00,Disease Outbreak,,Middle Africa,Middle Africa,Africa,HRP,"{""projectcapcode"":[]}","{""ProjectCountry"":[{""projectID"":39833,""countryCode"":""COD"",""countryPercent"":100.0,""totalBudget"":1000001.99}]}",Disease Outbreak,21800,16939,38739,48700,38550,70500,55489,87250,125989,2026-06-15T00:00:00,2026-12-14T00:00:00,2026-07-28T00:00:00,2026-08-10T00:00:00,1,4,3,GAM
P,Under Implementation,"The FAO project aims to provide emergency livelihood and food security support to drought-affected rural populations in Buur Hakaba and Qansax Dheere districts of Bay Region, Somalia. FAO and its partners deliver a Cash+ package, combining unconditional cash transfers with emergency livestock support, including animal treatment, vaccination, and feed assistance. This integrated approach helps vulnerable agro-pastoral and pastoral households meet immediate food needs, protect critical livelihood assets, reduce negative coping strategies, and sustain livestock productivity and household income during the ongoing drought crisis.The project assists 39,000 people, including 10,567 women, 10,493 men, 9,323 girls, and 8,617 boys. An estimated 5,461 persons with disabilities benefit from this project.",39876,2026,CERF-SOM-26-RR-FAO-39876,"Emergency Drought Rapid Response to Save Lives and Protect Livelihoods of Vulnerable Populations in Bay Region, Somalia",1550,CERF-SOM-26-RR-1550,3,Rapid Response,74,Somalia,SOM,5,Food and Agriculture Organization,FAO,5,Food and Agriculture Organization,8,Drought,"{""projectsectors"":[{""tableName"":""P"",""projectID"":39876,""projectCode"":""CERF-SOM-26-RR-FAO-39876"",""sectorID"":1,""sectorName"":""Agriculture"",""cERFSectorName"":""Agriculture"",""sectorAmount"":1400000.04,""clusterName"":""Agriculture"",""iascSectorname"":""Agriculture""}]}",1400000.04,Agriculture,Other affected persons,"{""projectgrouping"":[]}",Funded,2026-07-16T00:00:00,Natural Disaster,Natural Disaster,Eastern Africa,Eastern Africa,Africa,HRP,"{""projectcapcode"":[]}","{""ProjectCountry"":[{""projectID"":39876,""countryCode"":""SOM"",""countryPercent"":100.0,""totalBudget"":1400000.04}]}",Natural Disaster,9323,8617,17940,10567,10493,19890,19110,21060,39000,2026-07-01T00:00:00,2026-12-31T00:00:00,2026-07-16T00:00:00,2026-07-27T00:00:00,1,3,2,GAM
P,Under Implementation,"The WFP project aims to provide life-saving food assistance to drought-affected populations facing critical levels of acute food insecurity (IPC Phase 4) in Buur Hakaba, Dinsoor, and Qansax Dheere districts of Bay Region, Somalia. WFP and its partners provide unconditional cash-based transfers (CBT) to vulnerable households to meet urgent food needs, stabilize food consumption, and prevent further deterioration of food security.The project assists 32,268 people, including 6,598 women, 5,851 men, 9,612 girls, and 10,207 boys. An estimated 2,681 persons with disabilities benefit from this project.",39877,2026,CERF-SOM-26-RR-WFP-39877,WFP'S Humanitarian relief assistance to the Drought-Affected Populations in High-Severity IPC 4 Areas in Bay Region of Somalia,1550,CERF-SOM-26-RR-1550,3,Rapid Response,74,Somalia,SOM,2,World Food Programme,WFP,2,World Food Programme,8,Drought,"{""projectsectors"":[{""tableName"":""P"",""projectID"":39877,""projectCode"":""CERF-SOM-26-RR-WFP-39877"",""sectorID"":8,""sectorName"":""Food Assistance"",""cERFSectorName"":""Food Aid"",""sectorAmount"":1399995.81,""clusterName"":""Food Aid"",""iascSectorname"":""Food Security""}]}",1399995.81,Food Assistance,Host communities;Refugees;Returnees;Internally displaced persons,"{""projectgrouping"":[]}",Funded,2026-07-24T00:00:00,Natural Disaster,Natural Disaster,Eastern Africa,Eastern Africa,Africa,HRP,"{""projectcapcode"":[]}","{""ProjectCountry"":[{""projectID"":39877,""countryCode"":""SOM"",""countryPercent"":100.0,""totalBudget"":1399995.81}]}",Natural Disaster,9612,10207,19819,6598,5851,16210,16058,12449,32268,2026-08-03T00:00:00,2027-02-02T00:00:00,2026-07-24T00:00:00,2026-08-03T00:00:00,1,5,4,GAM
P,Under Implementation,"The WHO project aims to provide life-saving health and nutrition services to drought-affected populations in Daynile and Kahda districts of Banadir Region, Dinsoor and Buur Hakaba districts of Bay Region, and Bossaso and Caluula districts of Bari Region, Somalia. WHO and its partners provide integrated primary health care services, including maternal and child health care, nutrition screening and treatment, mental health and psychosocial support, reproductive health services, and mobile outreach for hard-to-reach communities. The project also strengthens disease surveillance, outbreak detection and response, vaccination activities, inpatient management of severe acute malnutrition, referral services, and the provision of essential medicines and emergency health supplies to reduce preventable morbidity and mortality and contain disease outbreaks.The project assists 428,400 people, including 98,532 women, 98,532 men, 115,668 girls, and 115,668 boys. An estimated 64,260 persons with disabilities benefit from this project.",39878,2026,CERF-SOM-26-RR-WHO-39878,"Integrated lifesaving health, nutrition and outbreak response services for crisis-affected and displaced populations in Daynile, Kahda, Dinsoor, Buur Hakaba, Bossaso and Caluula districts, Somalia",1550,CERF-SOM-26-RR-1550,3,Rapid Response,74,Somalia,SOM,3,World Health Organization,WHO,3,World Health Organization,8,Drought,"{""projectsectors"":[{""tableName"":""P"",""projectID"":39878,""projectCode"":""CERF-SOM-26-RR-WHO-39878"",""sectorID"":9,""sectorName"":""Health"",""cERFSectorName"":""Health"",""sectorAmount"":1999956.26,""clusterName"":""Health"",""iascSectorname"":""Health""}]}",1999956.26,Health,Host communities;Internally displaced persons;Other affected persons,"{""projectgrouping"":[]}",Funded,2026-07-16T00:00:00,Natural Disaster,Natural Disaster,Eastern Africa,Eastern Africa,Africa,HRP,"{""projectcapcode"":[]}","{""ProjectCountry"":[{""projectID"":39878,""countryCode"":""SOM"",""countryPercent"":100.0,""totalBudget"":1999956.26}]}",Natural Disaster,115668,115668,231336,98532,98532,214200,214200,197064,428400,2026-07-27T00:00:00,2027-01-26T00:00:00,2026-07-16T00:00:00,2026-07-27T00:00:00,1,5,4,GAM
P,Under Implementation,"UNICEF project aims to provide life-saving nutrition assistance to children and caregivers affected by drought, acute malnutrition, disease outbreaks, and displacement in priority districts across Somalia. UNICEF and its partners provide screening and treatment services for severe acute malnutrition (SAM), Infant and Young Child Feeding in Emergencies (IYCF-E) counselling, community-based nutrition interventions, and Social and Behaviour Change Communication (SBCC) activities to prevent excess morbidity and mortality and strengthen nutrition outcomes among vulnerable populations.The project assists 175,000 people, including 75,000 women, 51,000 girls, and 49,000 boys. An estimated 26,508 persons with disabilities benefit from this project.",39879,2026,CERF-SOM-26-RR-CEF-39879,Provision of integrated Life-Saving Nutrition Intervention to Prevent and Treat Acute Malnutrition among Children and Women in Drought-Affected Districts of Somalia,1550,CERF-SOM-26-RR-1550,3,Rapid Response,74,Somalia,SOM,4,United Nations Children’s Fund,UNICEF,4,United Nations Children’s Fund,8,Drought,"{""projectsectors"":[{""tableName"":""P"",""projectID"":39879,""projectCode"":""CERF-SOM-26-RR-CEF-39879"",""sectorID"":10,""sectorName"":""Nutrition"",""cERFSectorName"":""Nutrition"",""sectorAmount"":2000002.32,""clusterName"":""Nutrition"",""iascSectorname"":""Nutrition""}]}",2000002.32,Nutrition,Host communities;Internally displaced persons,"{""projectgrouping"":[]}",Funded,2026-07-17T00:00:00,Natural Disaster,Natural Disaster,Eastern Africa,Eastern Africa,Africa,HRP,"{""projectcapcode"":[]}","{""ProjectCountry"":[{""projectID"":39879,""countryCode"":""SOM"",""countryPercent"":100.0,""totalBudget"":2000002.32}]}",Natural Disaster,51000,49000,100000,75000,0,126000,49000,75000,175000,2026-07-23T00:00:00,2027-01-22T00:00:00,2026-07-17T00:00:00,2026-07-23T00:00:00,1,5,4,GAM
P,Under Implementation,"The IOM project aims to provide life-saving water, sanitation, and hygiene (WASH) services to disaster-affected populations in Qansax Dheere, Buur Hakaba, Ceel Buur, and Tayeeglow districts of Somalia. IOM and its partners improve access to safe water through the rehabilitation of water infrastructure, water quality monitoring and chlorination, hygiene promotion, and the distribution of essential WASH supplies. The project also supports the construction and rehabilitation of gender-sensitive and disability-accessible sanitation facilities, helping to prevent disease outbreaks, reduce displacement risks, and improve the health and dignity of vulnerable communities.The project assists 142,000 people, including 28,400 women, 21,300 men, 49,700 girls, and 42,600 boys. An estimated 7,100 persons with disabilities benefit from this project.",39880,2026,CERF-SOM-26-RR-IOM-39880,Provision of Life-Saving WASH Assistance to Drought-Affected people in South West and Galmuduug States of Somalia,1550,CERF-SOM-26-RR-1550,3,Rapid Response,74,Somalia,SOM,7,International Organization for Migration,IOM,7,International Organization for Migration,8,Drought,"{""projectsectors"":[{""tableName"":""P"",""projectID"":39880,""projectCode"":""CERF-SOM-26-RR-IOM-39880"",""sectorID"":18,""sectorName"":""Water, Sanitation and Hygiene"",""cERFSectorName"":""Water, Sanitation and Hygiene"",""sectorAmount"":2200000.1,""clusterName"":""Water, Sanitation and Hygiene"",""iascSectorname"":""Water Sanitation Hygiene""}]}",2200000.1,"Water, Sanitation and Hygiene",Host communities;Internally displaced persons,"{""projectgrouping"":[]}",Funded,2026-07-16T00:00:00,Natural Disaster,Natural Disaster,Eastern Africa,Eastern Africa,Africa,HRP,"{""projectcapcode"":[]}","{""ProjectCountry"":[{""projectID"":39880,""countryCode"":""SOM"",""countryPercent"":100.0,""totalBudget"":2200000.1}]}",Natural Disaster,49700,42600,92300,28400,21300,78100,63900,49700,142000,2026-07-22T00:00:00,2027-01-21T00:00:00,2026-07-16T00:00:00,2026-07-22T00:00:00,1,5,4,GAM
P,Under Implementation,"The UNFPA project aims to provide life-saving gender-based violence (GBV) prevention, mitigation, and response services to women and girls in Bari (Bossaso), Banadir (Kahda and Daynile), and Bay (Buur Hakaba and Diinsoor) districts of Somalia. UNFPA and its partners provide specialized case management and psychosocial support through Women and Girls Safe Spaces (WGSS) and GBV One-Stop Centres, including support for survivors of sexual violence and intimate partner violence. The project also provides cash assistance through case management to facilitate access to essential services, strengthens referral pathways, supports service provider capacity building, and conducts community mobilization to promote access to GBV services and protection.The project assists 11,635 people, including 6,052 women, 543 men, 4,569 girls, and 471 boys. An estimated 349 persons with disabilities benefit from this project.",39881,2026,CERF-SOM-26-RR-FPA-39881,"Improving access to specialized GBV services for vulnerable women and girls, including minorities and PLWDs, in drought-affected areas of Bossaso, Kahda, Daynile, Buur Hakaba, and Diinsoor.",1550,CERF-SOM-26-RR-1550,3,Rapid Response,74,Somalia,SOM,6,United Nations Population Fund,UNFPA,6,United Nations Population Fund,8,Drought,"{""projectsectors"":[{""tableName"":""P"",""projectID"":39881,""projectCode"":""CERF-SOM-26-RR-FPA-39881"",""sectorID"":14,""sectorName"":""Protection"",""cERFSectorName"":""Protection"",""sectorAmount"":1000107.54,""clusterName"":""Protection"",""iascSectorname"":""Protection""}]}",1000107.54,Protection,Host communities;Internally displaced persons,"{""projectgrouping"":[]}",Funded,2026-07-16T00:00:00,Natural Disaster,Natural Disaster,Eastern Africa,Eastern Africa,Africa,HRP,"{""projectcapcode"":[]}","{""ProjectCountry"":[{""projectID"":39881,""countryCode"":""SOM"",""countryPercent"":100.0,""totalBudget"":1000107.54}]}",Natural Disaster,4569,471,5040,6052,543,10621,1014,6595,11635,2026-07-01T00:00:00,2026-12-31T00:00:00,2026-07-16T00:00:00,2026-07-23T00:00:00,1,5,4,GAM
P,Under Implementation,"This WHO project supports the Government of Uganda’s response to the Ebola outbreak to prevent further transmission within Uganda and across the region. Through interventions focused on surveillance and laboratory systems, infection prevention and control (IPC), case management, and the provision of critical medical supplies, WHO and its partners work to strengthen early detection, containment, and life-saving response capacities in 42 high-risk districts, including border areas, refugee-hosting districts, points of entry, and Kampala. The project assists 305,002 people, including 77,166 women, 72,590 men, 79,301 girls, and 75,945 boys. An estimated 39,650 persons with disabilities benefit from this project.",39934,2026,CERF-UGA-26-RR-WHO-39934,CERF Rapid Response: Uganda Jun 2026 (Ebola response),1551,CERF-UGA-26-RR-1551,3,Rapid Response,83,Uganda,UGA,3,World Health Organization,WHO,3,World Health Organization,30,Ebola,"{""projectsectors"":[{""tableName"":""P"",""projectID"":39934,""projectCode"":""CERF-UGA-26-RR-WHO-39934"",""sectorID"":9,""sectorName"":""Health"",""cERFSectorName"":""Health"",""sectorAmount"":2500015.36,""clusterName"":""Health"",""iascSectorname"":""Health""}]}",2500015.36,Health,Host communities,"{""projectgrouping"":[]}",Funded,2026-07-28T00:00:00,Disease Outbreak,,Eastern Africa,Eastern Africa,Africa,HRP,"{""projectcapcode"":[]}","{""ProjectCountry"":[{""projectID"":39934,""countryCode"":""UGA"",""countryPercent"":100.0,""totalBudget"":2500015.36}]}",Disease Outbreak,79301,75945,155246,77166,72590,156467,148535,149756,305002,2026-06-01T00:00:00,2026-11-30T00:00:00,2026-07-28T00:00:00,2026-07-31T00:00:00,1,5,4,GAM
P,Under Implementation,"The IOM project strengthens Uganda’s readiness and response to the Ebola outbreak by enhancing surveillance, screening, referral systems, and community-based disease detection in high-risk border areas and districts affected by cross-border population movements with the Democratic Republic of the Congo. IOM and its partners provide syndromic screening and triage at points of entry, community-based disease surveillance, risk communication and community engagement (RCCE), infection prevention and control (IPC) support, and referral services to strengthen early detection, prevent disease transmission, and protect vulnerable populations. The project assists 33,985 people, including 9,111 women, 8,324 men, 8,530 girls, and 8,020 boys. An estimated 5,435 persons with disabilities will benefit from this project.",39935,2026,CERF-UGA-26-RR-IOM-39935,Strengthening Capacities to Effectively Manage Bundibugyo Ebola Virus Disease at Vulnerable Points of Entry and Border Communities in Uganda,1551,CERF-UGA-26-RR-1551,3,Rapid Response,83,Uganda,UGA,7,International Organization for Migration,IOM,7,International Organization for Migration,30,Ebola,"{""projectsectors"":[{""tableName"":""P"",""projectID"":39935,""projectCode"":""CERF-UGA-26-RR-IOM-39935"",""sectorID"":9,""sectorName"":""Health"",""cERFSectorName"":""Health"",""sectorAmount"":800000.0,""clusterName"":""Health"",""iascSectorname"":""Health""}]}",800000,Health,Host communities,"{""projectgrouping"":[]}",Funded,2026-07-29T00:00:00,Disease Outbreak,,Eastern Africa,Eastern Africa,Africa,HRP,"{""projectcapcode"":[]}","{""ProjectCountry"":[{""projectID"":39935,""countryCode"":""UGA"",""countryPercent"":100.0,""totalBudget"":800000.0}]}",Disease Outbreak,8530,8020,16550,9111,8324,17641,16344,17435,33985,2026-07-01T00:00:00,2026-12-31T00:00:00,2026-07-29T00:00:00,2026-08-10T00:00:00,1,5,4,GAM
P,Under Implementation,"The UNHCR project aims to prevent and respond to the spread of the Ebola disease outbreak caused by the Bundibugyo virus among refugee and host populations in Uganda. Working under the Government-led response plan, UNHCR supports strengthened border monitoring, screening, surveillance, infection prevention and control measures, and public health interventions in areas hosting refugees and other populations at risk. The project enhances healthcare preparedness through support to health facilities, community-based surveillance systems, early detection, contact tracing, case management, referral systems, ambulance services, and coordination with the Ministry of Health and District Local Governments. UNHCR also strengthens water, sanitation, and hygiene (WASH) services through hygiene promotion, community sensitization, sanitation facilities, handwashing stations, and the distribution of essential WASH supplies, including soap for households and institutions, to reduce the risk of Ebola transmission.The project assists 100,000 people, including 26,200 women, 23,300 men, 24,900 girls, and 25,600 boys. An estimated 13,900 persons with disabilities benefit from this project.",39936,2026,CERF-UGA-26-RR-HCR-39936,Emergency response for Ebola outbreak in refugee settings in Uganda: Health and WASH Services,1551,CERF-UGA-26-RR-1551,3,Rapid Response,83,Uganda,UGA,11,United Nations High Commissioner for Refugees,UNHCR,11,United Nations High Commissioner for Refugees,30,Ebola,"{""projectsectors"":[{""tableName"":""P"",""projectID"":39936,""projectCode"":""CERF-UGA-26-RR-HCR-39936"",""sectorID"":18,""sectorName"":""Water, Sanitation and Hygiene"",""cERFSectorName"":""Water, Sanitation and Hygiene"",""sectorAmount"":280000.0,""clusterName"":""Water, Sanitation and Hygiene"",""iascSectorname"":""Water Sanitation Hygiene""},{""tableName"":""P"",""projectID"":39936,""projectCode"":""CERF-UGA-26-RR-HCR-39936"",""sectorID"":9,""sectorName"":""Health"",""cERFSectorName"":""Health"",""sectorAmount"":420000.01,""clusterName"":""Health"",""iascSectorname"":""Health""}]}",700000.01,"Health;Water, Sanitation and Hygiene",Refugees,"{""projectgrouping"":[]}",Funded,2026-07-10T00:00:00,Disease Outbreak,,Eastern Africa,Eastern Africa,Africa,HRP,"{""projectcapcode"":[]}","{""ProjectCountry"":[{""projectID"":39936,""countryCode"":""UGA"",""countryPercent"":100.0,""totalBudget"":700000.01}]}",Disease Outbreak,24900,25600,50500,26200,23300,51100,48900,49500,100000,2026-07-01T00:00:00,2026-12-31T00:00:00,2026-07-10T00:00:00,2026-07-16T00:00:00,1,5,4,GAM
P,Under Implementation,"The WHO Burundi project aims to strengthen readiness and response capacities for Ebola in high-risk districts of Mukaza, Mutimbuzi, Nyanza-Lac, Muyinga, and Mpanda. Through interventions focused on epidemiological surveillance, laboratory capacity, infection prevention and control (IPC), and case management, WHO and its partners work to reduce the risk of Ebola importation, transmission, and impact, while improving early detection and response to public health threats. The project assists 165,768 people, including 33,154 women, 24,866 men, 44,756 girls, and 62,992 boys. An estimated 13,260 persons with disabilities benefit from this project.",39980,2026,CERF-BDI-26-RR-WHO-39980,"Projet santé de préparation à la Maladie à Virus Ebola dans les districts sanitaires de Mukaza, Mutimbuzi, Nyanza-Lac, Muyinga et Mpanda au Burundi",1553,CERF-BDI-26-RR-1553,3,Rapid Response,17,Burundi,BDI,3,World Health Organization,WHO,3,World Health Organization,30,Ebola,"{""projectsectors"":[{""tableName"":""P"",""projectID"":39980,""projectCode"":""CERF-BDI-26-RR-WHO-39980"",""sectorID"":9,""sectorName"":""Health"",""cERFSectorName"":""Health"",""sectorAmount"":799999.95,""clusterName"":""Health"",""iascSectorname"":""Health""}]}",799999.95,Health,Host communities,"{""projectgrouping"":[]}",Funded,2026-07-28T00:00:00,Disease Outbreak,,Eastern Africa,Eastern Africa,Africa,HRP,"{""projectcapcode"":[]}","{""ProjectCountry"":[{""projectID"":39980,""countryCode"":""BDI"",""countryPercent"":100.0,""totalBudget"":799999.95}]}",Disease Outbreak,44756,62992,107748,33154,24866,77910,87858,58020,165768,2026-07-01T00:00:00,2026-12-31T00:00:00,2026-07-28T00:00:00,2026-08-03T00:00:00,1,4,3,GAM
P,Under Implementation,"IOM project aims to strengthen Ebola virus disease preparedness and prevention in priority mobility corridors, border communities, and displacement settings through enhanced border health measures, surveillance, infection prevention and control (IPC), and risk communication and community engagement (RCCE) activities. IOM and its partners support preparedness at key points of entry (PoEs), mobility monitoring and analysis, frontline worker training, community awareness initiatives, referral mechanisms, and the provision of hygiene and non-food items (NFIs) to vulnerable households, with the objective of reducing the risk of cross-border transmission and improving early detection and response capacities.The project assists 50,000 people, including 12,197 women, 11,284 men, 1,689 girls, and 1,877 boys. An estimated 4,000 persons with disabilities benefit from this project.",39981,2026,CERF-BDI-26-RR-IOM-39981,Strengthening Ebola Preparedness and Response in High-Risk Border and Displacement Settings in Burundi,1553,CERF-BDI-26-RR-1553,3,Rapid Response,17,Burundi,BDI,7,International Organization for Migration,IOM,7,International Organization for Migration,30,Ebola,"{""projectsectors"":[{""tableName"":""P"",""projectID"":39981,""projectCode"":""CERF-BDI-26-RR-IOM-39981"",""sectorID"":9,""sectorName"":""Health"",""cERFSectorName"":""Health"",""sectorAmount"":500000.0,""clusterName"":""Health"",""iascSectorname"":""Health""}]}",500000,Health,Host communities;Returnees;Internally displaced persons;Other affected persons,"{""projectgrouping"":[]}",Funded,2026-07-23T00:00:00,Disease Outbreak,,Eastern Africa,Eastern Africa,Africa,HRP,"{""projectcapcode"":[]}","{""ProjectCountry"":[{""projectID"":39981,""countryCode"":""BDI"",""countryPercent"":100.0,""totalBudget"":500000.0}]}",Disease Outbreak,4104,3633,7737,22339,19924,26443,23557,42263,50000,2026-07-13T00:00:00,2027-01-12T00:00:00,2026-07-23T00:00:00,2026-08-10T00:00:00,1,5,4,GAM
P,Under Implementation,"This UNICEF project aims to strengthen Ebola readiness and prevention in Burundi through targeted investments in logistics, infection prevention and control (IPC),Water, Sanitation and Hygiene (WASH), and risk communication and community engagement (RCCE). UNICEF and its partners support the pre-positioning of emergency supplies, strengthening of health facility preparedness, training of frontline workers, enhancement of infection prevention measures, and community engagement activities to improve readiness, enable rapid detection and response, and reduce the risk of Ebola transmission, particularly in high-risk border districts and points of entry. The project directly and indirectly benefits 150,000 people, including 36,660 women, 33,840 men, 41,340 girls, and 38,160 boys. An estimated 7,497 persons with disabilities benefit from this project.",39982,2026,CERF-BDI-26-RR-CEF-39982,"Strengthening Ebola Preparedness and Readiness in Burundi through Integrated WASH, Logistics and RCCE Interventions",1553,CERF-BDI-26-RR-1553,3,Rapid Response,17,Burundi,BDI,4,United Nations Children’s Fund,UNICEF,4,United Nations Children’s Fund,30,Ebola,"{""projectsectors"":[{""tableName"":""P"",""projectID"":39982,""projectCode"":""CERF-BDI-26-RR-CEF-39982"",""sectorID"":3,""sectorName"":""Common Services"",""cERFSectorName"":""Logistics"",""sectorAmount"":70000.01,""clusterName"":""Common Services"",""iascSectorname"":""Logistics""},{""tableName"":""P"",""projectID"":39982,""projectCode"":""CERF-BDI-26-RR-CEF-39982"",""sectorID"":9,""sectorName"":""Health"",""cERFSectorName"":""Health"",""sectorAmount"":280000.01,""clusterName"":""Health"",""iascSectorname"":""Health""},{""tableName"":""P"",""projectID"":39982,""projectCode"":""CERF-BDI-26-RR-CEF-39982"",""sectorID"":18,""sectorName"":""Water, Sanitation and Hygiene"",""cERFSectorName"":""Water, Sanitation and Hygiene"",""sectorAmount"":350000.03,""clusterName"":""Water, Sanitation and Hygiene"",""iascSectorname"":""Water Sanitation Hygiene""}]}",700000.05,"Common Services;Health;Water, Sanitation and Hygiene",Host communities,"{""projectgrouping"":[]}",Funded,2026-07-28T00:00:00,Disease Outbreak,,Eastern Africa,Eastern Africa,Africa,HRP,"{""projectcapcode"":[]}","{""ProjectCountry"":[{""projectID"":39982,""countryCode"":""BDI"",""countryPercent"":100.0,""totalBudget"":700000.05}]}",Disease Outbreak,41340,38160,79500,36660,33840,78000,72000,70500,150000,2026-07-08T00:00:00,2027-01-07T00:00:00,2026-07-28T00:00:00,2026-08-10T00:00:00,1,4,3,GAM
P,Under Implementation,"The main objective of this project is to save lives and protect the rights and well-being of children and families affected by the 2026 earthquakes in La Guaira through integrated child protection, education, and WASH interventions. This UNICEF project establishes temporary learning centres equipped with educational and recreational materials; provides integrated child protection services, including family reunification, case management and psychosocial support; and delivers essential WASH supplies, emergency sanitation services and hygiene promotion in affected communities. The project delivers life-saving assistance to 22,734 people, including 6,294 women, 3,200 men, 13,240 children, and including 2,274 people with disabilities.",40054,2026,CERF-VEN-26-RR-CEF-40054,Integrated Emergency Support for Earthquake-Affected Children in Venezuela,1555,CERF-VEN-26-RR-1555,3,Rapid Response,147,Venezuela,VEN,4,United Nations Children’s Fund,UNICEF,4,United Nations Children’s Fund,1,Earthquake,"{""projectsectors"":[{""tableName"":""P"",""projectID"":40054,""projectCode"":""CERF-VEN-26-RR-CEF-40054"",""sectorID"":18,""sectorName"":""Water, Sanitation and Hygiene"",""cERFSectorName"":""Water, Sanitation and Hygiene"",""sectorAmount"":900000.0,""clusterName"":""Water, Sanitation and Hygiene"",""iascSectorname"":""Water Sanitation Hygiene""},{""tableName"":""P"",""projectID"":40054,""projectCode"":""CERF-VEN-26-RR-CEF-40054"",""sectorID"":7,""sectorName"":""Education"",""cERFSectorName"":""Education"",""sectorAmount"":899999.99,""clusterName"":""Education"",""iascSectorname"":""Education""},{""tableName"":""P"",""projectID"":40054,""projectCode"":""CERF-VEN-26-RR-CEF-40054"",""sectorID"":25,""sectorName"":""Protection"",""cERFSectorName"":""Child Protection"",""sectorAmount"":1200000.0,""clusterName"":""Protection"",""iascSectorname"":""Child Protection""}]}",2999999.99,"Education;Protection;Water, Sanitation and Hygiene",Internally displaced persons,"{""projectgrouping"":[]}",Funded,2026-07-29T00:00:00,Natural Disaster,Natural Disaster,Latin America and the Caribbean,Central America,Americas,HRP,"{""projectcapcode"":[]}","{""ProjectCountry"":[{""projectID"":40054,""countryCode"":""VEN"",""countryPercent"":100.0,""totalBudget"":2999999.99}]}",Natural Disaster,6704,6536,13240,6294,3200,12998,9736,9494,22734,2026-08-03T00:00:00,2027-02-02T00:00:00,2026-07-29T00:00:00,2026-08-03T00:00:00,1,5,4,GAM
P,Under Implementation,"The main objective of this project is to save lives and reduce preventable morbidity and mortality among populations affected by the earthquake by restoring access to life-saving essential health services, ensuring continuity of emergency and primary health care, and rapidly detecting and responding to public health threats. This WHO project provides emergency medical equipment, medicines and rapid repairs to restore essential services at damaged health facilities; delivers primary health care, mental health and psychosocial support in affected communities and shelters; and strengthens epidemiological surveillance and early warning systems for the timely detection and response to disease outbreaks. The project provides life-saving assistance to 111,196 people, including 38,084 women, 36,595 men, 36,517 children, and including 5,350 people with disabilities.",40055,2026,CERF-VEN-26-RR-WHO-40055,Life-saving essential health response to the earthquake-affected population in Venezuela,1555,CERF-VEN-26-RR-1555,3,Rapid Response,147,Venezuela,VEN,3,World Health Organization,WHO,3,World Health Organization,1,Earthquake,"{""projectsectors"":[{""tableName"":""P"",""projectID"":40055,""projectCode"":""CERF-VEN-26-RR-WHO-40055"",""sectorID"":9,""sectorName"":""Health"",""cERFSectorName"":""Health"",""sectorAmount"":2500000.0,""clusterName"":""Health"",""iascSectorname"":""Health""}]}",2500000,Health,Internally displaced persons;Other affected persons,"{""projectgrouping"":[]}",Funded,2026-07-23T00:00:00,Natural Disaster,Natural Disaster,Latin America and the Caribbean,Central America,Americas,HRP,"{""projectcapcode"":[]}","{""ProjectCountry"":[{""projectID"":40055,""countryCode"":""VEN"",""countryPercent"":100.0,""totalBudget"":2500000.0}]}",Natural Disaster,17769,18748,36517,38084,36595,55853,55343,74679,111196,2026-06-25T00:00:00,2026-12-24T00:00:00,2026-07-23T00:00:00,2026-07-31T00:00:00,1,3,2,GAM
P,Under Implementation,"The main objective of this project is to save lives and reduce the vulnerability of earthquake-affected populations in La Guaira through the timely delivery of life-saving shelter assistance and services, including emergency shelter solutions, essential household items, and safe construction support that enhance protection, safety, and resilience. This IOM project provides rapid shelter and vulnerability assessments to identify priority needs; distributes emergency shelter materials, essential household items and dignity kits with protection-sensitive features; and rehabilitates and repairs temporary and transitional shelters while providing technical guidance on safe and hazard-resistant construction.  The project delivers life-saving assistance to 7,000 people, including 2,170 women, 2,170 men, and 2,660 children.",40056,2026,CERF-VEN-26-RR-IOM-40056,"Emergency Shelter Assistance for Earthquake-Affected Populations in La Guaira, Venezuela  ",1555,CERF-VEN-26-RR-1555,3,Rapid Response,147,Venezuela,VEN,7,International Organization for Migration,IOM,7,International Organization for Migration,1,Earthquake,"{""projectsectors"":[{""tableName"":""P"",""projectID"":40056,""projectCode"":""CERF-VEN-26-RR-IOM-40056"",""sectorID"":17,""sectorName"":""Shelter and Non-Food Items"",""cERFSectorName"":""Shelter"",""sectorAmount"":2000000.0,""clusterName"":""Shelter and Non-Food Items"",""iascSectorname"":""Emergency Shelter and NFI""}]}",2000000,Shelter and Non-Food Items,Internally displaced persons,"{""projectgrouping"":[]}",Funded,2026-08-05T00:00:00,Natural Disaster,Natural Disaster,Latin America and the Caribbean,Central America,Americas,HRP,"{""projectcapcode"":[]}","{""ProjectCountry"":[{""projectID"":40056,""countryCode"":""VEN"",""countryPercent"":100.0,""totalBudget"":2000000.0}]}",Natural Disaster,2090,2090,4180,3410,3410,5500,5500,6820,11000,2026-07-25T00:00:00,2027-01-24T00:00:00,2026-08-05T00:00:00,2026-08-10T00:00:00,1,5,4,GAM
P,Under Implementation,"The main objective of this project is to reduce immediate protection and shelter-related risks for people affected by the earthquakes in La Guaira through critical protection services, case management, specialized referrals, core relief item distributions, and shelter support for safe service delivery spaces. This UNHCR project provides protection profiling, case management, psychosocial support and safe referrals for people with specific needs; distributes essential household items to earthquake-affected families; and installs temporary shelters and prefabricated units to create safe, dignified and accessible spaces for protection services and assistance. The project provides life-saving assistance to 12,000 people, including 4,856 women, 3,829 men, 3,315 children, and including 748 people with disabilities.",40057,2026,CERF-VEN-26-RR-HCR-40057,"Life-Saving protection, core relief items and shelter assistance for people affected by the earthquakes in La Guaira, Venezuela",1555,CERF-VEN-26-RR-1555,3,Rapid Response,147,Venezuela,VEN,11,United Nations High Commissioner for Refugees,UNHCR,11,United Nations High Commissioner for Refugees,1,Earthquake,"{""projectsectors"":[{""tableName"":""P"",""projectID"":40057,""projectCode"":""CERF-VEN-26-RR-HCR-40057"",""sectorID"":14,""sectorName"":""Protection"",""cERFSectorName"":""Protection"",""sectorAmount"":900000.0,""clusterName"":""Protection"",""iascSectorname"":""Protection""},{""tableName"":""P"",""projectID"":40057,""projectCode"":""CERF-VEN-26-RR-HCR-40057"",""sectorID"":17,""sectorName"":""Shelter and Non-Food Items"",""cERFSectorName"":""Shelter"",""sectorAmount"":1600000.0,""clusterName"":""Shelter and Non-Food Items"",""iascSectorname"":""Emergency Shelter and NFI""}]}",2500000,Protection;Shelter and Non-Food Items,Internally displaced persons,"{""projectgrouping"":[]}",Funded,2026-08-05T00:00:00,Natural Disaster,Natural Disaster,Latin America and the Caribbean,Central America,Americas,HRP,"{""projectcapcode"":[]}","{""ProjectCountry"":[{""projectID"":40057,""countryCode"":""VEN"",""countryPercent"":100.0,""totalBudget"":2500000.0}]}",Natural Disaster,1738,1577,3315,4856,3829,6594,5406,8685,12000,2026-06-25T00:00:00,2026-12-24T00:00:00,2026-08-05T00:00:00,2026-08-12T00:00:00,1,5,4,GAM
P,Under Implementation,"The main objective of this project is to provide vital Sexual and Reproductive Health services and Gender-Based Violence response services to vulnerable women and girls affected by the June 2026 earthquakes in La Guaira, Miranda, and the Capital District. This UNFPA project provides mobile prenatal and SRH care alongside essential medicines and emergency reproductive health kits; delivers confidential, survivor-centred GBV case management and psychosocial support through fixed, mobile, and remote services; and distributes menstrual hygiene and dignity kits with information on GBV risk mitigation and available services. The project provides life-saving assistance to 55,599 people, including 42,158 women, 4,396 men, and 9,045 children.",40058,2026,CERF-VEN-26-RR-FPA-40058,"Provision of life-saving prevention, response, and support services related to sexual and reproductive health, and gender-based violence for the most vulnerable women and adolescent girls in priority areas affected by the earthquake in La Guaira, Miran...",1555,CERF-VEN-26-RR-1555,3,Rapid Response,147,Venezuela,VEN,6,United Nations Population Fund,UNFPA,6,United Nations Population Fund,1,Earthquake,"{""projectsectors"":[{""tableName"":""P"",""projectID"":40058,""projectCode"":""CERF-VEN-26-RR-FPA-40058"",""sectorID"":20,""sectorName"":""Protection"",""cERFSectorName"":""Gender-Based Violence"",""sectorAmount"":1379317.84,""clusterName"":""Protection"",""iascSectorname"":""Gender Based Violence""},{""tableName"":""P"",""projectID"":40058,""projectCode"":""CERF-VEN-26-RR-FPA-40058"",""sectorID"":32,""sectorName"":""Health"",""cERFSectorName"":""Sexual and Reproductive Health"",""sectorAmount"":1619199.21,""clusterName"":""Health"",""iascSectorname"":""Health""}]}",2998517.05,Health;Protection,Internally displaced persons;Other affected persons,"{""projectgrouping"":[]}",Funded,2026-07-29T00:00:00,Natural Disaster,Natural Disaster,Latin America and the Caribbean,Central America,Americas,HRP,"{""projectcapcode"":[]}","{""ProjectCountry"":[{""projectID"":40058,""countryCode"":""VEN"",""countryPercent"":100.0,""totalBudget"":2998517.05}]}",Natural Disaster,8475,570,9045,42158,4396,50633,4966,46554,55599,2026-08-03T00:00:00,2027-02-02T00:00:00,2026-07-29T00:00:00,2026-08-03T00:00:00,1,5,4,GAM
P,Under Implementation,"The main objective of this project is to ensure timely access to adequate food for populations affected by the earthquakes in Venezuela, through emergency food assistance. This WFP project identifies and verifies earthquake-affected households for assistance; distributes emergency food rations to meet their essential food needs; and establishes community feedback mechanisms to receive, address, follow up on, and close beneficiary concerns. The project delivers life-saving assistance to 12,800 people, including 3,910 women, 3,032 men, and 5,858 children.",40059,2026,CERF-VEN-26-RR-WFP-40059,Restoring Food Security for Communities Affected by Venezuela's Twin Earthquakes,1555,CERF-VEN-26-RR-1555,3,Rapid Response,147,Venezuela,VEN,2,World Food Programme,WFP,2,World Food Programme,1,Earthquake,"{""projectsectors"":[{""tableName"":""P"",""projectID"":40059,""projectCode"":""CERF-VEN-26-RR-WFP-40059"",""sectorID"":8,""sectorName"":""Food Assistance"",""cERFSectorName"":""Food Aid"",""sectorAmount"":1999997.06,""clusterName"":""Food Aid"",""iascSectorname"":""Food Security""}]}",1999997.06,Food Assistance,Other affected persons,"{""projectgrouping"":[]}",Funded,2026-07-24T00:00:00,Natural Disaster,Natural Disaster,Latin America and the Caribbean,Central America,Americas,HRP,"{""projectcapcode"":[]}","{""ProjectCountry"":[{""projectID"":40059,""countryCode"":""VEN"",""countryPercent"":100.0,""totalBudget"":1999997.06}]}",Natural Disaster,2797,3061,5858,3910,3032,6707,6093,6942,12800,2026-07-20T00:00:00,2027-01-19T00:00:00,2026-07-24T00:00:00,2026-07-28T00:00:00,1,5,4,GAM
